-- MySQL dump 10.13  Distrib 5.7.18, for Linux (x86_64)
--
-- Host: localhost    Database: automotriz
-- ------------------------------------------------------
-- Server version	5.7.18-0ubuntu0.16.04.1

/*!40101 SET @OLD_CHARACTER_SET_CLIENT=@@CHARACTER_SET_CLIENT */;
/*!40101 SET @OLD_CHARACTER_SET_RESULTS=@@CHARACTER_SET_RESULTS */;
/*!40101 SET @OLD_COLLATION_CONNECTION=@@COLLATION_CONNECTION */;
/*!40101 SET NAMES utf8 */;
/*!40103 SET @OLD_TIME_ZONE=@@TIME_ZONE */;
/*!40103 SET TIME_ZONE='+00:00' */;
/*!40014 SET @OLD_UNIQUE_CHECKS=@@UNIQUE_CHECKS, UNIQUE_CHECKS=0 */;
/*!40014 SET @OLD_FOREIGN_KEY_CHECKS=@@FOREIGN_KEY_CHECKS, FOREIGN_KEY_CHECKS=0 */;
/*!40101 SET @OLD_SQL_MODE=@@SQL_MODE, SQL_MODE='NO_AUTO_VALUE_ON_ZERO' */;
/*!40111 SET @OLD_SQL_NOTES=@@SQL_NOTES, SQL_NOTES=0 */;

--
-- Table structure for table `estado_vehiculo`
--

DROP TABLE IF EXISTS `estado_vehiculo`;
/*!40101 SET @saved_cs_client     = @@character_set_client */;
/*!40101 SET character_set_client = utf8 */;
CREATE TABLE `estado_vehiculo` (
  `id` int(11) NOT NULL AUTO_INCREMENT,
  `nombre` varchar(45) NOT NULL,
  PRIMARY KEY (`id`)
) ENGINE=InnoDB AUTO_INCREMENT=4 DEFAULT CHARSET=latin1;
/*!40101 SET character_set_client = @saved_cs_client */;

--
-- Dumping data for table `estado_vehiculo`
--

LOCK TABLES `estado_vehiculo` WRITE;
/*!40000 ALTER TABLE `estado_vehiculo` DISABLE KEYS */;
INSERT INTO `estado_vehiculo` VALUES (1,'Funcional'),(2,'Mantenimiento'),(3,'Descompuesto');
/*!40000 ALTER TABLE `estado_vehiculo` ENABLE KEYS */;
UNLOCK TABLES;

--
-- Table structure for table `mantenimiento_respuestos`
--

DROP TABLE IF EXISTS `mantenimiento_respuestos`;
/*!40101 SET @saved_cs_client     = @@character_set_client */;
/*!40101 SET character_set_client = utf8 */;
CREATE TABLE `mantenimiento_respuestos` (
  `id` int(11) NOT NULL AUTO_INCREMENT,
  `tipo` int(11) NOT NULL,
  `mantenimiento_id` int(11) NOT NULL,
  `tecnico_id` int(11) NOT NULL,
  `fecha` date NOT NULL,
  `aprobado` int(11) NOT NULL DEFAULT '0',
  `vehiculo_id` int(11) NOT NULL,
  `usuario_id` int(11) DEFAULT NULL,
  `observacion` varchar(2048) DEFAULT NULL,
  `eliminado` int(11) DEFAULT '0',
  PRIMARY KEY (`id`)
) ENGINE=InnoDB AUTO_INCREMENT=21 DEFAULT CHARSET=latin1;
/*!40101 SET character_set_client = @saved_cs_client */;

--
-- Dumping data for table `mantenimiento_respuestos`
--

LOCK TABLES `mantenimiento_respuestos` WRITE;
/*!40000 ALTER TABLE `mantenimiento_respuestos` DISABLE KEYS */;
INSERT INTO `mantenimiento_respuestos` VALUES (1,1,1,65,'2017-07-24',1,63,71,'especificar',1),(2,1,8,65,'2017-07-24',1,63,71,NULL,1),(3,1,2,65,'2017-07-24',0,63,NULL,NULL,1),(4,1,3,65,'2017-07-24',1,63,71,NULL,1),(5,1,6,65,'2017-07-24',0,63,NULL,NULL,1),(6,1,4,65,'2017-07-24',0,63,NULL,NULL,1),(7,1,5,65,'2017-07-24',0,63,NULL,NULL,1),(8,1,7,65,'2017-07-24',0,63,NULL,NULL,0),(9,1,9,65,'2017-07-24',0,63,NULL,NULL,0),(10,1,10,65,'2017-07-24',0,63,NULL,NULL,0),(11,1,11,65,'2017-07-24',0,63,NULL,NULL,0),(12,1,12,65,'2017-07-24',0,63,NULL,NULL,0),(13,1,13,65,'2017-07-24',0,63,NULL,NULL,0),(14,1,14,65,'2017-07-24',0,63,NULL,NULL,0),(15,1,22,65,'2017-07-24',0,63,NULL,NULL,0),(16,1,26,65,'2017-07-25',0,1,NULL,NULL,1),(17,1,27,65,'2017-07-27',1,1,71,NULL,0),(18,2,3,65,'2017-07-27',0,12,NULL,NULL,0),(19,1,33,66,'2017-07-27',0,12,NULL,NULL,0),(20,1,29,65,'2017-07-28',0,1,NULL,NULL,0);
/*!40000 ALTER TABLE `mantenimiento_respuestos` ENABLE KEYS */;
UNLOCK TABLES;

--
-- Table structure for table `medida_repuesto`
--

DROP TABLE IF EXISTS `medida_repuesto`;
/*!40101 SET @saved_cs_client     = @@character_set_client */;
/*!40101 SET character_set_client = utf8 */;
CREATE TABLE `medida_repuesto` (
  `id` int(11) NOT NULL AUTO_INCREMENT,
  `nombre` varchar(512) NOT NULL,
  `eliminado` int(11) NOT NULL,
  PRIMARY KEY (`id`)
) ENGINE=InnoDB AUTO_INCREMENT=4 DEFAULT CHARSET=latin1;
/*!40101 SET character_set_client = @saved_cs_client */;

--
-- Dumping data for table `medida_repuesto`
--

LOCK TABLES `medida_repuesto` WRITE;
/*!40000 ALTER TABLE `medida_repuesto` DISABLE KEYS */;
INSERT INTO `medida_repuesto` VALUES (1,'Galones 1',1),(2,'Litro',0),(3,'Pieza',0);
/*!40000 ALTER TABLE `medida_repuesto` ENABLE KEYS */;
UNLOCK TABLES;

--
-- Table structure for table `novedad`
--

DROP TABLE IF EXISTS `novedad`;
/*!40101 SET @saved_cs_client     = @@character_set_client */;
/*!40101 SET character_set_client = utf8 */;
CREATE TABLE `novedad` (
  `id` int(11) NOT NULL AUTO_INCREMENT,
  `vehiculo_id` int(11) NOT NULL,
  `problema` varchar(1204) NOT NULL,
  `causa` varchar(1024) DEFAULT NULL,
  `solucion` varchar(1024) DEFAULT NULL,
  `proceso` varchar(1024) DEFAULT NULL,
  `elementos` varchar(1024) DEFAULT NULL,
  `observaciones` varchar(1024) DEFAULT NULL,
  `tecnico_asigna` int(11) DEFAULT NULL,
  `supervisor_id` int(11) DEFAULT NULL,
  `tecnico_repara` int(11) DEFAULT NULL,
  `usuario_registra` int(11) NOT NULL,
  `tiempo_ejecucion` varchar(128) DEFAULT NULL,
  `fecha_ingreso` date DEFAULT NULL,
  `fecha_atencion` date DEFAULT NULL,
  `atendido` tinyint(4) NOT NULL DEFAULT '0',
  `kilometraje` int(11) NOT NULL,
  `tipo_falla_id` int(11) DEFAULT '0',
  `eliminado` int(11) DEFAULT '0',
  PRIMARY KEY (`id`),
  KEY `fk_novedad_vehiculo1_idx` (`vehiculo_id`),
  CONSTRAINT `fk_novedad_vehiculo1` FOREIGN KEY (`vehiculo_id`) REFERENCES `vehiculo` (`id`) ON DELETE NO ACTION ON UPDATE NO ACTION
) ENGINE=InnoDB AUTO_INCREMENT=4 DEFAULT CHARSET=latin1;
/*!40101 SET character_set_client = @saved_cs_client */;

--
-- Dumping data for table `novedad`
--

LOCK TABLES `novedad` WRITE;
/*!40000 ALTER TABLE `novedad` DISABLE KEYS */;
INSERT INTO `novedad` VALUES (1,63,'El vehículo no enciende normalmente','Desconocido','Revisar el encendido del vehículo','1. Apagar el vehículo 2. Revisar conexiones  3. dar solución ','1. Taype 2. estilete 3. Multimetro','',65,1,65,72,'1h','2017-07-24','2017-07-24',1,200,1,1),(2,64,'Direccionales dañados','Desconocido','Revisión del cableado',NULL,NULL,NULL,65,1,NULL,73,NULL,'2017-07-24',NULL,0,300,0,1),(3,12,'prueba','asasas','qsasasas',NULL,NULL,NULL,65,1,NULL,2,NULL,'2017-07-27',NULL,0,55151,0,0);
/*!40000 ALTER TABLE `novedad` ENABLE KEYS */;
UNLOCK TABLES;

--
-- Table structure for table `orden_plan`
--

DROP TABLE IF EXISTS `orden_plan`;
/*!40101 SET @saved_cs_client     = @@character_set_client */;
/*!40101 SET character_set_client = utf8 */;
CREATE TABLE `orden_plan` (
  `id` int(11) NOT NULL AUTO_INCREMENT,
  `vehiculo_plan_id` int(11) NOT NULL,
  `fecha_emision` date NOT NULL,
  `tecnico_asignado` int(11) NOT NULL,
  `fecha_atencion` date DEFAULT NULL,
  `tiempo_ejecucion` varchar(64) DEFAULT NULL,
  `observacion` varchar(1024) DEFAULT NULL,
  `tecnico_atiende` int(11) DEFAULT NULL,
  `atendido` int(11) DEFAULT '0',
  `kilometraje` int(11) DEFAULT NULL,
  `eliminado` int(11) DEFAULT '0',
  PRIMARY KEY (`id`),
  KEY `fk_orden_plan_vehiculo_plan1_idx` (`vehiculo_plan_id`),
  CONSTRAINT `fk_orden_plan_vehiculo_plan1` FOREIGN KEY (`vehiculo_plan_id`) REFERENCES `vehiculo_plan` (`id`) ON DELETE NO ACTION ON UPDATE NO ACTION
) ENGINE=InnoDB AUTO_INCREMENT=35 DEFAULT CHARSET=latin1;
/*!40101 SET character_set_client = @saved_cs_client */;

--
-- Dumping data for table `orden_plan`
--

LOCK TABLES `orden_plan` WRITE;
/*!40000 ALTER TABLE `orden_plan` DISABLE KEYS */;
INSERT INTO `orden_plan` VALUES (1,1,'2017-07-24',65,'2017-07-24','45 min','',65,1,5100,1),(2,4,'2017-07-24',65,NULL,NULL,NULL,NULL,0,0,1),(3,5,'2017-07-24',65,NULL,NULL,NULL,NULL,0,0,1),(4,6,'2017-07-24',65,NULL,NULL,NULL,NULL,0,0,1),(5,7,'2017-07-24',65,NULL,NULL,NULL,NULL,0,0,1),(6,8,'2017-07-24',65,NULL,NULL,NULL,NULL,0,0,1),(7,10,'2017-07-24',65,NULL,NULL,NULL,NULL,0,0,1),(8,1,'2017-07-24',65,NULL,NULL,NULL,NULL,0,0,1),(9,15,'2017-07-24',65,NULL,NULL,NULL,NULL,0,0,1),(10,17,'2017-07-24',65,NULL,NULL,NULL,NULL,0,0,1),(11,18,'2017-07-24',65,NULL,NULL,NULL,NULL,0,0,1),(12,19,'2017-07-24',65,NULL,NULL,NULL,NULL,0,0,1),(13,21,'2017-07-24',65,NULL,NULL,NULL,NULL,0,0,1),(14,22,'2017-07-24',65,NULL,NULL,NULL,NULL,0,0,1),(15,23,'2017-07-24',65,NULL,NULL,NULL,NULL,0,0,1),(16,25,'2017-07-24',65,NULL,NULL,NULL,NULL,0,0,1),(17,26,'2017-07-24',65,NULL,NULL,NULL,NULL,0,0,1),(18,27,'2017-07-24',65,NULL,NULL,NULL,NULL,0,0,1),(19,28,'2017-07-24',65,NULL,NULL,NULL,NULL,0,0,1),(20,29,'2017-07-24',65,NULL,NULL,NULL,NULL,0,0,1),(21,30,'2017-07-24',65,NULL,NULL,NULL,NULL,0,0,1),(22,31,'2017-07-24',65,NULL,NULL,NULL,NULL,0,0,1),(23,32,'2017-07-24',65,NULL,NULL,NULL,NULL,0,0,1),(24,33,'2017-07-24',65,NULL,NULL,NULL,NULL,0,0,1),(26,34,'2017-07-25',65,NULL,NULL,NULL,NULL,0,NULL,1),(27,37,'2017-07-25',65,'2017-07-27','2 horas','asasasas',65,1,94000,0),(28,38,'2017-07-25',65,NULL,NULL,NULL,NULL,0,NULL,0),(29,39,'2017-07-25',65,NULL,NULL,NULL,NULL,0,NULL,0),(30,40,'2017-07-25',65,NULL,NULL,NULL,NULL,0,NULL,0),(31,41,'2017-07-25',65,NULL,NULL,NULL,NULL,0,NULL,0),(32,43,'2017-07-25',65,NULL,NULL,NULL,NULL,0,NULL,0),(33,67,'2017-07-27',66,NULL,NULL,NULL,NULL,0,NULL,0),(34,79,'2017-07-27',66,NULL,NULL,NULL,NULL,0,NULL,0);
/*!40000 ALTER TABLE `orden_plan` ENABLE KEYS */;
UNLOCK TABLES;

--
-- Table structure for table `orden_repuesto`
--

DROP TABLE IF EXISTS `orden_repuesto`;
/*!40101 SET @saved_cs_client     = @@character_set_client */;
/*!40101 SET character_set_client = utf8 */;
CREATE TABLE `orden_repuesto` (
  `id` int(11) NOT NULL AUTO_INCREMENT,
  `repuesto_id` int(11) NOT NULL,
  `mantenimineto_respuesto_id` int(11) NOT NULL,
  `cantidad` decimal(5,2) NOT NULL,
  PRIMARY KEY (`id`)
) ENGINE=InnoDB AUTO_INCREMENT=17 DEFAULT CHARSET=latin1;
/*!40101 SET character_set_client = @saved_cs_client */;

--
-- Dumping data for table `orden_repuesto`
--

LOCK TABLES `orden_repuesto` WRITE;
/*!40000 ALTER TABLE `orden_repuesto` DISABLE KEYS */;
INSERT INTO `orden_repuesto` VALUES (1,176,1,1.00),(2,3,2,12.00),(3,4,3,5.00),(4,165,2,2.00),(5,4,2,4.00),(6,16,2,6.00),(7,11,2,9.00),(8,15,3,5.00),(9,6,3,3.00),(10,1,16,1.00),(11,165,16,1.50),(12,1,17,2.00),(13,3,19,3.00),(14,181,18,2.00),(15,180,18,3.00),(16,180,20,1.00);
/*!40000 ALTER TABLE `orden_repuesto` ENABLE KEYS */;
UNLOCK TABLES;

--
-- Table structure for table `plan_mantenimiento`
--

DROP TABLE IF EXISTS `plan_mantenimiento`;
/*!40101 SET @saved_cs_client     = @@character_set_client */;
/*!40101 SET character_set_client = utf8 */;
CREATE TABLE `plan_mantenimiento` (
  `id` int(11) NOT NULL AUTO_INCREMENT,
  `tiempo_ejecucion` varchar(64) NOT NULL,
  `estado_maquina` tinyint(4) NOT NULL,
  `herramientas` varchar(256) NOT NULL,
  `materiales` varchar(256) NOT NULL,
  `equipo` varchar(256) DEFAULT NULL,
  `procedimiento` text NOT NULL,
  `observaciones` varchar(2048) NOT NULL,
  `tarea` varchar(1024) NOT NULL,
  `tecnico_id` int(11) NOT NULL,
  `tipo_id` int(11) NOT NULL,
  `unidad_id` int(11) NOT NULL,
  `unidad_numero` int(11) NOT NULL,
  `alerta_numero` int(11) NOT NULL,
  `eliminado` tinyint(4) NOT NULL DEFAULT '0',
  `url` varchar(512) DEFAULT NULL,
  PRIMARY KEY (`id`)
) ENGINE=InnoDB AUTO_INCREMENT=201 DEFAULT CHARSET=latin1;
/*!40101 SET character_set_client = @saved_cs_client */;

--
-- Dumping data for table `plan_mantenimiento`
--

LOCK TABLES `plan_mantenimiento` WRITE;
/*!40000 ALTER TABLE `plan_mantenimiento` DISABLE KEYS */;
INSERT INTO `plan_mantenimiento` VALUES (1,'',0,'','','','','','',0,0,0,0,0,0,'plan241416255.'),(2,'30 min',0,'<p>- Juego de llaves</p>\r\n\r\n<p>- Cadena de filtros de aceite</p>\r\n','<p>- guape</p>\r\n\r\n<p>- 1 filtro de aceite</p>\r\n\r\n<p>- aceite ( de acuerdo al veh&iacute;culo)</p>\r\n','','&lt;p&gt;&lt;strong&gt;1.-&lt;/strong&gt; Subir el veh&amp;iacute;culo a la rapa.&lt;/p&gt;\r\n\r\n&lt;p&gt;&lt;strong&gt;2.-&lt;/strong&gt; Abrir el tap&amp;oacute;n del Carter con llave adecuada y vaciar todo el aceite.&lt;/p&gt;\r\n\r\n&lt;p&gt;&lt;strong&gt;3.-&lt;/strong&gt; Con la llave de filtros quitar el filtro de aceite y sustituirlo de acuerdo a veh&amp;iacute;culo y su numeraci&amp;oacute;n del filtro.&lt;/p&gt;\r\n\r\n&lt;p&gt;&lt;strong&gt;4.-&lt;/strong&gt; Asegurar el tap&amp;oacute;n del c&amp;aacute;rter y ajustar el filtro de aceite.&lt;/p&gt;\r\n\r\n&lt;p&gt;&lt;strong&gt;5.-&lt;/strong&gt; Colocar el aceite al nivel indicado en la varillara de aceite.&lt;/p&gt;\r\n\r\n&lt;p&gt;&lt;strong&gt;6.-&lt;/strong&gt; Encender el veh&amp;iacute;culo y asegurarse que no exista fugas.&lt;/p&gt;','&lt;p&gt;La persona encargada de realizar las actividades de mantenimiento deber&amp;aacute; seguir los pasos cuidadosamente y contar con el equipo necesario de seguridad (Guantes, overol, gafas y mascarilla).&lt;/p&gt;','Cambio de aceite y filtro',65,9,9,5000,100,0,'plan826234366.pdf'),(3,'1h',0,'<p>ffffffffffffffffffffffffff</p>\r\n','<p>ffffffffffffffffffffff</p>\r\n','rrrrrrrrrrrrrrrrrrrrrr','&lt;p&gt;jjjjjjjjjjjjjjjjjjjjjjjjjjj&lt;/p&gt;','&lt;p&gt;hhhhhhhhhhhhhhhhhhhhh&lt;/p&gt;','yyyyyyyyyyyyyyy',65,9,9,200,10,1,'plan91573919.pdf'),(4,'30 Min',0,'<p>- Juego de llaves</p>\r\n\r\n<p>- Cadena de filtros de aceite</p>\r\n','<p>- guape</p>\r\n\r\n<p>- 1 filtro de aceite</p>\r\n\r\n<p>- aceite ( de acuerdo al veh&iacute;culo)</p>\r\n','','&lt;p&gt;&lt;strong&gt;1.-&lt;/strong&gt; Subir el veh&amp;iacute;culo a la rapa.&lt;/p&gt;\r\n\r\n&lt;p&gt;&lt;strong&gt;2.-&lt;/strong&gt; Abrir el tap&amp;oacute;n del Carter con llave adecuada y vaciar todo el aceite.&lt;/p&gt;\r\n\r\n&lt;p&gt;&lt;strong&gt;3.-&lt;/strong&gt; Con la llave de filtros quitar el filtro de aceite y sustituirlo de acuerdo a veh&amp;iacute;culo y su numeraci&amp;oacute;n del filtro.&lt;/p&gt;\r\n\r\n&lt;p&gt;&lt;strong&gt;4.-&lt;/strong&gt; Asegurar el tap&amp;oacute;n del c&amp;aacute;rter y ajustar el filtro de aceite.&lt;/p&gt;\r\n\r\n&lt;p&gt;&lt;strong&gt;5.-&lt;/strong&gt; Colocar el aceite al nivel indicado en la varillara de aceite.&lt;/p&gt;\r\n\r\n&lt;p&gt;&lt;strong&gt;6.-&lt;/strong&gt; Encender el veh&amp;iacute;culo y asegurarse que no exista fugas.&lt;/p&gt;','&lt;p&gt;La persona encargada de realizar las actividades de mantenimiento deber&amp;aacute; seguir los pasos cuidadosamente y contar con el equipo necesario de seguridad (Guantes, overol, gafas y mascarilla).&lt;/p&gt;','Cambio de aceite y filtro',66,10,10,5000,100,0,'plan1923520110.pdf'),(5,'30min',0,'<table cellspacing=\"0\" style=\"width:769px\">\r\n	<tbody>\r\n		<tr>\r\n			<td style=\"width:110.05pt\">\r\n			<p>-Juego de llaves</p>\r\n\r\n			<p>- llave de filtro de combustible</p>\r\n\r\n			<p>- juego de destornilladores</p>\r\n			</td>\r\n		</tr>\r\n	</tbody>\r\n</table>\r\n','<p>- filtros de combustibles</p>\r\n\r\n<p>-guape</p>\r\n\r\n<p>&nbsp;</p>\r\n','','&lt;p&gt;&amp;nbsp;&lt;/p&gt;\r\n\r\n&lt;p&gt;&lt;strong&gt;1.-&lt;/strong&gt; localizar los filtros de combustibles&lt;/p&gt;\r\n\r\n&lt;p&gt;&lt;strong&gt;2.-&lt;/strong&gt; Con llave de filtros de combustibles retirarlos&lt;/p&gt;\r\n\r\n&lt;p&gt;&lt;strong&gt;3.-&lt;/strong&gt; Colocar los nuevos filtros de combustibles.&lt;/p&gt;\r\n\r\n&lt;p&gt;&lt;strong&gt;4.-&lt;/strong&gt; colocar todos los protectores del filtro de combustible si es que lo tiene.&lt;/p&gt;\r\n\r\n&lt;p&gt;&lt;strong&gt;5.-&lt;/strong&gt; Encender el veh&amp;iacute;culo y revisar que no exista fugas de combustible.&lt;/p&gt;','&lt;p&gt;La persona encargada de realizar las actividades de mantenimiento deber&amp;aacute; seguir los pasos cuidadosamente y contar con el equipo necesario de seguridad (Guantes, overol, gafas y mascarilla).&lt;/p&gt;','Cambio de filtros de combustible',65,9,9,10000,100,0,'plan148085692.pdf'),(6,'30min',0,'<p>-Juego de llaves</p>\r\n\r\n<p>- Juego de destornilladores</p>\r\n\r\n<p>-Caja de herramientas de 1/4</p>\r\n','<p>-Filtros de aire.</p>\r\n\r\n<p>-guape.</p>\r\n','','&lt;p&gt;&lt;strong&gt;1.-&lt;/strong&gt; Localizar las ubicaciones de los filtros de aire.&lt;/p&gt;\r\n\r\n&lt;p&gt;&lt;strong&gt;2.-&lt;/strong&gt; Abrir las tuercas o tornillos que sujetan.&lt;/p&gt;\r\n\r\n&lt;p&gt;&lt;strong&gt;3.-&lt;/strong&gt; Sustituir los filtros y colocar adecuadamente.&lt;/p&gt;\r\n\r\n&lt;p&gt;&lt;strong&gt;4.-&lt;/strong&gt; Encender el vehicul&amp;oacute; y verificar que no exista vac&amp;iacute;os de aire.&lt;/p&gt;','&lt;p&gt;La persona encargada de realizar las actividades de mantenimiento deber&amp;aacute; seguir los pasos cuidadosamente y contar con el equipo necesario de seguridad (Guantes, overol, gafas y mascarilla).&lt;/p&gt;','Cambio de filtros de aire',65,9,9,10000,100,0,'plan2019130854.pdf'),(7,'30min',0,'<table cellspacing=\"0\" style=\"width:769px\">\r\n	<tbody>\r\n		<tr>\r\n			<td style=\"width:110.05pt\">\r\n			<p>-Juego de llaves</p>\r\n\r\n			<p>- Juego de destornilladores</p>\r\n\r\n			<p>-Alicates</p>\r\n\r\n			<p>Caja de herramientas de 1/4</p>\r\n			</td>\r\n		</tr>\r\n	</tbody>','<p>-Bandas de accesorio</p>\r\n\r\n<p>-bandas de distribuci&oacute;n</p>\r\n\r\n<p>-guaipe</p>\r\n','','&lt;p&gt;&lt;strong&gt;1.-&lt;/strong&gt; inspeccionar si tienes agrietamiento en la bandas remplazar si es necesario.&lt;/p&gt;\r\n\r\n&lt;p&gt;&lt;strong&gt;2.-&lt;/strong&gt; Revisar si las bandas est&amp;aacute;n flojas realizar el ajuste necesario.&lt;/p&gt;\r\n\r\n&lt;p&gt;&lt;strong&gt;3.-&lt;/strong&gt; las bandas de distribuci&amp;oacute;n abrir la tapa de protecci&amp;oacute;n e inspeccionar si tiene agrietamiento si es necesario remplazar&lt;/p&gt;\r\n\r\n&lt;p&gt;&amp;nbsp;4. En caso de ser de cadena la banda de distribuci&amp;oacute;n es muy poco probable que este mal.&lt;/p&gt;','&lt;p&gt;La persona encargada de realizar las actividades de mantenimiento deber&amp;aacute; seguir los pasos cuidadosamente y contar con el equipo necesario de seguridad (Guantes, overol, gafas y mascarilla).&lt;/p&gt;','Revisión de las bandas del motor',65,9,9,5000,100,0,'plan1716646596.pdf'),(8,'30 Min',0,'<p>-Juego de llaves</p>\r\n\r\n<p>- Juego de destornilladores</p>\r\n\r\n<p>-Caja de herramientas de 1/4</p>\r\n','<p>-Filtros de aire.</p>\r\n\r\n<p>-guape.</p>\r\n','','&lt;p&gt;&lt;strong&gt;1.-&lt;/strong&gt; Localizar las ubicaciones de los filtros de aire.&lt;/p&gt;\r\n\r\n&lt;p&gt;&lt;strong&gt;2.-&lt;/strong&gt; Abrir las tuercas o tornillos que sujetan.&lt;/p&gt;\r\n\r\n&lt;p&gt;&lt;strong&gt;3.-&lt;/strong&gt; Sustituir los filtros y colocar adecuadamente.&lt;/p&gt;\r\n\r\n&lt;p&gt;&lt;strong&gt;4.-&lt;/strong&gt; Encender el vehicul&amp;oacute; y verificar que no exista vac&amp;iacute;os de aire.&lt;/p&gt;','&lt;p&gt;La persona encargada de realizar las actividades de mantenimiento deber&amp;aacute; seguir los pasos cuidadosamente y contar con el equipo necesario de seguridad (Guantes, overol, gafas y mascarilla).&lt;/p&gt;','Cambio de filtros de aire primario y secundario',66,10,10,15000,100,0,'plan1850574698.pdf'),(9,'30 Min',0,'<p>-Juego de llaves</p>\r\n\r\n<p>- llave de filtro de combustible</p>\r\n\r\n<p>- juego de destornilladores</p>\r\n','<p>- filtros de combustibles</p>\r\n\r\n<p>-guape</p>\r\n','','&lt;p&gt;&lt;strong&gt;1.-&lt;/strong&gt; localizar los filtros de combustibles&lt;/p&gt;\r\n\r\n&lt;p&gt;&lt;strong&gt;2.-&lt;/strong&gt; Con llave de filtros de combustibles retirarlos&lt;/p&gt;\r\n\r\n&lt;p&gt;&lt;strong&gt;3.-&lt;/strong&gt; Colocar los nuevos filtros de combustibles.&lt;/p&gt;\r\n\r\n&lt;p&gt;&lt;strong&gt;4.-&lt;/strong&gt; Purgar el combustible con el fin que no quede aire en el sistema de alimentaci&amp;oacute;n.&lt;/p&gt;\r\n\r\n&lt;p&gt;&lt;strong&gt;5.-&lt;/strong&gt; Encender el veh&amp;iacute;culo y revisar que no exista fugas de combustible.&lt;/p&gt;','&lt;p&gt;La persona encargada de realizar las actividades de mantenimiento deber&amp;aacute; seguir los pasos cuidadosamente y contar con el equipo necesario de seguridad (Guantes, overol, gafas y mascarilla).&lt;/p&gt;','Cambio de filtro de combustible',66,10,10,15000,100,0,'plan428316191.pdf'),(10,'30min',0,'<p>-Juego de llaves</p>\r\n\r\n<p>- caja de herramientas de 1/2</p>\r\n\r\n<p>-calibrador de laminas</p>\r\n','<p>-Liquido de limpieza CARB CLEANER.</p>\r\n\r\n<p>- guaipe</p>\r\n\r\n<p>- 1 una brocha peque&ntilde;a.</p>\r\n','','&lt;p&gt;1.- Apagar el veh&amp;iacute;culo.&lt;/p&gt;\r\n\r\n&lt;p&gt;2.- Desconectar los terminales de la bobina en caso de ser bobinas COP caso contrario extraer los cables de alta tensi&amp;oacute;n.&lt;/p&gt;\r\n\r\n&lt;p&gt;3.- Extraer las buj&amp;iacute;as y revisar la distancia entre electrodos que la luz tenga 0.8 mm.&lt;/p&gt;\r\n\r\n&lt;p&gt;4.- Realizar una limpieza y colocar nuevamente.&lt;/p&gt;\r\n\r\n&lt;p&gt;5.- Con la Buj&amp;iacute;a limpia procedemos al colocar.&amp;nbsp;&amp;nbsp;&amp;nbsp;&amp;nbsp;&amp;nbsp;&amp;nbsp;&amp;nbsp;&amp;nbsp;&amp;nbsp;&amp;nbsp;&amp;nbsp;&amp;nbsp;&amp;nbsp;&amp;nbsp;&amp;nbsp;&amp;nbsp;&amp;nbsp;&amp;nbsp;&amp;nbsp;&amp;nbsp;&amp;nbsp;&amp;nbsp;&amp;nbsp;&amp;nbsp;&amp;nbsp;&amp;nbsp;&amp;nbsp;&amp;nbsp;&amp;nbsp;&amp;nbsp;&amp;nbsp;&amp;nbsp;&amp;nbsp;&amp;nbsp;&amp;nbsp;&amp;nbsp;&amp;nbsp;&amp;nbsp;&amp;nbsp;&amp;nbsp;&amp;nbsp;&amp;nbsp;&amp;nbsp;&amp;nbsp;&amp;nbsp;&amp;nbsp;&amp;nbsp;&lt;/p&gt;','&lt;p&gt;La persona encargada de realizar las actividades de mantenimiento deber&amp;aacute; seguir los pasos cuidadosamente y contar con el equipo necesario de seguridad (Guantes, overol, gafas y mascarilla).&lt;/p&gt;','Revisión de distancia entre electrodos',65,9,9,5000,100,0,'plan1048988802.pdf'),(11,'45Min',0,'<p>-Juego de llaves</p>\r\n\r\n<p>- Juego de destornilladores</p>\r\n\r\n<p>-Alicates</p>\r\n\r\n<p>Caja de herramientas de 1/4</p>\r\n','<p>-Bandas de accesorio</p>\r\n\r\n<p>-bandas de distribuci&oacute;n</p>\r\n\r\n<p>-guaipe</p>\r\n','','&lt;p&gt;&lt;strong&gt;1.-&lt;/strong&gt; inspeccionar si tienes agrietamiento en la bandas remplazar si es necesario.&lt;/p&gt;\r\n\r\n&lt;p&gt;&lt;strong&gt;2.-&lt;/strong&gt; Revisar si las bandas est&amp;aacute;n flojas realizar el ajuste necesario.&lt;/p&gt;\r\n\r\n&lt;p&gt;&lt;strong&gt;3.-&lt;/strong&gt; las bandas de distribuci&amp;oacute;n abrir la tapa de protecci&amp;oacute;n e inspeccionar si tiene agrietamiento si es necesario remplazar.&lt;/p&gt;','&lt;p&gt;La persona encargada de realizar las actividades de mantenimiento deber&amp;aacute; seguir los pasos cuidadosamente y contar con el equipo necesario de seguridad (Guantes, overol, gafas y mascarilla).&lt;/p&gt;','Revisión de las bandas del motor',66,10,10,35000,100,0,'plan1033048559.pdf'),(12,'1 Hora',0,'<p>-Juego de llaves</p>\r\n\r\n<p>- Juego de destornilladores</p>\r\n\r\n<p>-Alicates</p>\r\n','<p>- 1 cepillo de dientes o brocha peque&ntilde;a.</p>\r\n\r\n<p>-Liquido de limpieza o gasolina.</p>\r\n','','&lt;p&gt;&lt;strong&gt;1.-&lt;/strong&gt; Desconectar el negativo de la bater&amp;iacute;a.&lt;/p&gt;\r\n\r\n&lt;p&gt;&lt;strong&gt;2.-&lt;/strong&gt; Localizar la v&amp;aacute;lvula EGR en el veh&amp;iacute;culo.&lt;/p&gt;\r\n\r\n&lt;p&gt;&lt;strong&gt;3.-&lt;/strong&gt; Desconectar los conductos y conectores cuidadosamente procurando no romper nada.&lt;/p&gt;\r\n\r\n&lt;p&gt;&lt;strong&gt;4.-&lt;/strong&gt; Destornillar y quitar la v&amp;aacute;lvula EGR de su base con peque&amp;ntilde;os golpes cuidadosamente.&lt;/p&gt;\r\n\r\n&lt;p&gt;&lt;strong&gt;5.-&lt;/strong&gt; Sumergir la v&amp;aacute;lvula EGR durante una media hora en el l&amp;iacute;quido de limpieza pero tener cuidado de no sumergir los terminales el&amp;eacute;ctrico.&lt;/p&gt;\r\n\r\n&lt;p&gt;&lt;strong&gt;6.-&lt;/strong&gt; Con la brocha o cepillo de dientes remover las part&amp;iacute;culas que hayan quedado.&lt;/p&gt;\r\n\r\n&lt;p&gt;&lt;strong&gt;7.-&lt;/strong&gt;Con la v&amp;aacute;lvula EGR limpia procedemos al montaje.&amp;nbsp;&amp;nbsp;&amp;nbsp;&amp;nbsp;&amp;nbsp;&amp;nbsp;&amp;nbsp;&amp;nbsp;&amp;nbsp;&amp;nbsp;&amp;nbsp;&amp;nbsp;&amp;nbsp;&amp;nbsp;&amp;nbsp;&amp;nbsp;&amp;nbsp;&amp;nbsp;&amp;nbsp;&amp;nbsp;&amp;nbsp;&amp;nbsp;&amp;nbsp;&amp;nbsp;&amp;nbsp;&amp;nbsp;&amp;nbsp; &amp;nbsp;&amp;nbsp;&amp;nbsp;&amp;nbsp;&amp;nbsp;&amp;nbsp;&amp;nbsp;&amp;nbsp;&amp;nbsp;&amp;nbsp;&amp;nbsp;&amp;nbsp;&amp;nbsp;&amp;nbsp;&amp;nbsp;&amp;nbsp;&amp;nbsp;&amp;nbsp;&amp;nbsp;&amp;nbsp;&lt;/p&gt;','&lt;p&gt;La persona encargada de realizar las actividades de mantenimiento deber&amp;aacute; seguir los pasos cuidadosamente y contar con el equipo necesario de seguridad (Guantes, overol, gafas y mascarilla).&lt;/p&gt;','Revisión y limpieza de la válvula EGR',65,10,10,35000,100,0,'plan1283811699.pdf'),(13,'1 Hora',0,'<p>-Alicate</p>\r\n\r\n<p>- Compresor de aire</p>\r\n\r\n<p>-juego de llaves</p>\r\n\r\n<p>-juego de destornilladores</p>\r\n','<p>- Franela.</p>\r\n\r\n<p>- Guaipe</p>\r\n\r\n<p>- Liquido de limpieza o Gasolina</p>\r\n','','&lt;p&gt;&lt;strong&gt;1.-&lt;/strong&gt; Ubicar la v&amp;aacute;lvula PCV por lo generalmente se encuentra en la parte superior del block&lt;/p&gt;\r\n\r\n&lt;p&gt;&lt;strong&gt;2.-&lt;/strong&gt; Retirar con cuidado la manguera de la parte superior de la v&amp;aacute;lvula.&lt;/p&gt;\r\n\r\n&lt;p&gt;&lt;strong&gt;3.-&lt;/strong&gt; Con la franela envuelve la parte superior de la v&amp;aacute;lvula y con el alicate afloja las abrazaderas,&amp;nbsp; jala hacia arriba para poder sacar la v&amp;aacute;lvula.&lt;/p&gt;\r\n\r\n&lt;p&gt;&lt;strong&gt;4.-&lt;/strong&gt; Con aire a presi&amp;oacute;n sopla en la parte central de la v&amp;aacute;lvula para remover los residuos.&lt;/p&gt;\r\n\r\n&lt;p&gt;&lt;strong&gt;5.-&lt;/strong&gt; Lavar a presi&amp;oacute;n con gasolina por dentro y fuera de la v&amp;aacute;lvula.&lt;/p&gt;\r\n\r\n&lt;p&gt;&lt;strong&gt;6.-&lt;/strong&gt; Secar con aire a presi&amp;oacute;n tanto fuera como dentro de la v&amp;aacute;lvula.&lt;/p&gt;\r\n\r\n&lt;p&gt;&lt;strong&gt;7.-&lt;/strong&gt;Montaje de la v&amp;aacute;lvula en el block asegurar bien las abrazaderas con el alicate.&lt;/p&gt;\r\n\r\n&lt;p&gt;8.- Empujar bien la manguera y asegurar que haya entrado por completo.&lt;/p&gt;','&lt;p&gt;La persona encargada de realizar las actividades de mantenimiento deber&amp;aacute; seguir los pasos cuidadosamente y contar con el equipo necesario de seguridad (Guantes, overol, gafas y mascarilla).&lt;/p&gt;','Limpieza de la válvula de PCV',66,10,10,35000,100,0,'plan1058386762.pdf'),(14,'30min',0,'<table cellspacing=\"0\" style=\"width:769px\">\r\n	<tbody>\r\n		<tr>\r\n			<td style=\"width:106.3pt\">\r\n			<p>-Juego de llaves</p>\r\n\r\n			<p>- caja de herramientas de copas largas 1/2</p>\r\n			</td>\r\n		</tr>\r\n	</tbody>\r\n</table>\r\n','<table cellspacing=\"0\" style=\"width:769px\">\r\n	<tbody>\r\n		<tr>\r\n			<td style=\"width:152.6pt\">\r\n			<p>-Liquido de limpieza CARB CLEANER.</p>\r\n\r\n			<p>- guaipe</p>\r\n\r\n			<p>- 1 una brocha peque&ntilde;a.</p>\r\n\r\n			<p>- juego de buj&iacute;as</p>\r\n			</td>\r\n		','','&lt;table border=&quot;1&quot; cellspacing=&quot;0&quot; style=&quot;width:769px&quot;&gt;\r\n	&lt;tbody&gt;\r\n		&lt;tr&gt;\r\n			&lt;td style=&quot;width:202.55pt&quot;&gt;\r\n			&lt;p&gt;1.- Apagar el veh&amp;iacute;culo.&lt;/p&gt;\r\n\r\n			&lt;p&gt;2.- Desconectar los terminales de la bobina en caso de ser bobinas COP caso contrario extraer los cables de alta tensi&amp;oacute;n.&lt;/p&gt;\r\n\r\n			&lt;p&gt;3.- Extraer las buj&amp;iacute;as y revisar estanquidad entre la parte met&amp;aacute;lica y la porcelana&lt;/p&gt;\r\n\r\n			&lt;p&gt;4.- Realizar una limpieza si no existe estanquidad entre la parte met&amp;aacute;lica y la porcelana&lt;/p&gt;\r\n\r\n			&lt;p&gt;5.- Con la Buj&amp;iacute;a limpia procedemos al colocar.&amp;nbsp;&lt;/p&gt;\r\n\r\n			&lt;p&gt;6.- Si existe estanquidad sustituir las buj&amp;iacute;as.&amp;nbsp;&amp;nbsp;&amp;nbsp;&amp;nbsp;&amp;nbsp;&amp;nbsp;&amp;nbsp;&amp;nbsp;&amp;nbsp;&amp;nbsp;&amp;nbsp;&amp;nbsp;&amp;nbsp;&amp;nbsp;&amp;nbsp;&amp;nbsp;&amp;nbsp;&amp;nbsp;&amp;nbsp;&amp;nbsp;&amp;nbsp;&amp;nbsp;&amp;nbsp;&amp;nbsp;&amp;nbsp;&amp;nbsp;&amp;nbsp;&amp;nbsp;&amp;nbsp;&amp;nbsp;&amp;nbsp;&amp;nbsp;&amp;nbsp;&amp;nbsp;&amp;nbsp;&amp;nbsp;&amp;nbsp;&amp;nbsp;&amp;nbsp;&amp;nbsp;&amp;nbsp;&amp;nbsp;&amp;nbsp;&amp;nbsp;&amp;nbsp;&lt;/p&gt;\r\n			&lt;/td&gt;\r\n		&lt;/tr&gt;\r\n	&lt;/tbody&gt;\r\n&lt;/table&gt;','&lt;p&gt;La persona encargada de realizar las actividades de mantenimiento deber&amp;aacute; seguir los pasos cuidadosamente y contar con el equipo necesario de seguridad (Guantes, overol, gafas y mascarilla).&lt;/p&gt;','Revisión de estanquidad entre la parte metálica y la porcelana',65,9,9,5000,100,0,'plan1438215004.pdf'),(15,'8h',0,'<p>-Juego de llaves</p>\r\n\r\n<p>- caja de herramientas de copas 1/2</p>\r\n\r\n<p>-caja de herramientas de copas de 1/4</p>\r\n\r\n<p>- destornilladores estrella y plano</p>\r\n\r\n<p>-martillo de hule</p>\r\n\r\n<p>- una esp&aacute;tula</p>\r\n','<p>-juego de empaques</p>\r\n\r\n<p>-1 silic&oacute;n</p>\r\n\r\n<p>- guipe</p>\r\n\r\n<p>- gal&oacute;n de aceite( en caso de necesitar m&aacute;s completar con lo necesario)</p>\r\n\r\n<p>- tap&oacute;n del Carter nuevo (en caso de estar en mal estado)</p>\r\n','','&lt;p&gt;1.- Apagar el veh&amp;iacute;culo.&lt;/p&gt;\r\n\r\n&lt;p&gt;2.- Extraer el protector del Carter&lt;/p&gt;\r\n\r\n&lt;p&gt;3.- Revisar si existe fugas de aceite por la parte superior del Carter en caso de existir sacar el Carter realizar una limpieza y sustituir el empaque de Carter y colocar nuevamente.&lt;/p&gt;\r\n\r\n&lt;p&gt;4.- Revisar si existe fugas de aceite por el tap&amp;oacute;n del Carter en caso de existir remplazar el tap&amp;oacute;n del Carter.&lt;/p&gt;\r\n\r\n&lt;p&gt;5.- En la parte de tapa v&amp;aacute;lvulas revisar de igual manera en caso de existir fugas extraer la tapa v&amp;aacute;lvulas limpiar la tapa v&amp;aacute;lvulas y remplazar el empaque de tapa v&amp;aacute;lvulas&lt;/p&gt;\r\n\r\n&lt;p&gt;5.- Realizar un ajuste necesario tanto en la tapa v&amp;aacute;lvulas, el Carter&lt;/p&gt;\r\n\r\n&lt;p&gt;6.- completar el aceite al nivel indicado por la varilla.&lt;/p&gt;','&lt;p&gt;La persona encargada de realizar las actividades de mantenimiento deber&amp;aacute; seguir los pasos cuidadosamente y contar con el equipo necesario de seguridad (Guantes, overol, gafas y mascarilla).&lt;/p&gt;','Inspección visual de fugas de aceite',65,9,9,5000,100,0,'plan1139323960.pdf'),(16,'1 Hora',0,'<p>-Alicate</p>\r\n\r\n<p>- Playo</p>\r\n\r\n<p>- Juego de desarmadores</p>\r\n','<p>- Franela.</p>\r\n\r\n<p>- Guaipe</p>\r\n','','&lt;p&gt;&lt;strong&gt;1.-&lt;/strong&gt; En el filtro secundario de combustible aflojar el tornillo 1 de purga, accionar la palanca de la bomba hasta que el combustible deje de formar espuma y finalmente ajustar el tornillo de purga.&lt;/p&gt;\r\n\r\n&lt;p&gt;&lt;strong&gt;2.-&lt;/strong&gt; En el filtro secundario de combustible aflojar el tornillo 2 de purga, accionar la palanca de la bomba para que&amp;nbsp; el combustible&amp;nbsp; arrastre el aire de las tuber&amp;iacute;as y nuevamente ajustar el tornillo de purga 2.&lt;/p&gt;\r\n\r\n&lt;p&gt;&lt;strong&gt;3.-&lt;/strong&gt; El la bomba inyectora aflojar el tornillo 3 de purga, activar la palanca de la bomba nuevamente hasta que no haya aire y finalmente apretar el tornillo de purga.&lt;/p&gt;\r\n\r\n&lt;p&gt;&lt;strong&gt;4.-&lt;/strong&gt; Finalmente el purgado en los inyectores para ello arrancar el veh&amp;iacute;culo y acelerar suavemente para que salga todo el aire.&lt;/p&gt;','&lt;p&gt;La persona encargada de realizar las actividades de mantenimiento deber&amp;aacute; seguir los pasos cuidadosamente y contar con el equipo necesario de seguridad (Guantes, overol, gafas y mascarilla).&lt;/p&gt;','Limpieza de la válvula de purga de aire',66,10,10,20000,100,0,'plan276510888.pdf'),(17,'3h',0,'<p>-Juego de llaves</p>\r\n\r\n<p>- caja de herramientas 1/2</p>\r\n\r\n<p>-juego de herramientas de &frac14;</p>\r\n\r\n<p>- Un taqu&iacute;metro</p>\r\n','<p>-Empaque de base del filtro</p>\r\n\r\n<p>- guaipe</p>\r\n\r\n<p>- Silic&oacute;n</p>\r\n','','&lt;p&gt;1.- Apagar el veh&amp;iacute;culo.&lt;/p&gt;\r\n\r\n&lt;p&gt;2.- Quitar el protector del Carter dejar la parte del base del filtro lo m&amp;aacute;s visible y manipulable posible.&lt;/p&gt;\r\n\r\n&lt;p&gt;3.- Con un torqui metro dar un torque de 10lbs luego 20, hasta llegar 30lbs.&lt;/p&gt;\r\n\r\n&lt;p&gt;4.- En caso de fugas por la base del filtro extraer la base del filtro, realizar una limpieza con un guaipe y remplazar el empaque de base del filtro.&lt;/p&gt;\r\n\r\n&lt;p&gt;&amp;nbsp;5.- Colocar correctamente con una capa de silic&amp;oacute;n.&lt;/p&gt;\r\n\r\n&lt;p&gt;6.- Dar un torque de 30lbs&amp;nbsp;&amp;nbsp;&amp;nbsp;&amp;nbsp;&amp;nbsp;&amp;nbsp;&amp;nbsp;&amp;nbsp;&amp;nbsp;&amp;nbsp;&amp;nbsp;&amp;nbsp;&amp;nbsp;&amp;nbsp;&amp;nbsp;&amp;nbsp;&amp;nbsp;&amp;nbsp;&amp;nbsp;&amp;nbsp;&amp;nbsp;&amp;nbsp;&amp;nbsp;&amp;nbsp;&amp;nbsp;&amp;nbsp;&amp;nbsp;&amp;nbsp;&amp;nbsp;&amp;nbsp;&amp;nbsp;&amp;nbsp;&amp;nbsp;&amp;nbsp;&amp;nbsp;&amp;nbsp;&amp;nbsp;&amp;nbsp;&amp;nbsp;&amp;nbsp;&amp;nbsp;&amp;nbsp;&amp;nbsp;&amp;nbsp;&amp;nbsp;&amp;nbsp;&amp;nbsp;&lt;/p&gt;','&lt;p&gt;La persona encargada de realizar las actividades de mantenimiento deber&amp;aacute; seguir los pasos cuidadosamente y contar con el equipo necesario de seguridad (Guantes, overol, gafas y mascarilla).&lt;/p&gt;','Revisión del torque adecuado del filtro de aceite',65,9,9,5000,100,0,'plan251979920.pdf'),(18,'3Hora',0,'<table cellspacing=\"0\" style=\"width:769px\">\r\n	<tbody>\r\n		<tr>\r\n			<td style=\"width:106.3pt\">\r\n			<p>-Juego de llaves</p>\r\n\r\n			<p>- caja de herramientas 1/2</p>\r\n\r\n			<p>-caja de herramientas de 1/4.</p>\r\n\r\n			<p>- destornillador plano</p>\r\n\r\n			<p>- desto','<p>- una banda de distribuci&oacute;n</p>\r\n\r\n<p>- guaipe</p>\r\n\r\n<p>- una brocha peque&ntilde;a.</p>\r\n','','&lt;table border=&quot;1&quot; cellspacing=&quot;0&quot; style=&quot;width:769px&quot;&gt;\r\n	&lt;tbody&gt;\r\n		&lt;tr&gt;\r\n			&lt;td style=&quot;width:202.55pt&quot;&gt;\r\n			&lt;p&gt;1.- Apagar el veh&amp;iacute;culo.&lt;/p&gt;\r\n\r\n			&lt;p&gt;2.- Extraer las bandas de accesorios&lt;/p&gt;\r\n\r\n			&lt;p&gt;3.- Desmontar la tapa de la banda de distribuidor&lt;/p&gt;\r\n\r\n			&lt;p&gt;4.- Colocar punto a punto tanto el engranaje de cig&amp;uuml;e&amp;ntilde;al con el &amp;aacute;rbol de levas.&lt;/p&gt;\r\n\r\n			&lt;p&gt;5.- Revisar la banda de distribuci&amp;oacute;n en caso de que se encuentre en mal estado continuar a los siguientes &amp;iacute;tems.&lt;/p&gt;\r\n\r\n			&lt;p&gt;6.- Colocar la palanca de cambios en 5 pisar el freno mientras otra persona afloja el perno que sujeta la polea del cig&amp;uuml;e&amp;ntilde;al.&lt;/p&gt;\r\n\r\n			&lt;p&gt;7.- Aflojar la polea tensora extraer la banda.&lt;/p&gt;\r\n\r\n			&lt;p&gt;8.- remplazar la nueva banda&lt;/p&gt;\r\n\r\n			&lt;p&gt;9.-Templar la banda&lt;/p&gt;\r\n\r\n			&lt;p&gt;10.-Revisar el punto a punto est&amp;eacute;n coincidiendo entre el &amp;aacute;rbol de levas y el cig&amp;uuml;e&amp;ntilde;al.&lt;/p&gt;\r\n\r\n			&lt;p&gt;11.- Ajustar el perno de la polea de cig&amp;uuml;e&amp;ntilde;al&lt;/p&gt;\r\n\r\n			&lt;p&gt;y ensamblar nuevamente las piezas extra&amp;iacute;das&lt;/p&gt;\r\n			&lt;/td&gt;\r\n		&lt;/tr&gt;\r\n	&lt;/tbody&gt;\r\n&lt;/table&gt;','&lt;p&gt;La persona encargada de realizar las actividades de mantenimiento deber&amp;aacute; seguir los pasos cuidadosamente y contar con el equipo necesario de seguridad (Guantes, overol, gafas y mascarilla).&lt;/p&gt;','Revisión de la banda distribución',65,9,9,20000,100,0,'plan1754146014.pdf'),(19,'1 Hora',0,'<p>-Alicate</p>\r\n\r\n<p>- Desarmadores</p>\r\n\r\n<p>- Playo</p>\r\n','<p>- Franela.</p>\r\n\r\n<p>- Guaipe</p>\r\n\r\n<p>- 1 manguito de turbo</p>\r\n','','&lt;p&gt;&lt;strong&gt;1.-&lt;/strong&gt; Revisar si en el manguito si est&amp;aacute; desarrollando fugas o grietas en caso de presentar las aver&amp;iacute;as cambiar.&lt;/p&gt;\r\n\r\n&lt;p&gt;&lt;strong&gt;2.-&lt;/strong&gt; Para cambiar el manguito abrir las abrazaderas con un desarmador.&lt;/p&gt;\r\n\r\n&lt;p&gt;&lt;strong&gt;3.-&lt;/strong&gt; Retirar el manguito limpiar las uniones.&lt;/p&gt;\r\n\r\n&lt;p&gt;&lt;strong&gt;4.-&lt;/strong&gt; Colocar el manguito nuevo.&lt;/p&gt;\r\n\r\n&lt;p&gt;&lt;strong&gt;5.-&lt;/strong&gt; Asegurar las abrazaderas con el desarmador.&lt;/p&gt;','&lt;p&gt;La persona encargada de realizar las actividades de mantenimiento deber&amp;aacute; seguir los pasos cuidadosamente y contar con el equipo necesario de seguridad (Guantes, overol, gafas y mascarilla).&lt;/p&gt;','Revisión - cambio del manguito del turbo ',66,10,10,30000,100,0,'plan1528935449.pdf'),(20,'1 Hora',0,'<p>-Juego de llaves</p>\r\n\r\n<p>- caja de herramientas 1/2</p>\r\n\r\n<p>-Destornillador plano</p>\r\n\r\n<p>- destornillador estrella</p>\r\n','<p>-una banda de accesorio.</p>\r\n\r\n<p>- guaipe</p>\r\n','','&lt;p&gt;1.- Apagar el veh&amp;iacute;culo.&lt;/p&gt;\r\n\r\n&lt;p&gt;2.- Aflojar las bandas y revisar si tiene agrietamiento en caso de sustituir.&lt;/p&gt;\r\n\r\n&lt;p&gt;3.- Remplazar la nueva banda de accesorios&lt;/p&gt;\r\n\r\n&lt;p&gt;4.-Realizar el tensado de la banda adecuado&lt;/p&gt;','&lt;p&gt;La persona encargada de realizar las actividades de mantenimiento deber&amp;aacute; seguir los pasos cuidadosamente y contar con el equipo necesario de seguridad (Guantes, overol, gafas y mascarilla).&lt;/p&gt;','Revisión de la banda de accesorios',65,9,9,2000,100,0,'plan2116685793.pdf'),(21,'1 Hora',0,'<p>-Compresor de aire</p>\r\n\r\n<p>- Desarmadores</p>\r\n\r\n<p>- Playo</p>\r\n','<p>- Guaipe</p>\r\n\r\n<p>-aire comprimido</p>\r\n','','&lt;p&gt;&lt;strong&gt;1.-&lt;/strong&gt; Localizar la ubicaci&amp;oacute;n de toma de aire del turbo.&lt;/p&gt;\r\n\r\n&lt;p&gt;&lt;strong&gt;2.-&lt;/strong&gt; Con la ayuda de un destornillador retirar la toma de aire para su limpieza.&lt;/p&gt;\r\n\r\n&lt;p&gt;&lt;strong&gt;3.-&lt;/strong&gt; Con un compresor de aire se procede a limpiar la toma de aire.&lt;/p&gt;\r\n\r\n&lt;p&gt;&lt;strong&gt;4.-&lt;/strong&gt; Limpiar la base de la toma de aire.&lt;/p&gt;\r\n\r\n&lt;p&gt;&lt;strong&gt;5.-&lt;/strong&gt; Colocar la toma de aire adecuadamente y asegurar con el destornillador.&lt;/p&gt;','&lt;p&gt;La persona encargada de realizar las actividades de mantenimiento deber&amp;aacute; seguir los pasos cuidadosamente y contar con el equipo necesario de seguridad (Guantes, overol, gafas y mascarilla).&lt;/p&gt;','Revisión y limpieza de toma de aire del turbo',66,10,10,25000,100,0,'plan1472716087.pdf'),(22,'1 Hora',0,'<p>-Recipiente de una capacidad mayor a 10 litros.</p>\r\n\r\n<p>- Juego de copas de veh&iacute;culos.</p>\r\n\r\n<p>- Juego de desarmadores</p>\r\n','<p>- Guaipe</p>\r\n\r\n<p>- Silic&oacute;n</p>\r\n\r\n<p>- Junta o empaque</p>\r\n\r\n<p>- Gasolina</p>\r\n\r\n<p>-Aceite del motor</p>\r\n\r\n<p>-Filtro de aceite</p>\r\n','','&lt;p&gt;&lt;strong&gt;1.-&lt;/strong&gt; Vaciar todo el aceite del motor.&lt;/p&gt;\r\n\r\n&lt;p&gt;&lt;strong&gt;2.-&lt;/strong&gt; Abrir los pernos del Carter en diagonal&lt;/p&gt;\r\n\r\n&lt;p&gt;&lt;strong&gt;3.-&lt;/strong&gt; Antes de abrir los dos &amp;uacute;ltimos pernos sostener el Carter con un guaipe y luego abrirlos&lt;/p&gt;\r\n\r\n&lt;p&gt;4.- Con el Carter desmontado limpiar bien el silic&amp;oacute;n de las uniones.&lt;/p&gt;\r\n\r\n&lt;p&gt;&lt;strong&gt;5.-&lt;/strong&gt; Limpiar todo el aceite del Carter con gasolina y dejarlo totalmente limpio&lt;/p&gt;\r\n\r\n&lt;p&gt;&lt;strong&gt;6.-&lt;/strong&gt; Colocar el silic&amp;oacute;n en las uniones y el empaque.&lt;/p&gt;\r\n\r\n&lt;p&gt;&lt;strong&gt;7.-&lt;/strong&gt; Montaje del Carter ajustando los pernos en diagonal.&lt;/p&gt;\r\n\r\n&lt;p&gt;&lt;strong&gt;8.-&lt;/strong&gt; Dejar secar bien una vez montado el Carter.&lt;/p&gt;\r\n\r\n&lt;p&gt;&lt;strong&gt;9.-&lt;/strong&gt; Cambiar el filtro y llenar de aceite en el motor.&lt;/p&gt;\r\n\r\n&lt;p&gt;&lt;strong&gt;10.-&lt;/strong&gt; Revisar el nivel del aceite.&lt;/p&gt;','&lt;p&gt;La persona encargada de realizar las actividades de mantenimiento deber&amp;aacute; seguir los pasos cuidadosamente y contar con el equipo necesario de seguridad (Guantes, overol, gafas y mascarilla).&lt;/p&gt;','Cambio de juntas o empaques del Carter',66,10,10,35000,100,0,'plan928364246.pdf'),(23,'1 Hora',0,'<p>- Juego de copas de veh&iacute;culos.</p>\r\n\r\n<p>- Juego de desarmadores</p>\r\n\r\n<p>- Juego de llaves</p>\r\n','<p>- Guaipe</p>\r\n\r\n<p>- Silic&oacute;n</p>\r\n\r\n<p>- Junta o empaque especial de la base de bayoneta.</p>\r\n\r\n<p>- Gasolina</p>\r\n','','&lt;p&gt;&lt;strong&gt;1.-&lt;/strong&gt; Mediante las llaves o copas sacar la base de la bayoneta.&lt;/p&gt;\r\n\r\n&lt;p&gt;&lt;strong&gt;2.-&lt;/strong&gt; Limpian bien la base de la bayoneta y el asiento de la base.&lt;/p&gt;\r\n\r\n&lt;p&gt;&lt;strong&gt;3.-&lt;/strong&gt;Lavar la base con gasolina y secarlo.&lt;/p&gt;\r\n\r\n&lt;p&gt;4.- Colocar el silic&amp;oacute;n en las uniones y luego el empaque&lt;/p&gt;\r\n\r\n&lt;p&gt;&lt;strong&gt;5.-&lt;/strong&gt; Colocar la base en el asiento y ajustar los pernos adecuadamente.&lt;/p&gt;\r\n\r\n&lt;p&gt;&lt;strong&gt;6.-&lt;/strong&gt; Esperar unos 30 minutos a que se seque bien el silic&amp;oacute;n.&lt;/p&gt;','&lt;p&gt;La persona encargada de realizar las actividades de mantenimiento deber&amp;aacute; seguir los pasos cuidadosamente y contar con el equipo necesario de seguridad (Guantes, overol, gafas y mascarilla).&lt;/p&gt;','Cambio de juntas o empaques de la base de la bayoneta de aceite',66,10,10,20000,100,0,'plan1316141400.pdf'),(24,'1 Hora',0,'<p>- Juego de copas de veh&iacute;culos.</p>\r\n\r\n<p>- Juego de desarmadores</p>\r\n\r\n<p>- Juego de llaves</p>\r\n\r\n<p>- Gata hidr&aacute;ulica</p>\r\n\r\n<p>- Recipiente para el aceite de motor con una capacidad de m&aacute;s de 10 litros</p>\r\n','<p>- Guaipe</p>\r\n\r\n<p>- Silic&oacute;n</p>\r\n\r\n<p>- Junta o empaque</p>\r\n\r\n<p>- Gasolina</p>\r\n\r\n<p>-Filtro de aceite</p>\r\n','','&lt;p&gt;&lt;strong&gt;1.-&lt;/strong&gt; Levantar el veh&amp;iacute;culo con un elevador o una gata hidr&amp;aacute;ulica.&lt;/p&gt;\r\n\r\n&lt;p&gt;&lt;strong&gt;2.-&lt;/strong&gt; Vaciar todo el aceite del motor y desmontar el Carter.&lt;/p&gt;\r\n\r\n&lt;p&gt;&lt;strong&gt;3.-&lt;/strong&gt;Limpiar adecuadamente el Carter, sacando todo el silic&amp;oacute;n de los bordes de uni&amp;oacute;n.&lt;/p&gt;\r\n\r\n&lt;p&gt;&lt;strong&gt;4.-&lt;/strong&gt; Lavar el Carter adecuadamente con gasolina que quede completamente limpio.&lt;/p&gt;\r\n\r\n&lt;p&gt;&lt;strong&gt;5.-&lt;/strong&gt;Verificar la instalaci&amp;oacute;n de la bomba por lo general se encuentra en la parte trasera del motor.&lt;/p&gt;\r\n\r\n&lt;p&gt;&lt;strong&gt;6.-&lt;/strong&gt; Retirar la bomba normalmente esta sujetada por un perno y limpiarla adecuadamente.&lt;/p&gt;\r\n\r\n&lt;p&gt;&lt;strong&gt;7.-&lt;/strong&gt; Reinstalar la bamba para ello aseg&amp;uacute;rate de mantener&amp;nbsp; el pin de alineaci&amp;oacute;n en el agujero mientras se coloca la bamba.&lt;/p&gt;\r\n\r\n&lt;p&gt;&lt;strong&gt;8.-&lt;/strong&gt; Ajustar el perno dentro de la bomba mediante un taqu&amp;iacute;metro con una fuerza de 50 Newton.&lt;/p&gt;\r\n\r\n&lt;p&gt;&lt;strong&gt;9.-&lt;/strong&gt; Colocaci&amp;oacute;n del Carter con el empaque y el silic&amp;oacute;n, dejar secar una 30 minutos.&lt;/p&gt;\r\n\r\n&lt;p&gt;&lt;strong&gt;10.- &lt;/strong&gt;Cambiar el filtro de aceite y colocar el nuevo aceite al motor.&lt;/p&gt;\r\n\r\n&lt;p&gt;&lt;strong&gt;11.-&lt;/strong&gt; Revisar la mediad adecuada del aceite.&lt;/p&gt;','&lt;p&gt;&amp;nbsp;La persona encargada de realizar las actividades de mantenimiento deber&amp;aacute; seguir los pasos cuidadosamente y contar con el equipo necesario de seguridad (Guantes, overol, gafas y mascarilla).&lt;/p&gt;','Revisión e instalación de la bomba de aceite',66,10,10,35000,100,0,'plan2109143287.pdf'),(25,'1 Hora',0,'<p>- Llave de filtro de aceite</p>\r\n\r\n<p>- Gata hidr&aacute;ulica</p>\r\n\r\n<p>- Recipiente para el aceite de motor con una capacidad de m&aacute;s de 10 litros</p>\r\n','<p>- Guaipe</p>\r\n\r\n<p>-Filtro de aceite</p>\r\n\r\n<p>- Aceite de motor</p>\r\n','','&lt;p&gt;&lt;strong&gt;1.-&lt;/strong&gt; Levantar con una gata hidr&amp;aacute;ulica.&lt;/p&gt;\r\n\r\n&lt;p&gt;&lt;strong&gt;2.-&lt;/strong&gt; Vaciar todo el aceite del motor.&lt;/p&gt;\r\n\r\n&lt;p&gt;&lt;strong&gt;3.-&lt;/strong&gt;Cambiar el filtro de aceite.&lt;/p&gt;\r\n\r\n&lt;p&gt;&lt;strong&gt;4.-&lt;/strong&gt; Colocar el nuevo aceite en el motor.&lt;/p&gt;\r\n\r\n&lt;p&gt;&lt;strong&gt;5.-&lt;/strong&gt;Verificar la media adecuada del aceite.&lt;/p&gt;','&lt;p&gt;La persona encargada de realizar las actividades de mantenimiento deber&amp;aacute; seguir los pasos cuidadosamente y contar con el equipo necesario de seguridad (Guantes, overol, gafas y mascarilla).&lt;/p&gt;','Cambio de aceite del motor',66,10,10,5000,100,0,'plan1069512390.pdf'),(26,'1 Hora',0,'<p>- Cepillo o brocha peque&ntilde;a.</p>\r\n\r\n<p>- Recipiente con una capacidad de m&aacute;s de 10 litros</p>\r\n\r\n<p>- Botellas pl&aacute;sticas con tapa</p>\r\n','<p>-Agua</p>\r\n\r\n<p>-Detergente</p>\r\n','','&lt;p&gt;&lt;strong&gt;1.-&lt;/strong&gt; Levantar el capo y fijar los ganchos de seguridad.&lt;/p&gt;\r\n\r\n&lt;p&gt;&lt;strong&gt;2.-&lt;/strong&gt; Limpiar la rejilla del radiador mediante agua jabonosa con una brocha o cepillo en la misma direcci&amp;oacute;n de rejilla.&lt;/p&gt;\r\n\r\n&lt;p&gt;&lt;strong&gt;3.-&lt;/strong&gt;Mediante agua a presi&amp;oacute;n se procede a enjuagar.&lt;/p&gt;\r\n\r\n&lt;p&gt;&lt;strong&gt;4.-&lt;/strong&gt; Vaciar todo el l&amp;iacute;quido refrigerante del radiador y almacenar&lt;/p&gt;\r\n\r\n&lt;p&gt;&lt;strong&gt;5.-&lt;/strong&gt;Llenar el radiador con agua limpia y vaciarla una y otra vez hasta que quede limpia.&lt;/p&gt;\r\n\r\n&lt;p&gt;&lt;strong&gt;6.-&lt;/strong&gt; Verificar que todos los elementos como: La tapa del radiador, manguera y abrazaderas est&amp;eacute;n en &amp;oacute;ptimas condiciones de no ser as&amp;iacute; sustituirlas.&lt;/p&gt;\r\n\r\n&lt;p&gt;&lt;strong&gt;7.-&lt;/strong&gt;Una vez realizado la limpieza llenar el radiador con el l&amp;iacute;quido refrigerante.&lt;/p&gt;\r\n\r\n&lt;p&gt;&lt;strong&gt;8.-&lt;/strong&gt; Eliminar el aire de circuito del radiador para ello encendemos el veh&amp;iacute;culo durante unos minutos en el cual liquido circulara por todo el circuito eliminando el aire.&lt;/p&gt;','&lt;p&gt;La persona encargada de realizar las actividades de mantenimiento deber&amp;aacute; seguir los pasos cuidadosamente y contar con el equipo necesario de seguridad (Guantes, overol, gafas y mascarilla).&lt;/p&gt;','Revisión y Limpieza de los conductos del radiador',66,10,10,25000,100,0,'plan1040467609.pdf'),(27,'1 Hora',0,'<p>- Cepillo o brocha peque&ntilde;a.</p>\r\n\r\n<p>- Recipiente con una capacidad de m&aacute;s de 10 litros</p>\r\n\r\n<p>- Botellas pl&aacute;sticas con tapa.</p>\r\n\r\n<p>-Juego de desarmadores</p>\r\n\r\n<p>- Esp&aacute;tula</p>\r\n','<p>-Agua</p>\r\n\r\n<p>-Detergente</p>\r\n\r\n<p>- Liquido sellante para sistemas refrigerantes</p>\r\n\r\n<p>- Resina de epoxi</p>\r\n\r\n<p>-L&iacute;quido refrigerante</p>\r\n\r\n<p>- Manguera</p>\r\n','','&lt;p&gt;&lt;strong&gt;1.-&lt;/strong&gt; Revisi&amp;oacute;n de fugas para ello arrancamos el motor y esperar hasta que se caliente para saber con exactitud donde es la fuga.&lt;/p&gt;\r\n\r\n&lt;p&gt;&lt;strong&gt;2.-&lt;/strong&gt; Cambiar la manguera de la que proviene la fuga y asegurar bien con las abrazaderas.&lt;/p&gt;\r\n\r\n&lt;p&gt;&lt;strong&gt;3.-&lt;/strong&gt;Apagar el motor para q se enfri&amp;eacute; luego vaciar todo el l&amp;iacute;quido de refrigerante.&lt;/p&gt;\r\n\r\n&lt;p&gt;&lt;strong&gt;4.-&lt;/strong&gt; Limpiar le lugar de la fuga y parchamos la superficie da&amp;ntilde;ada con resina de epoxi.&lt;/p&gt;\r\n\r\n&lt;p&gt;&lt;strong&gt;5.-&lt;/strong&gt;Desmontar la tapa de radiador y colocar el l&amp;iacute;quido sellante para sistemas refrigerantes.&lt;/p&gt;\r\n\r\n&lt;p&gt;&lt;strong&gt;6.-&lt;/strong&gt; Colocar el l&amp;iacute;quido refrigerante en el radiador y verificar que no sobrepase los limites.&lt;/p&gt;','&lt;p&gt;La persona encargada de realizar las actividades de mantenimiento deber&amp;aacute; seguir los pasos cuidadosamente y contar con el equipo necesario de seguridad (Guantes, overol, gafas y mascarilla).&lt;/p&gt;','Reparación y revisión de fugas en el radiador',66,10,10,30000,100,0,'plan1390208803.pdf'),(28,'1 Hora',0,'<p>-Juego de desarmadores</p>\r\n\r\n<p>- Juego de copas de veh&iacute;culos.</p>\r\n\r\n<p>-Alicates</p>\r\n','<p>-Franela</p>\r\n\r\n<p>-Guaipe</p>\r\n\r\n<p>-Manual de fabricante del veh&iacute;culo&nbsp; especifico que se va a realizar la tarea</p>\r\n','','&lt;p&gt;&lt;strong&gt;1.-&lt;/strong&gt; Desconectar el negativo de la bater&amp;iacute;a.&lt;/p&gt;\r\n\r\n&lt;p&gt;&lt;strong&gt;2.-&lt;/strong&gt;Retirar la correa del alternador para ello afloja las tuercas y empuja el alternador.&lt;/p&gt;\r\n\r\n&lt;p&gt;&lt;strong&gt;3.-&lt;/strong&gt;Retirar cualquier accesorio para poder acceder a la tapa&amp;nbsp; de la correa de distribuci&amp;oacute;n.&lt;/p&gt;\r\n\r\n&lt;p&gt;&lt;strong&gt;4.-&lt;/strong&gt; Retirar los ganchos de sujeci&amp;oacute;n y los pernos que contenga para retirar la tapa de distribuidor (determinar el PMS del primer cilindro. Consultar en el manual de reparaci&amp;oacute;n ya que var&amp;iacute;a seg&amp;uacute;n el modelo del veh&amp;iacute;culo).&lt;/p&gt;\r\n\r\n&lt;p&gt;&lt;strong&gt;5.-&lt;/strong&gt;Utilizar en el perno de la polea del cig&amp;uuml;e&amp;ntilde;al una copa y una palanca de fuerza para hacer girar hasta hacer coincidir con la se&amp;ntilde;al 0&amp;deg;de la distribuci&amp;oacute;n.&lt;/p&gt;\r\n\r\n&lt;p&gt;&lt;strong&gt;6.-&lt;/strong&gt; Desmontar la polea arm&amp;oacute;nico que se encuentra sobre el &amp;aacute;rbol de levas, Para volver a montarlo tendr&amp;aacute; que alinear la polea de cig&amp;uuml;e&amp;ntilde;al y el engranaje.&lt;/p&gt;\r\n\r\n&lt;p&gt;&lt;strong&gt;7.-&lt;/strong&gt; Retirar la tapa del distribuidor para ello aflojar todos los pernos que contenga.&lt;/p&gt;\r\n\r\n&lt;p&gt;&lt;strong&gt;8.-&lt;/strong&gt; Hacer coincidir la marca del &amp;aacute;rbol de levas con la marca de la distribuci&amp;oacute;n del cig&amp;uuml;e&amp;ntilde;al.&lt;/p&gt;\r\n\r\n&lt;p&gt;&lt;strong&gt;9.- &lt;/strong&gt;Aflojar los pernos del tensor, no retirarlo completamente en lugar de eso gira el tensor para que se afloje la correa y despu&amp;eacute;s ajustarlo nuevamente pero que quede un poco suelto.&lt;/p&gt;\r\n\r\n&lt;p&gt;&lt;strong&gt;10.-&lt;/strong&gt;Revisar la polea tensora para ver si tiene alguna aver&amp;iacute;a si lo tiene reemplazarla.&lt;/p&gt;\r\n\r\n&lt;p&gt;&lt;strong&gt;11.&lt;/strong&gt; Retirar la correa de los pi&amp;ntilde;ones y verificar que no presente alguna anomal&amp;iacute;a de tenerlos reemplazar la correa.&lt;/p&gt;\r\n\r\n&lt;p&gt;&lt;strong&gt;12.-&lt;/strong&gt; Montar la correa teniendo en cuanta el manual&amp;nbsp; del fabricante para dar el torque adecuado que es exclusivo de cada uno de los veh&amp;iacute;culos.&lt;/p&gt;','&lt;p&gt;La persona encargada de realizar las actividades de mantenimiento deber&amp;aacute; seguir los pasos cuidadosamente y contar con el equipo necesario de seguridad (Guantes, overol, gafas y mascarilla).&lt;/p&gt;','Revisión y reinstalación de  la correa de distribución',66,10,10,25000,100,0,'plan1182903722.pdf'),(29,'1 Hora',0,'<p>- Playo</p>\r\n\r\n<p>-Alicates</p>\r\n\r\n<p>- Juego de llaves</p>\r\n\r\n<p>- Juego de desarmadores</p>\r\n\r\n<p>-Estilete</p>\r\n','<p>-Guaipe</p>\r\n\r\n<p>-Taype</p>\r\n','','&lt;p&gt;&lt;strong&gt;1.-&lt;/strong&gt; Apagar el motor y ubicar el ventilador del veh&amp;iacute;culo.&lt;/p&gt;\r\n\r\n&lt;p&gt;&lt;strong&gt;2.-&lt;/strong&gt; Hacer girar manualmente el ventilador para verificar alguna anomal&amp;iacute;a.&lt;/p&gt;\r\n\r\n&lt;p&gt;&lt;strong&gt;3.-&lt;/strong&gt;Desconectar el negativo de la bater&amp;iacute;a.&lt;/p&gt;\r\n\r\n&lt;p&gt;&lt;strong&gt;4.-&lt;/strong&gt;Desconectar todas las conexiones el&amp;eacute;ctricas cuidadosamente.&lt;/p&gt;\r\n\r\n&lt;p&gt;&lt;strong&gt;5.-&lt;/strong&gt; Extraer todos los pernos que sujetan el ventilador.&lt;/p&gt;\r\n\r\n&lt;p&gt;&lt;strong&gt;6.-&lt;/strong&gt; Revisar que el ventilador no presente aver&amp;iacute;as y si las tiene cambiarla.&lt;/p&gt;\r\n\r\n&lt;p&gt;&lt;strong&gt;7.- &lt;/strong&gt;Montaje del ventilador para ello instalar todos los penos y tuercas de sujeci&amp;oacute;n.&lt;/p&gt;\r\n\r\n&lt;p&gt;&lt;strong&gt;8.-&lt;/strong&gt;Conectar todas las conexiones el&amp;eacute;ctricas&lt;/p&gt;\r\n\r\n&lt;p&gt;&lt;strong&gt;9.-&lt;/strong&gt; Conectar el negativo de la bater&amp;iacute;a.&lt;/p&gt;\r\n\r\n&lt;p&gt;&lt;strong&gt;10.-&lt;/strong&gt; Encender el veh&amp;iacute;culo, dejarlo calentar y verificar que el ventilador este funcionado correctamente.&lt;/p&gt;','&lt;p&gt;La persona encargada de realizar las actividades de mantenimiento deber&amp;aacute; seguir los pasos cuidadosamente y contar con el equipo necesario de seguridad (Guantes, overol, gafas y mascarilla).&lt;/p&gt;','Revisión y reinstalación del ventilador',66,10,10,30000,100,0,'plan1650258399.pdf'),(30,'1 Hora',0,'<p>- Cubeta con capacidad de m&aacute;s de 10 litros</p>\r\n\r\n<p>-Elevador o gata hidr&aacute;ulica.</p>\r\n\r\n<p>- Juego de desarmadores</p>\r\n\r\n<p>-Juego de llaves</p>\r\n\r\n<p>-Playo</p>\r\n\r\n<p>-Alicates</p>\r\n','<p>-Guaipe</p>\r\n\r\n<p>-Franela</p>\r\n\r\n<p>-Botella de pl&aacute;stico con tapa.</p>\r\n\r\n<p>-L&iacute;quido refrigerante</p>\r\n\r\n<p>-Termostato espec&iacute;fico para el veh&iacute;culo.</p>\r\n','','&lt;p&gt;&lt;strong&gt;1.-&lt;/strong&gt; Ubicar el termostato del veh&amp;iacute;culo.&lt;/p&gt;\r\n\r\n&lt;p&gt;&lt;strong&gt;2.-&lt;/strong&gt; Alzar el veh&amp;iacute;culo con un elevador o gata hidr&amp;aacute;ulica.&lt;/p&gt;\r\n\r\n&lt;p&gt;&lt;strong&gt;3.-&lt;/strong&gt;Vasiar todo el l&amp;iacute;quido refrigerante y depositarlo en un recipiente con tapa.&lt;/p&gt;\r\n\r\n&lt;p&gt;&lt;strong&gt;4.-&lt;/strong&gt;Desmontar el termostato para ello desconectamos las mangueras, luego extraemos el termostato teniendo en cuenta el sentido en que est&amp;aacute; ubicado.&lt;/p&gt;\r\n\r\n&lt;p&gt;&lt;strong&gt;5.-&lt;/strong&gt; Verificar que el nuevo termostato se compatible ya que pueden presentar cambios.&lt;/p&gt;\r\n\r\n&lt;p&gt;&lt;strong&gt;6.-&lt;/strong&gt; Revisar el estado de las juntas de estanquidad y limpiarlos.&lt;/p&gt;\r\n\r\n&lt;p&gt;&lt;strong&gt;7.- &lt;/strong&gt;Montaje del&amp;nbsp; termostato nuevo para ello asegurarse que se instale en el mismo sentido que el termostato antiguo ajustado adecuadamente los tornillos de sujeci&amp;oacute;n&amp;nbsp; si no se lo hace de ese forma podr&amp;iacute;a presentar averiar a los dem&amp;aacute;s sistemas.&lt;/p&gt;\r\n\r\n&lt;p&gt;&lt;strong&gt;8.-&lt;/strong&gt;Instalar la manguera del termostato y seguidamente la manguera inferior del radiador.&lt;/p&gt;\r\n\r\n&lt;p&gt;&lt;strong&gt;9.-&lt;/strong&gt; Colocar el l&amp;iacute;quido refrigerante y seguidamente la eliminaci&amp;oacute;n de aire en el sistema.&lt;/p&gt;','&lt;p&gt;La persona encargada de realizar las actividades de mantenimiento deber&amp;aacute; seguir los pasos cuidadosamente y contar con el equipo necesario de seguridad (Guantes, overol, gafas y mascarilla).&lt;/p&gt;','Cambio del termostato',66,10,10,30000,100,0,'plan1071549869.pdf'),(31,'30 min',0,'<p>-Caja de herramientas para los tapones aceite de caja de cambios</p>\r\n\r\n<p>- caja de herramientas de 1/2</p>\r\n\r\n<p>- bomba de vac&iacute;o para aceite.</p>\r\n','<p>-Guaipe</p>\r\n\r\n<p>-Franela</p>\r\n\r\n<p>-aceite SAE 80W 90</p>\r\n\r\n<p>- Recolector de aceites</p>\r\n','','&lt;p&gt;&lt;strong&gt;1.-&lt;/strong&gt;Colocar el veh&amp;iacute;culo en la rapa&lt;/p&gt;\r\n\r\n&lt;p&gt;&lt;strong&gt;2.-&lt;/strong&gt; ubicar la caja de cambios y localizar el desfogue de aceite y la carga de aceite.&lt;/p&gt;\r\n\r\n&lt;p&gt;&lt;strong&gt;3.-&lt;/strong&gt;Vaciar el aceite de la caja de cambios.&lt;/p&gt;\r\n\r\n&lt;p&gt;&lt;strong&gt;4.-&lt;/strong&gt;Asegurar el tap&amp;oacute;n de la descarga de aceite.&lt;/p&gt;\r\n\r\n&lt;p&gt;&lt;strong&gt;5.-&lt;/strong&gt; Colocar el nuevo aceite hasta el nivel indicado.&lt;/p&gt;\r\n\r\n&lt;p&gt;&lt;strong&gt;6.-&lt;/strong&gt; Asegurar el tap&amp;oacute;n de la carga de aceite.&lt;/p&gt;\r\n\r\n&lt;p&gt;&lt;strong&gt;7.- &lt;/strong&gt;Encender el veh&amp;iacute;culo y verificar que no exista fugas y ruidos extra&amp;ntilde;os.&lt;/p&gt;','&lt;p&gt;La persona encargada de realizar las actividades de mantenimiento deber&amp;aacute; seguir los pasos cuidadosamente y contar con el equipo necesario de seguridad (Guantes, overol, gafas y mascarilla).&lt;/p&gt;','Cambio de aceite de la caja de cambios ',66,10,10,15000,100,0,'plan574984551.pdf'),(32,'30 min',0,'<p>- Caja de herramientas de tapones de aceite.</p>\r\n\r\n<p>-caja de herramientas de 1/2</p>\r\n\r\n<p>- bomba de vac&iacute;o para aceite.</p>\r\n','<p>-Guaipe</p>\r\n\r\n<p>-Franela</p>\r\n\r\n<p>-Aceite SAE W 140</p>\r\n','','&lt;p&gt;&lt;strong&gt;1.-&lt;/strong&gt; Colocar en la rampa el veh&amp;iacute;culo.&lt;/p&gt;\r\n\r\n&lt;p&gt;&lt;strong&gt;2.-&lt;/strong&gt; Ubicar el diferencial y quitar el tap&amp;oacute;n de la descarga del aceite.&lt;/p&gt;\r\n\r\n&lt;p&gt;&lt;strong&gt;3.- &lt;/strong&gt;Una vez vaciado el aceite asegurar el tap&amp;oacute;n.&lt;/p&gt;\r\n\r\n&lt;p&gt;&lt;strong&gt;4.-&lt;/strong&gt;Colocar el nuevo aceite y dejarlo hasta el nivel indicado.&lt;/p&gt;\r\n\r\n&lt;p&gt;&lt;strong&gt;5.-&lt;/strong&gt; Asegurar el tap&amp;oacute;n.&lt;/p&gt;\r\n\r\n&lt;p&gt;&lt;strong&gt;6.-&lt;/strong&gt; Encender el veh&amp;iacute;culo y verificar que no exista fugas.&lt;/p&gt;','&lt;p&gt;La persona encargada de realizar las actividades de mantenimiento deber&amp;aacute; seguir los pasos cuidadosamente y contar con el equipo necesario de seguridad (Guantes, overol, gafas y mascarilla).&lt;/p&gt;','Cambio de Aceite de diferencial',66,10,10,30000,100,0,'plan229527130.pdf'),(33,'30 Min',0,'<p>- Caja de herramientas de tapones de aceite.</p>\r\n\r\n<p>-caja de herramientas de 1/2</p>\r\n\r\n<p>- bomba de vac&iacute;o para aceite.</p>\r\n','<p>-Guaipe</p>\r\n\r\n<p>-Franela</p>\r\n\r\n<p>-aceite SAE W140</p>\r\n','','&lt;p&gt;&lt;strong&gt;1.-&lt;/strong&gt; Colocar el veh&amp;iacute;culo en la rampa.&lt;/p&gt;\r\n\r\n&lt;p&gt;&lt;strong&gt;2.-&lt;/strong&gt; quitar el tap&amp;oacute;n del transfer. &amp;nbsp;&lt;/p&gt;\r\n\r\n&lt;p&gt;&lt;strong&gt;3.-&lt;/strong&gt;Vasiar todo el aceite.&lt;/p&gt;\r\n\r\n&lt;p&gt;&lt;strong&gt;4.-&lt;/strong&gt;asegurar el tap&amp;oacute;n del traer.&lt;/p&gt;\r\n\r\n&lt;p&gt;&lt;strong&gt;5.-&lt;/strong&gt; colocar el nuevo aceite hasta el nivel indicado.&lt;/p&gt;\r\n\r\n&lt;p&gt;&lt;strong&gt;6.-&lt;/strong&gt; Revisar que no exista fugas.&lt;/p&gt;','&lt;p&gt;La persona encargada de realizar las actividades de mantenimiento deber&amp;aacute; seguir los pasos cuidadosamente y contar con el equipo necesario de seguridad (Guantes, overol, gafas y mascarilla).&lt;/p&gt;','Cambio de aceite de caja de trasferencia de 4x4',66,10,10,30000,100,0,'plan1314387663.pdf'),(34,'2 horas',0,'<p>- Elevador hidr&aacute;ulico</p>\r\n\r\n<p>- Caja de herramientas de &frac12;</p>\r\n\r\n<p>-Caja de herramientas de &frac14;</p>\r\n\r\n<p>- Juego de destornilladores</p>\r\n\r\n<p>- Juego de alicates</p>\r\n\r\n<p>- Compresor</p>\r\n\r\n<p>-un combo</p>\r\n\r\n<p>- destornillado','<p>-Guaipe</p>\r\n\r\n<p>-Franela</p>\r\n\r\n<p>-liquido de freno DOT 3 y 4 depende del veh&iacute;culo.</p>\r\n\r\n<p>- 1 brake clean.</p>\r\n\r\n<p>-Aire comprimido</p>\r\n','','&lt;p&gt;&lt;strong&gt;1.-&lt;/strong&gt; Colocar el veh&amp;iacute;culo en un elevador hidr&amp;aacute;ulico.&lt;/p&gt;\r\n\r\n&lt;p&gt;&lt;strong&gt;2.-&lt;/strong&gt; elevar al nivel que sea c&amp;oacute;modo trabajar.&lt;/p&gt;\r\n\r\n&lt;p&gt;&lt;strong&gt;3.-&lt;/strong&gt;Quitar todos los neum&amp;aacute;ticos.&lt;/p&gt;\r\n\r\n&lt;p&gt;&lt;strong&gt;4.-&lt;/strong&gt;En la parte delantera del veh&amp;iacute;culo con una llave adecuada aflojar el perno inferior de la mordaza, alzar la mordaza y verificar el estado de las pastillas, si en las pastillas no existe la marca sustituirlos caso contrario limpiarlos con aire comprimido y Colocarlo nuevamente. &amp;nbsp;&lt;/p&gt;\r\n\r\n&lt;p&gt;&lt;strong&gt;5.-&lt;/strong&gt; En la parte posterior dejar suelto el freno de mano, con un destornillador de imparto abrir el tornillo que lleva el tabor.&lt;/p&gt;\r\n\r\n&lt;p&gt;&lt;strong&gt;6.-&lt;/strong&gt; Quitar el tambor, y revisar las zapatas si est&amp;aacute;n desgasta, en el caso de que est&amp;eacute;n desgastadas sustituirlos.&lt;/p&gt;\r\n\r\n&lt;p&gt;&lt;strong&gt;7.- &lt;/strong&gt;Si se observa que las zapatas est&amp;aacute;n sucias limpiarlos con brake clean.&lt;/p&gt;\r\n\r\n&lt;p&gt;&lt;strong&gt;8.-&lt;/strong&gt;Colocar nuevamente el tambor los neum&amp;aacute;ticos y calibrar de acuerdo a la regulaci&amp;oacute;n.&lt;/p&gt;\r\n\r\n&lt;p&gt;&lt;strong&gt;9.-&lt;/strong&gt; Si se abri&amp;oacute; alguna ca&amp;ntilde;er&amp;iacute;a del freno sangrar y completar el l&amp;iacute;quido de frenos al nivel indicado.&lt;/p&gt;','&lt;p&gt;La persona encargada de realizar las actividades de mantenimiento deber&amp;aacute; seguir los pasos cuidadosamente y contar con el equipo necesario de seguridad (Guantes, overol, gafas y mascarilla).&lt;/p&gt;','Revisión, limpieza y calibración de frenos',66,10,10,10000,100,0,'plan2014323077.pdf'),(35,'1 Hora',0,'<p>- Elevador hidr&aacute;ulico</p>\r\n\r\n<p>- Caja de herramientas de &frac12;</p>\r\n\r\n<p>-Caja de herramientas de &frac14;</p>\r\n\r\n<p>- Juego de destornilladores</p>\r\n\r\n<p>- Juego de alicates</p>\r\n\r\n<p>- Compresor</p>\r\n\r\n<p>-un combo</p>\r\n\r\n<p>- caja de <a hr','<p>-Guaipe</p>\r\n\r\n<p>-Franela</p>\r\n\r\n<p>-liquido de freno DOT 3 y 4 depende del veh&iacute;culo.</p>\r\n\r\n<p>- 1 brake clean.</p>\r\n\r\n<p>-Aire comprimido</p>\r\n','','&lt;p&gt;&lt;strong&gt;1.-&lt;/strong&gt; Colocar el veh&amp;iacute;culo en un elevador hidr&amp;aacute;ulico.&lt;/p&gt;\r\n\r\n&lt;p&gt;&lt;strong&gt;2.-&lt;/strong&gt; elevar al nivel que sea c&amp;oacute;modo trabajar.&lt;/p&gt;\r\n\r\n&lt;p&gt;&lt;strong&gt;3.-&lt;/strong&gt;Quitar los neum&amp;aacute;ticos delanteros.&lt;/p&gt;\r\n\r\n&lt;p&gt;&lt;strong&gt;4.-&lt;/strong&gt;En la parte delantera del veh&amp;iacute;culo con una llave adecuada aflojar el perno inferior de la mordaza, alzar la mordaza y verificar el estado de las pastillas, si en las pastillas no existe la marca sustituirlos caso contrario limpiarlos con aire comprimido y Colocarlo nuevamente.&amp;nbsp;&lt;/p&gt;\r\n\r\n&lt;p&gt;&lt;strong&gt;5.-&lt;/strong&gt; Regresar el pist&amp;oacute;n de freno si es necesario.&lt;/p&gt;\r\n\r\n&lt;p&gt;&lt;strong&gt;6.-&lt;/strong&gt; Revisar el nivel del l&amp;iacute;quido de freno.&lt;/p&gt;\r\n\r\n&lt;p&gt;&lt;strong&gt;7.- &lt;/strong&gt;Realizar la purga del aire en el sistema&lt;/p&gt;','&lt;p&gt;La persona encargada de realizar las actividades de mantenimiento deber&amp;aacute; seguir los pasos cuidadosamente y contar con el equipo necesario de seguridad (Guantes, overol, gafas y mascarilla).&lt;/p&gt;','Cambio de pastillas',66,10,10,25000,100,0,'plan41180909.pdf'),(36,'1 Hora',0,'<p>- Elevador hidr&aacute;ulico</p>\r\n\r\n<p>- Caja de herramientas de &frac12;</p>\r\n\r\n<p>-Caja de herramientas de &frac14;</p>\r\n\r\n<p>- Juego de destornilladores</p>\r\n\r\n<p>- Juego de alicates</p>\r\n\r\n<p>- Compresor</p>\r\n\r\n<p>-un combo</p>\r\n\r\n<p>- destornillado','<p>-Guaipe</p>\r\n\r\n<p>-Franela</p>\r\n\r\n<p>-liquido de freno DOT 3 y 4 depende del veh&iacute;culo.</p>\r\n\r\n<p>- 1 brake clean.</p>\r\n\r\n<p>-Aire comprimido</p>\r\n','','&lt;p&gt;&lt;strong&gt;1.-&lt;/strong&gt; Colocar el veh&amp;iacute;culo en un elevador hidr&amp;aacute;ulico.&lt;/p&gt;\r\n\r\n&lt;p&gt;&lt;strong&gt;2.-&lt;/strong&gt; elevar al nivel que sea c&amp;oacute;modo trabajar.&lt;/p&gt;\r\n\r\n&lt;p&gt;&lt;strong&gt;3.-&lt;/strong&gt;Quitar los neum&amp;aacute;ticos traseros.&lt;/p&gt;\r\n\r\n&lt;p&gt;&lt;strong&gt;4.-&lt;/strong&gt; En la parte posterior dejar suelto el freno de mano, con un destornillador de imparto abrir el tornillo que lleva el tabor&lt;/p&gt;\r\n\r\n&lt;p&gt;&lt;strong&gt;5.-&lt;/strong&gt;. Quitar el tambor, y revisar las zapatas si est&amp;aacute;n desgasta, en el caso de que est&amp;eacute;n desgastadas sustituirlos.&lt;/p&gt;\r\n\r\n&lt;p&gt;&lt;strong&gt;6.-&lt;/strong&gt; Si se observa que las zapatas est&amp;aacute;n sucias limpiarlos con brake clean&lt;/p&gt;\r\n\r\n&lt;p&gt;&lt;strong&gt;7.-&lt;/strong&gt;Colocar nuevamente el tambor los neum&amp;aacute;ticos y calibrar de acuerdo a la regulaci&amp;oacute;n.&lt;/p&gt;\r\n\r\n&lt;p&gt;&lt;strong&gt;8.-&lt;/strong&gt; Si se abri&amp;oacute; alguna ca&amp;ntilde;er&amp;iacute;a del freno sangrar y completar el l&amp;iacute;quido de frenos al nivel indicado.&lt;/p&gt;','&lt;p&gt;La persona encargada de realizar las actividades de mantenimiento deber&amp;aacute; seguir los pasos cuidadosamente y contar con el equipo necesario de seguridad (Guantes, overol, gafas y mascarilla).&lt;/p&gt;','Cambio de zapatas',65,10,10,30000,100,0,'plan181143251.pdf'),(37,'30 Min',0,'<p>- Juego de llaves</p>\r\n\r\n<p>- Cadena de filtros de aceite</p>\r\n','<p>- guape</p>\r\n\r\n<p>- 1 filtro de aceite</p>\r\n\r\n<p>- aceite ( de acuerdo al veh&iacute;culo)</p>\r\n','','&lt;p&gt;&lt;strong&gt;1.-&lt;/strong&gt; Subir el veh&amp;iacute;culo a la rapa.&lt;/p&gt;\r\n\r\n&lt;p&gt;&lt;strong&gt;2.-&lt;/strong&gt; Abrir el tap&amp;oacute;n del Carter con llave adecuada y vaciar todo el aceite.&lt;/p&gt;\r\n\r\n&lt;p&gt;&lt;strong&gt;3.-&lt;/strong&gt; Con la llave de filtros quitar el filtro de aceite y sustituirlo de acuerdo a veh&amp;iacute;culo y su numeraci&amp;oacute;n del filtro.&lt;/p&gt;\r\n\r\n&lt;p&gt;&lt;strong&gt;4.-&lt;/strong&gt; Asegurar el tap&amp;oacute;n del c&amp;aacute;rter y ajustar el filtro de aceite.&lt;/p&gt;\r\n\r\n&lt;p&gt;&lt;strong&gt;5.-&lt;/strong&gt; Colocar el aceite al nivel indicado en la varillara de aceite.&lt;/p&gt;\r\n\r\n&lt;p&gt;&lt;strong&gt;6.-&lt;/strong&gt; Encender el veh&amp;iacute;culo y asegurarse que no exista fugas.&lt;/p&gt;','&lt;p&gt;La persona encargada de realizar las actividades de mantenimiento deber&amp;aacute; seguir los pasos cuidadosamente y contar con el equipo necesario de seguridad (Guantes, overol, gafas y mascarilla).&lt;/p&gt;','Cambio de aceite y filtro',67,3,3,5000,100,0,'plan870822501.pdf'),(38,'45Min',0,'<p>-Juego de llaves</p>\r\n\r\n<p>- Juego de destornilladores</p>\r\n\r\n<p>-Alicates</p>\r\n\r\n<p>Caja de herramientas de 1/4</p>\r\n','<p>-Bandas de accesorio</p>\r\n\r\n<p>-bandas de distribuci&oacute;n</p>\r\n\r\n<p>-guaipe</p>\r\n','','&lt;p&gt;&lt;strong&gt;1.-&lt;/strong&gt; inspeccionar si tienes agrietamiento en la bandas remplazar si es necesario.&lt;/p&gt;\r\n\r\n&lt;p&gt;&lt;strong&gt;2.-&lt;/strong&gt; Revisar si las bandas est&amp;aacute;n flojas realizar el ajuste necesario.&lt;/p&gt;\r\n\r\n&lt;p&gt;&lt;strong&gt;3.-&lt;/strong&gt; las bandas de distribuci&amp;oacute;n abrir la tapa de protecci&amp;oacute;n e inspeccionar si tiene agrietamiento si es necesario remplazar&lt;/p&gt;','&lt;p&gt;&amp;nbsp;La persona encargada de realizar las actividades de mantenimiento deber&amp;aacute; seguir los pasos cuidadosamente y contar con el equipo necesario de seguridad (Guantes, overol, gafas y mascarilla).&lt;/p&gt;','Revisión de las bandas del motor',68,3,3,20000,100,1,'plan768115623.pdf'),(39,'30 Min',0,'<p>-Juego de llaves</p>\r\n\r\n<p>- caja de herramientas de 1/2</p>\r\n\r\n<p>-cadena de filtros</p>\r\n\r\n<p>-juego de destornilladores</p>\r\n','<p>-Aceite de acuerdo a la maquinaria SAE 15W 40</p>\r\n\r\n<p>- guaipe</p>\r\n','','&lt;p&gt;1.- Apagar la maquinaria.&lt;/p&gt;\r\n\r\n&lt;p&gt;2.- Quitar los protectores que cubren el Carter&lt;/p&gt;\r\n\r\n&lt;p&gt;3.- Con la llave apropiada aflojar el tap&amp;oacute;n y vaciar el aceite.&lt;/p&gt;\r\n\r\n&lt;p&gt;4.-Aseguara nuevamente el tap&amp;oacute;n del Carter.&lt;/p&gt;\r\n\r\n&lt;p&gt;5.- Extraer el filtro de aceite con la cadena de filtros.&lt;/p&gt;\r\n\r\n&lt;p&gt;6.- limpiara la base donde va ubicado el filtro y colocar el nuevo filtro de combustible.&lt;/p&gt;\r\n\r\n&lt;p&gt;7.- Colocar el aceite hasta el nivel indicado.&lt;/p&gt;\r\n\r\n&lt;p&gt;8.-Encender la maquinaria y verificar que exista fugas.&lt;/p&gt;\r\n\r\n&lt;p&gt;9.-Colocar todos las protecciones extra&amp;iacute;das.&lt;/p&gt;','&lt;p&gt;La persona encargada de realizar las actividades de mantenimiento deber&amp;aacute; seguir los pasos cuidadosamente y contar con el equipo necesario de seguridad (Guantes, overol, gafas y mascarilla).&lt;/p&gt;','Cambio de aceite y filtro',69,4,4,200,30,0,'plan208885690.pdf'),(40,'30 Min',0,'<p>- Cepillo o brocha peque&ntilde;a.</p>\r\n\r\n<p>- Recipiente con una capacidad de m&aacute;s de 10 litros</p>\r\n\r\n<p>- Botellas pl&aacute;sticas con tapa</p>\r\n','<p>-Agua</p>\r\n\r\n<p>-Detergente</p>\r\n','','&lt;p&gt;&amp;nbsp;&lt;/p&gt;\r\n\r\n&lt;p&gt;&lt;strong&gt;1.-&lt;/strong&gt; Apagar la maquinaria&lt;/p&gt;\r\n\r\n&lt;p&gt;&lt;strong&gt;2.-&lt;/strong&gt; localizar el filtro de aire.&lt;/p&gt;\r\n\r\n&lt;p&gt;&lt;strong&gt;3.-&lt;/strong&gt;Con la llave apropiada quitar los protectores que sostengan al filtro de aire.&lt;/p&gt;\r\n\r\n&lt;p&gt;&lt;strong&gt;4.-&lt;/strong&gt; Extraer y sustituir el nuevo filtro de aire.&lt;/p&gt;\r\n\r\n&lt;p&gt;&lt;strong&gt;5.-&lt;/strong&gt;Colocar nuevamente los protectores.&lt;/p&gt;\r\n\r\n&lt;p&gt;&lt;strong&gt;6.-&lt;/strong&gt; Encender la maquinaria y verificar que no queden vac&amp;iacute;os.&lt;/p&gt;','&lt;p&gt;La persona encargada de realizar las actividades de mantenimiento deber&amp;aacute; seguir los pasos cuidadosamente y contar con el equipo necesario de seguridad (Guantes, overol, gafas y mascarilla).&lt;/p&gt;','Cambio de filtro de aire',70,4,4,1500,30,0,'plan1236308403.pdf'),(41,'30 Min',0,'<p>-Juego de llaves</p>\r\n\r\n<p>- caja de herramientas de 1/2</p>\r\n\r\n<p>-llave de filtros de combustible.</p>\r\n\r\n<p>-pinzas</p>\r\n','<p>-filtro de combustible</p>\r\n\r\n<p>- guaipe</p>\r\n','','&lt;p&gt;1.- Apagar la maquinaria.&lt;/p&gt;\r\n\r\n&lt;p&gt;2.- Localizar el filtro de combustible.&lt;/p&gt;\r\n\r\n&lt;p&gt;3.- Quitar los protectores y sustraer el filtro de combustible&lt;/p&gt;\r\n\r\n&lt;p&gt;4.-Replazar el filtro de combustible.&lt;/p&gt;\r\n\r\n&lt;p&gt;5.- Hacer la purga del sistema para que no quede aire en el sistema de alimentaci&amp;oacute;n&lt;/p&gt;\r\n\r\n&lt;p&gt;6.- Encender la maquinaria y verificar que no exista fugas.&lt;/p&gt;','&lt;p&gt;La persona encargada de realizar las actividades de mantenimiento deber&amp;aacute; seguir los pasos cuidadosamente y contar con el equipo necesario de seguridad (Guantes, overol, gafas y mascarilla).&lt;/p&gt;','Cambio de filtro de combustible',70,4,4,500,30,0,'plan879881138.pdf'),(42,'45Min',0,'<p>- Cepillo o brocha peque&ntilde;a.</p>\r\n\r\n<p>- caja de herramientas &frac12;</p>\r\n\r\n<p>-juego de llaves</p>\r\n','<p>-refrigerante</p>\r\n\r\n<p>-Guipe</p>\r\n','','&lt;p&gt;&lt;strong&gt;1.-&lt;/strong&gt; Apagar la maquinaria.&lt;/p&gt;\r\n\r\n&lt;p&gt;&lt;strong&gt;2.-&lt;/strong&gt; Buscar la v&amp;aacute;lvula de descarga del l&amp;iacute;quido refrigerante.&lt;/p&gt;\r\n\r\n&lt;p&gt;&lt;strong&gt;3.-&lt;/strong&gt;Vaciar todo el sistema.&lt;/p&gt;\r\n\r\n&lt;p&gt;&lt;strong&gt;4.-&lt;/strong&gt; Colocar la v&amp;aacute;lvula de descarga.&lt;/p&gt;\r\n\r\n&lt;p&gt;&lt;strong&gt;5.-&lt;/strong&gt;Colocar el refrigerante hasta el nivel indicado en el dep&amp;oacute;sito y en el radiador.&lt;/p&gt;\r\n\r\n&lt;p&gt;&lt;strong&gt;6.-&lt;/strong&gt; Purgar el sistema para que no quede aire en el sistema.&lt;/p&gt;\r\n\r\n&lt;p&gt;&lt;strong&gt;7.-&lt;/strong&gt;Encender la maquinaria y verificar que no exista fugas, y ruidos extra&amp;ntilde;os.&lt;/p&gt;','&lt;p&gt;La persona encargada de realizar las actividades de mantenimiento deber&amp;aacute; seguir los pasos cuidadosamente y contar con el equipo necesario de seguridad (Guantes, overol, gafas y mascarilla).&lt;/p&gt;','Cambio de líquido refrigerante',70,4,4,2000,30,0,'plan1258098488.pdf'),(43,'45Min',0,'<p>- Cepillo o brocha peque&ntilde;a.</p>\r\n\r\n<p>- caja de herramientas &frac12;</p>\r\n\r\n<p>- bomba de vac&iacute;o</p>\r\n','<p>-liquido hidr&aacute;ulico ATF</p>\r\n\r\n<p>-Guipe</p>\r\n','','&lt;p&gt;&lt;strong&gt;1.-&lt;/strong&gt; Apagar la maquinaria.&lt;/p&gt;\r\n\r\n&lt;p&gt;&lt;strong&gt;2.-&lt;/strong&gt; Con la bomba de vac&amp;iacute;o succionar todo el aceite hidr&amp;aacute;ulico viejo.&lt;/p&gt;\r\n\r\n&lt;p&gt;&lt;strong&gt;3.-&lt;/strong&gt;Colocar el nuevo aceite de hidr&amp;aacute;ulico hasta el nivel indicado en el dep&amp;oacute;sito.&lt;/p&gt;\r\n\r\n&lt;p&gt;&lt;strong&gt;4.-&lt;/strong&gt; Encender la maquinaria y verificar que no exista fugas y ruidos extra&amp;ntilde;os.&lt;/p&gt;','&lt;p&gt;La persona encargada de realizar las actividades de mantenimiento deber&amp;aacute; seguir los pasos cuidadosamente y contar con el equipo necesario de seguridad (Guantes, overol, gafas y mascarilla).&lt;/p&gt;','Cambio de aceite de hidráulico',70,4,4,1800,30,0,'plan2038903772.pdf'),(44,'45Min',0,'<p>- Cepillo o brocha peque&ntilde;a.</p>\r\n\r\n<p>- caja de herramientas &frac12;</p>\r\n','<p>-liquido hidr&aacute;ulico ATF</p>\r\n\r\n<p>-Guipe</p>\r\n','','&lt;p&gt;&lt;strong&gt;1.-&lt;/strong&gt; Apagar la maquinaria.&lt;/p&gt;\r\n\r\n&lt;p&gt;&lt;strong&gt;2.-&lt;/strong&gt; Localizar en donde est&amp;aacute; el filtro hidr&amp;aacute;ulico.&lt;/p&gt;\r\n\r\n&lt;p&gt;&lt;strong&gt;3.-&lt;/strong&gt;Quitar todos las protecciones que tenga.&lt;/p&gt;\r\n\r\n&lt;p&gt;&lt;strong&gt;4.-&lt;/strong&gt; Extraer el filtro de hidr&amp;aacute;ulico.&lt;/p&gt;\r\n\r\n&lt;p&gt;&lt;strong&gt;5.-&lt;/strong&gt;Colocar el nuevo filtro.&lt;/p&gt;\r\n\r\n&lt;p&gt;&lt;strong&gt;6.-&lt;/strong&gt; Completar el l&amp;iacute;quido ATF si se descarg&amp;oacute; hasta el nivel indicado en el dep&amp;oacute;sito.&lt;/p&gt;\r\n\r\n&lt;p&gt;&lt;strong&gt;7.-&lt;/strong&gt;Encender la maquinaria y verificar que no exista fugas, y ruidos extra&amp;ntilde;os.&lt;/p&gt;','&lt;p&gt;La persona encargada de realizar las actividades de mantenimiento deber&amp;aacute; seguir los pasos cuidadosamente y contar con el equipo necesario de seguridad (Guantes, overol, gafas y mascarilla).&lt;/p&gt;','Cambio de filtro del sistema hidráulico',69,4,4,8000,30,0,'plan975559496.pdf'),(45,'2 horas',0,'<p>-Juego de llaves</p>\r\n\r\n<p>-juego de destornilladores</p>\r\n\r\n<p>-juego de alicates.</p>\r\n\r\n<p>-Taqu&iacute;metro</p>\r\n','<p>-Polea tensora</p>\r\n\r\n<p>-Correa de la polea</p>\r\n\r\n<p>- Guaipe</p>\r\n\r\n<p>-Gasolina</p>\r\n','','&lt;p&gt;1.- Apagar la maquinaria.&lt;/p&gt;\r\n\r\n&lt;p&gt;2.- Aflojar el perno de la polea y quitar la carrea.&lt;/p&gt;\r\n\r\n&lt;p&gt;3.- Sacar el perno y retirar la polea.&lt;/p&gt;\r\n\r\n&lt;p&gt;4.-Verificar si el rodillo tensor y la correa est&amp;aacute; en buenas condiciones o caso contrario cambiarlo.&lt;/p&gt;\r\n\r\n&lt;p&gt;5.-Instalar nuevamente el rodillo y la correa.&lt;/p&gt;\r\n\r\n&lt;p&gt;6.- Ajustar el grado de tensi&amp;oacute;n de la correa.&lt;/p&gt;\r\n\r\n&lt;p&gt;7.-Verificar que no haya alg&amp;uacute;n anomal&amp;iacute;a&lt;/p&gt;\r\n\r\n&lt;p&gt;8.-Frender el motor y observar que todo funcione correctamente.&lt;/p&gt;','&lt;p&gt;La persona encargada de realizar las actividades de mantenimiento deber&amp;aacute; seguir los pasos cuidadosamente y contar con el equipo necesario de seguridad (Guantes, overol, gafas y mascarilla).&lt;/p&gt;','Revisión del torque de la polea tensora',70,4,4,1000,30,0,'plan936278779.pdf'),(46,'',0,'','','','','','',0,0,0,0,0,0,'plan1325924690.'),(47,'2 horas',0,'<p>-Juego de llaves</p>\r\n\r\n<p>- caja de herramientas 1/2</p>\r\n\r\n<p>-caja de herramientas de 1/4.</p>\r\n\r\n<p>- destornillador plano</p>\r\n\r\n<p>- destornillador estrella</p>\r\n\r\n<p>- un alicate</p>\r\n\r\n<p>- un taqu&iacute;metro</p>\r\n','<p>- una banda de distribuci&oacute;n</p>\r\n\r\n<p>- guaipe</p>\r\n\r\n<p>- una brocha peque&ntilde;a</p>\r\n','','&lt;p&gt;1.- Apagar el veh&amp;iacute;culo.&lt;/p&gt;\r\n\r\n&lt;p&gt;2.- Extraer las bandas de accesorios&lt;/p&gt;\r\n\r\n&lt;p&gt;3.- Desmontar la tapa de la banda de distribuidor&lt;/p&gt;\r\n\r\n&lt;p&gt;4.- Colocar punto a punto tanto el engranaje de cig&amp;uuml;e&amp;ntilde;al con el &amp;aacute;rbol de levas.&lt;/p&gt;\r\n\r\n&lt;p&gt;5.- Revisar la banda de distribuci&amp;oacute;n en caso de que se encuentre en mal estado continuar a los siguientes &amp;iacute;tems.&lt;/p&gt;\r\n\r\n&lt;p&gt;6.- Colocar la palanca de cambios en 5 pisar el freno mientras otra persona afloja el perno que sujeta la polea del cig&amp;uuml;e&amp;ntilde;al.&lt;/p&gt;\r\n\r\n&lt;p&gt;7.- Aflojar la polea tensora extraer la banda.&lt;/p&gt;\r\n\r\n&lt;p&gt;8.- remplazar la nueva banda&lt;/p&gt;\r\n\r\n&lt;p&gt;9.-Templar la banda&lt;/p&gt;\r\n\r\n&lt;p&gt;10.-Revisar el punto a punto est&amp;eacute;n coincidiendo entre el &amp;aacute;rbol de levas y el cig&amp;uuml;e&amp;ntilde;al.&lt;/p&gt;\r\n\r\n&lt;p&gt;11.- Ajustar el perno de la polea de cig&amp;uuml;e&amp;ntilde;al&lt;/p&gt;\r\n\r\n&lt;p&gt;y ensamblar nuevamente las piezas extra&amp;iacute;das&lt;/p&gt;','&lt;p&gt;La persona encargada de realizar las actividades de mantenimiento deber&amp;aacute; seguir los pasos cuidadosamente y contar con el equipo necesario de seguridad (Guantes, overol, gafas y mascarilla).&lt;/p&gt;','Revisión del tensado de la banda de distribución',69,4,4,5000,30,0,'plan1334014625.pdf'),(48,'3 Horas',0,'<p>-Juego de llaves</p>\r\n\r\n<p>- caja de herramientas de 1/4</p>\r\n\r\n<p>-Juego de destornilladores</p>\r\n\r\n<p>- alicate</p>\r\n\r\n<p>-mult&iacute;metro automotriz.</p>\r\n','<p>-diodos rectificadores</p>\r\n\r\n<p>- guaipe</p>\r\n\r\n<p>-caut&iacute;n pro&rsquo;s kit</p>\r\n\r\n<p>- Esta&ntilde;o</p>\r\n\r\n<p>-Pomada de soldar pro&rsquo;s kit</p>\r\n','','&lt;p&gt;1.- Apagar la maquinaria.&lt;/p&gt;\r\n\r\n&lt;p&gt;2.-Aflojar los pernos que sostienen al alternado y la banda de accesorios.&lt;/p&gt;\r\n\r\n&lt;p&gt;3.-Abrir el alternado cuidadosamente.&lt;/p&gt;\r\n\r\n&lt;p&gt;4.-Con el kit de pro&amp;rsquo;s kit desoldar los diodos rectificadores y remplazarlos.&lt;/p&gt;\r\n\r\n&lt;p&gt;5.-realizar una limpieza&amp;nbsp; y armar el alternador&lt;/p&gt;\r\n\r\n&lt;p&gt;6.- instalar nuevamente y verificar con un mult&amp;iacute;metro que est&amp;eacute; realizando una carga dentro del rango de 12v-14v.&lt;/p&gt;','&lt;p&gt;La persona encargada de realizar las actividades de mantenimiento deber&amp;aacute; seguir los pasos cuidadosamente y contar con el equipo necesario de seguridad (Guantes, overol, gafas y mascarilla).&lt;/p&gt;','Remplazo de diodos rectificadores del alternador',70,4,4,5000,30,0,'plan1268032696.pdf'),(49,'3 Horas',0,'<p>-Juego de llaves</p>\r\n\r\n<p>- caja de herramientas de 1/4</p>\r\n\r\n<p>-Juego de destornilladores</p>\r\n\r\n<p>- alicate</p>\r\n\r\n<p>-mult&iacute;metro automotriz</p>\r\n','<p>- Juego de escobillas</p>\r\n\r\n<p>- guaipe</p>\r\n','','&lt;p&gt;1.- Apagar la maquinaria.&lt;/p&gt;\r\n\r\n&lt;p&gt;2.-Aflojar los pernos que sostienen al alternado y la banda de accesorios.&lt;/p&gt;\r\n\r\n&lt;p&gt;3.-Abrir el alternado cuidadosamente.&lt;/p&gt;\r\n\r\n&lt;p&gt;4.-Remplazar la escobillas del alternador y armarlo cuidadosamente.&lt;/p&gt;\r\n\r\n&lt;p&gt;5.-Realizar una limpieza&lt;/p&gt;\r\n\r\n&lt;p&gt;5.-Instalar nuevamente y verificar con un mult&amp;iacute;metro que est&amp;eacute; realizando una carga dentro del rango de 12v-14v.&lt;/p&gt;','&lt;p&gt;La persona encargada de realizar las actividades de mantenimiento deber&amp;aacute; seguir los pasos cuidadosamente y contar con el equipo necesario de seguridad (Guantes, overol, gafas y mascarilla).&lt;/p&gt;','Cambio de las escobillas del alternador',69,4,4,2500,30,0,'plan885494707.pdf'),(50,'1 Hora',0,'<p>-Juego de llaves</p>\r\n\r\n<p>- Mult&iacute;metro Automotriz</p>\r\n\r\n<p>- Alfileres</p>\r\n','<table cellspacing=\"0\" style=\"width:769px\">\r\n	<tbody>\r\n		<tr>\r\n			<td style=\"width:148.85pt\">\r\n			<p>-un Relay</p>\r\n\r\n			<p>-caut&iacute;n pro&rsquo;s kit</p>\r\n\r\n			<p>- Esta&ntilde;o</p>\r\n\r\n			<p>-Pomada de soldar pro&rsquo;s kit</p>\r\n\r\n			<p>- guaipe</p>','','&lt;p&gt;1.- Encender la maquinaria.&lt;/p&gt;\r\n\r\n&lt;p&gt;2.-Ubicar la caja de fusibles y relay.&lt;/p&gt;\r\n\r\n&lt;p&gt;&amp;nbsp;3.- Quitar la protecci&amp;oacute;n de caja de fusibles y el ralay.&lt;/p&gt;\r\n\r\n&lt;p&gt;4.-En el cableado de relay ubicar los alfileres, y con un mult&amp;iacute;metro verificar que llegue la alimentaci&amp;oacute;n de 12v y que no exceda m&amp;aacute;s de 12v.&lt;/p&gt;\r\n\r\n&lt;p&gt;5.-Si excede m&amp;aacute;s de 12v, revisar el cableado del sistema el&amp;eacute;ctrico con un mult&amp;iacute;metro revisar La continuidad y la resistencia si es necesario remplazar los cables, remplazarlos y soldar si es necesario.&lt;/p&gt;\r\n\r\n&lt;p&gt;6.-Instalar correctamente&lt;/p&gt;','&lt;p&gt;La persona encargada de realizar las actividades de mantenimiento deber&amp;aacute; seguir los pasos cuidadosamente y contar con el equipo necesario de seguridad (Guantes, overol, gafas y mascarilla).&lt;/p&gt;','Revisión de relay que tenga un voltaje adecuado',69,4,4,1000,30,0,'plan751676431.pdf'),(51,'1 Hora',0,'<p>Juego de llaves</p>\r\n\r\n<p>- Mult&iacute;metro Automotriz</p>\r\n\r\n<p>-Compresor neum&aacute;tico</p>\r\n','<p>-un Relay</p>\r\n\r\n<p>- guaipe</p>\r\n\r\n<p>-cinta aislante</p>\r\n\r\n<p>-Aire comprimido</p>\r\n','','&lt;p&gt;1.- Apagar el veh&amp;iacute;culo.&lt;/p&gt;\r\n\r\n&lt;p&gt;2.-Ubicar la caja de fusibles y relay.&lt;/p&gt;\r\n\r\n&lt;p&gt;&amp;nbsp;3.- Quitar la protecci&amp;oacute;n de caja de fusibles y el ralay.&lt;/p&gt;\r\n\r\n&lt;p&gt;4.- Revisar si existe un malo contacto en caja de fusibles que afecta el contacto con el relay.&lt;/p&gt;\r\n\r\n&lt;p&gt;5.-Realizar una limpieza y colocar nuevamente y remplazar la caja de fusibles y el relay si es necesario.&lt;/p&gt;\r\n\r\n&lt;p&gt;7.-Realizar la instalaci&amp;oacute;n correcta&lt;/p&gt;','&lt;p&gt;La persona encargada de realizar las actividades de mantenimiento deber&amp;aacute; seguir los pasos cuidadosamente y contar con el equipo necesario de seguridad (Guantes, overol, gafas y mascarilla).&lt;/p&gt;','Revisión de un mal contacto de releí',69,4,4,2000,30,0,'plan799459419.pdf'),(52,'8horas',0,'<p>-Juego de llaves</p>\r\n\r\n<p>- Mult&iacute;metro Automotriz</p>\r\n\r\n<p>-Alfileres</p>\r\n\r\n<p>-Compresor neum&aacute;tico</p>\r\n','<p>-cable</p>\r\n\r\n<p>-porta fusibles si es necesario</p>\r\n\r\n<p>guaipe</p>\r\n\r\n<p>-cinta aislante</p>\r\n\r\n<p>-Aire comprimido</p>\r\n','','&lt;p&gt;1.- Apagar el veh&amp;iacute;culo.&lt;/p&gt;\r\n\r\n&lt;p&gt;2.-Ubicar el porta de fusibles.&lt;/p&gt;\r\n\r\n&lt;p&gt;&amp;nbsp;3.- Revisar en los cableados de porta fusibles que lleguen los voltajes adecuados y amperajes.&lt;/p&gt;\r\n\r\n&lt;p&gt;3.-realizar una limpieza.&lt;/p&gt;\r\n\r\n&lt;p&gt;4.-Remplazar el sistema de cableado si es necesario&lt;/p&gt;\r\n\r\n&lt;p&gt;5.- Hacer una instalaci&amp;oacute;n correcta.&lt;/p&gt;','&lt;p&gt;La persona encargada de realizar las actividades de mantenimiento deber&amp;aacute; seguir los pasos cuidadosamente y contar con el equipo necesario de seguridad (Guantes, overol, gafas y mascarilla).&lt;/p&gt;','Revisión de las conexiones de porta fusibles',70,4,4,2500,30,0,'plan1346764011.pdf'),(53,'30 Min',0,'<p>-Juego de llaves</p>\r\n\r\n<p>- caja de herramientas de 1/4</p>\r\n\r\n<p>-Mult&iacute;metro</p>\r\n\r\n<p>-pinzas</p>\r\n','<p>-fusibles.</p>\r\n','','&lt;p&gt;1.- Apagar la maquinaria.&lt;/p&gt;\r\n\r\n&lt;p&gt;2.-Determinar la ubicaci&amp;oacute;n de porta fusibles.&lt;/p&gt;\r\n\r\n&lt;p&gt;3.-Extraer los fusibles deteriorados (verificar con un mult&amp;iacute;metro)&lt;/p&gt;\r\n\r\n&lt;p&gt;4.-Remplazar los fusibles&lt;/p&gt;\r\n\r\n&lt;p&gt;5.-Verificar la correcta instalaci&amp;oacute;n&lt;/p&gt;','&lt;p&gt;La persona encargada de realizar las actividades de mantenimiento deber&amp;aacute; seguir los pasos cuidadosamente y contar con el equipo necesario de seguridad (Guantes, overol, gafas y mascarilla).&lt;/p&gt;','Cambio de fusible',69,4,4,3000,20,0,'plan597324130.pdf'),(54,'30 Min',0,'<p>-Juego de llaves</p>\r\n\r\n<p>- caja de herramientas de &frac12;.</p>\r\n\r\n<p>- bomba de vac&iacute;o.</p>\r\n','<p>-Aceite SAE w140</p>\r\n\r\n<p>- guaipe</p>\r\n','','&lt;p&gt;1.- Apagar la maquinaria&lt;/p&gt;\r\n\r\n&lt;p&gt;2.- Localizar la caja de trasferencia.&lt;/p&gt;\r\n\r\n&lt;p&gt;3.-Con la llave apropiada abrir el tap&amp;oacute;n de descarga y vaciar el aceite.&lt;/p&gt;\r\n\r\n&lt;p&gt;4.-Abrir el tap&amp;oacute;n para colocar el aceite.&lt;/p&gt;\r\n\r\n&lt;p&gt;5.-Asegurar el tap&amp;oacute;n de descarga.&lt;/p&gt;\r\n\r\n&lt;p&gt;6.- Colocar el aceite hasta el nivel indicado.&lt;/p&gt;\r\n\r\n&lt;p&gt;7.- Colocar el tap&amp;oacute;n de ingreso el aceite.&lt;/p&gt;\r\n\r\n&lt;p&gt;8.- Encender la maquinaria y verificar que no exista fugas de aceite.&lt;/p&gt;','&lt;p&gt;La persona encargada de realizar las actividades de mantenimiento deber&amp;aacute; seguir los pasos cuidadosamente y contar con el equipo necesario de seguridad (Guantes, overol, gafas y mascarilla).&lt;/p&gt;','Cambio de aceite de caja de trasmisión ',69,4,4,900,30,0,'plan1358662474.pdf'),(55,'50 Min',0,'<p>-Juego de llaves</p>\r\n\r\n<p>- caja de herramientas de &frac12;.</p>\r\n\r\n<p>- bomba de vac&iacute;o.</p>\r\n','<p>-Aceite SAE w140</p>\r\n\r\n<p>- guaipe</p>\r\n','','&lt;p&gt;1.- Apagar la maquinaria&lt;/p&gt;\r\n\r\n&lt;p&gt;2.- Elevar la maquinaria y asegurar en un lugar figo y hasta en nivel que se pueda trabajar.&lt;/p&gt;\r\n\r\n&lt;p&gt;3.-Abrir el tap&amp;oacute;n de descarga del aceite del diferencial.&lt;/p&gt;\r\n\r\n&lt;p&gt;4.-Abrir el tap&amp;oacute;n para colocar el aceite.&lt;/p&gt;\r\n\r\n&lt;p&gt;5.-Asegurar el tap&amp;oacute;n de descarga.&lt;/p&gt;\r\n\r\n&lt;p&gt;6.- Colocar el aceite hasta el nivel indicado.&lt;/p&gt;\r\n\r\n&lt;p&gt;7.- Colocar el tap&amp;oacute;n de ingreso el aceite y asegurar que exista fuga.&lt;/p&gt;\r\n\r\n&lt;p&gt;8.- Encender la maquinaria y verificar que no exista fugas de aceite.&lt;/p&gt;','&lt;p&gt;La persona encargada de realizar las actividades de mantenimiento deber&amp;aacute; seguir los pasos cuidadosamente y contar con el equipo necesario de seguridad (Guantes, overol, gafas y mascarilla).&lt;/p&gt;','Cambio de aceite de eje posterior',69,4,4,450,30,0,'plan2055909996.pdf'),(56,'40 Min',0,'<p>-Juego de llaves</p>\r\n\r\n<p>- Bomba de engrase</p>\r\n\r\n<p>-Caja de herramientas de &frac12;</p>\r\n\r\n<p>-juego de destornilladores</p>\r\n\r\n<p>- juego de pinzas</p>\r\n','<p>-Grasa CAT</p>\r\n\r\n<p>- guaipe</p>\r\n','','&lt;p&gt;1.- Apagar la maquinaria&lt;/p&gt;\r\n\r\n&lt;p&gt;2.- En caso de ser necesario lavar la maquinaria.&lt;/p&gt;\r\n\r\n&lt;p&gt;3.-Quitar todos los protectores que la maquinaria tenga as&amp;iacute; dejar libre los lugares que se va lubricar.&lt;/p&gt;\r\n\r\n&lt;p&gt;4.- Con la engrasadora manual lubricar todos los lugares de engrase.&lt;/p&gt;\r\n\r\n&lt;p&gt;5.-Colocar todos los protectores en los lugares establecidos.&lt;/p&gt;','&lt;p&gt;La persona encargada de realizar las actividades de mantenimiento deber&amp;aacute; seguir los pasos cuidadosamente y contar con el equipo necesario de seguridad (Guantes, overol, gafas y mascarilla).&lt;/p&gt;','Lubricación general de todas las partes de la maquinaria',70,4,4,200,30,0,'plan2024163002.pdf'),(57,'',0,'','','','','','',0,0,0,0,0,0,'plan2032556585.'),(58,'',0,'','','','','','',0,0,0,0,0,0,'plan1122342538.'),(59,'',0,'','','','','','',0,0,0,0,0,0,'plan532282303.'),(60,'30 Min',0,'<p>-Juego de llaves</p>\r\n\r\n<p>- caja de herramientas de 1/2</p>\r\n\r\n<p>-cadena de filtros</p>\r\n\r\n<p>-juego de destornilladores</p>\r\n','<p>-Aceite de acuerdo a la maquinaria SAE 15W 40</p>\r\n\r\n<p>- guaipe</p>\r\n','','&lt;p&gt;1.- Apagar la maquinaria.&lt;/p&gt;\r\n\r\n&lt;p&gt;2.- Quitar los protectores que cubren el Carter&lt;/p&gt;\r\n\r\n&lt;p&gt;3.- Con la llave apropiada aflojar el tap&amp;oacute;n y vaciar el aceite.&lt;/p&gt;\r\n\r\n&lt;p&gt;4.-Aseguara nuevamente el tap&amp;oacute;n del Carter.&lt;/p&gt;\r\n\r\n&lt;p&gt;5.- Extraer el filtro de aceite con la cadena de filtros.&lt;/p&gt;\r\n\r\n&lt;p&gt;6.- limpiara la base donde va ubicado el filtro y colocar el nuevo filtro de combustible.&lt;/p&gt;\r\n\r\n&lt;p&gt;7.- Colocar el aceite hasta el nivel indicado.&lt;/p&gt;\r\n\r\n&lt;p&gt;8.-Encender la maquinaria y verificar que exista fugas.&lt;/p&gt;\r\n\r\n&lt;p&gt;9.-Colocar todos las protecciones extra&amp;iacute;das.&lt;/p&gt;','&lt;p&gt;La persona encargada de realizar las actividades de mantenimiento deber&amp;aacute; seguir los pasos cuidadosamente y contar con el equipo necesario de seguridad (Guantes, overol, gafas y mascarilla).&lt;/p&gt;','Cambio de aceite y filtro',70,7,7,400,30,0,'plan505774911.pdf'),(61,'3Hora',0,'<table cellspacing=\"0\" style=\"width:769px\">\r\n	<tbody>\r\n		<tr>\r\n			<td style=\"width:106.3pt\">\r\n			<p>-Juego de llaves</p>\r\n\r\n			<p>- caja de herramientas 1/2</p>\r\n\r\n			<p>-caja de herramientas de 1/4.</p>\r\n\r\n			<p>- destornillador plano</p>\r\n\r\n			<p>- desto','<table cellspacing=\"0\" style=\"width:769px\">\r\n	<tbody>\r\n		<tr>\r\n			<td style=\"width:152.6pt\">\r\n			<p>- una banda de distribuci&oacute;n</p>\r\n\r\n			<p>- guaipe</p>\r\n\r\n			<p>- una brocha peque&ntilde;a.</p>\r\n			</td>\r\n		</tr>\r\n	</tbody>\r\n</table>\r\n','','&lt;p&gt;1.- Apagar el veh&amp;iacute;culo.&lt;/p&gt;\r\n\r\n&lt;p&gt;2.- Extraer las bandas de accesorios&lt;/p&gt;\r\n\r\n&lt;p&gt;3.- Desmontar la tapa de la banda de distribuidor&lt;/p&gt;\r\n\r\n&lt;p&gt;4.- Colocar punto a punto tanto el engranaje de cig&amp;uuml;e&amp;ntilde;al con el &amp;aacute;rbol de levas.&lt;/p&gt;\r\n\r\n&lt;p&gt;5.- Revisar la banda de distribuci&amp;oacute;n en caso de que se encuentre en mal estado continuar a los siguientes &amp;iacute;tems.&lt;/p&gt;\r\n\r\n&lt;p&gt;6.- Colocar la palanca de cambios en 5 pisar el freno mientras otra persona afloja el perno que sujeta la polea del cig&amp;uuml;e&amp;ntilde;al.&lt;/p&gt;\r\n\r\n&lt;p&gt;7.- Aflojar la polea tensora extraer la banda.&lt;/p&gt;\r\n\r\n&lt;p&gt;8.- remplazar la nueva banda&lt;/p&gt;\r\n\r\n&lt;p&gt;9.-Templar la banda&lt;/p&gt;\r\n\r\n&lt;p&gt;10.-Revisar el punto a punto est&amp;eacute;n coincidiendo entre el &amp;aacute;rbol de levas y el cig&amp;uuml;e&amp;ntilde;al.&lt;/p&gt;\r\n\r\n&lt;p&gt;11.- Ajustar el perno de la polea de cig&amp;uuml;e&amp;ntilde;al&lt;/p&gt;\r\n\r\n&lt;p&gt;y ensamblar nuevamente las piezas extra&amp;iacute;das.&lt;/p&gt;','&lt;p&gt;La persona encargada de realizar las actividades de mantenimiento deber&amp;aacute; seguir los pasos cuidadosamente y contar con el equipo necesario de seguridad (Guantes, overol, gafas y mascarilla).&lt;/p&gt;','Revisión de la banda o Correas',65,9,9,20000,100,0,'plan2005874441.pdf'),(62,'30 Min',0,'<p>- Cepillo o brocha peque&ntilde;a.</p>\r\n\r\n<p>- Recipiente con una capacidad de m&aacute;s de 10 litros</p>\r\n\r\n<p>- Botellas pl&aacute;sticas con tapa</p>\r\n','<p>-Filtro de aire</p>\r\n\r\n<p>-guipe</p>\r\n','','&lt;p&gt;&lt;strong&gt;1.-&lt;/strong&gt; Apagar la maquinaria&lt;/p&gt;\r\n\r\n&lt;p&gt;&lt;strong&gt;2.-&lt;/strong&gt; localizar el filtro de aire.&lt;/p&gt;\r\n\r\n&lt;p&gt;&lt;strong&gt;3.-&lt;/strong&gt;Con la llave apropiada quitar los protectores que sostengan al filtro de aire.&lt;/p&gt;\r\n\r\n&lt;p&gt;&lt;strong&gt;4.-&lt;/strong&gt; Extraer y sustituir el nuevo filtro de aire.&lt;/p&gt;\r\n\r\n&lt;p&gt;&lt;strong&gt;5.-&lt;/strong&gt;Colocar nuevamente los protectores.&lt;/p&gt;\r\n\r\n&lt;p&gt;&lt;strong&gt;6.-&lt;/strong&gt; Encender la maquinaria y verificar que no queden vac&amp;iacute;os.&lt;/p&gt;','&lt;p&gt;La persona encargada de realizar las actividades de mantenimiento deber&amp;aacute; seguir los pasos cuidadosamente y contar con el equipo necesario de seguridad (Guantes, overol, gafas y mascarilla).&lt;/p&gt;','Cambio de filtro de aire',69,7,7,400,30,0,'plan128779903.pdf'),(63,'30 Min',0,'<p>-Juego de llaves</p>\r\n\r\n<p>- caja de herramientas de 1/2</p>\r\n\r\n<p>-llave de filtros de combustible.</p>\r\n\r\n<p>-pinzas</p>\r\n','<p>-filtro de combustible</p>\r\n\r\n<p>- guaipe</p>\r\n','','&lt;p&gt;1.- Apagar la maquinaria.&lt;/p&gt;\r\n\r\n&lt;p&gt;2.- Localizar el filtro de combustible.&lt;/p&gt;\r\n\r\n&lt;p&gt;3.- Quitar los protectores y sustraer el filtro de combustible&lt;/p&gt;\r\n\r\n&lt;p&gt;4.-Replazar el filtro de combustible.&lt;/p&gt;\r\n\r\n&lt;p&gt;5.- Hacer la purga del sistema para que no quede aire en el sistema de alimentaci&amp;oacute;n&lt;/p&gt;\r\n\r\n&lt;p&gt;6.- Encender la maquinaria y verificar que no exista fugas.&lt;/p&gt;','&lt;p&gt;La persona encargada de realizar las actividades de mantenimiento deber&amp;aacute; seguir los pasos cuidadosamente y contar con el equipo necesario de seguridad (Guantes, overol, gafas y mascarilla).&lt;/p&gt;','Cambio de filtro de combustible',69,7,7,500,30,0,'plan764637933.pdf'),(64,'',0,'','','','','','',0,0,0,0,0,0,'plan1404367595.'),(65,'2 horas',0,'<p>-Juego de llaves</p>\r\n\r\n<p>- caja de herramientas de 1/2</p>\r\n\r\n<p>-caja de herramientas de 1/4</p>\r\n\r\n<p>-juego de destornilladores</p>\r\n\r\n<p>-pinzas</p>\r\n','<p>-filtros de A/C</p>\r\n\r\n<p>- Guaipe</p>\r\n','','&lt;p&gt;1.- Apagar la maquinaria.&lt;/p&gt;\r\n\r\n&lt;p&gt;2.- Ubicar la localizaci&amp;oacute;n de los filtros de A/C&lt;/p&gt;\r\n\r\n&lt;p&gt;3.- Extraer los filtros de A/C.&lt;/p&gt;\r\n\r\n&lt;p&gt;4.-Sustituir los filtros de A/C.&lt;/p&gt;\r\n\r\n&lt;p&gt;5.- Colocar todos los protectores.&lt;/p&gt;','&lt;p&gt;La persona encargada de realizar las actividades de mantenimiento deber&amp;aacute; seguir los pasos cuidadosamente y contar con el equipo necesario de seguridad (Guantes, overol, gafas y mascarilla).&lt;/p&gt;','Cambio de acondicionador de aire fresco y de aire recirculador',69,7,7,2000,30,0,'plan1734570301.pdf'),(66,'45Min',0,'<p>- Cepillo o brocha peque&ntilde;a.</p>\r\n\r\n<p>- caja de herramientas &frac12;</p>\r\n\r\n<p>- bomba de vac&iacute;o</p>\r\n','<p>-liquido hidr&aacute;ulico ATF</p>\r\n\r\n<p>-Guipe</p>\r\n','','&lt;p&gt;&lt;strong&gt;1.-&lt;/strong&gt; Apagar la maquinaria.&lt;/p&gt;\r\n\r\n&lt;p&gt;&lt;strong&gt;2.-&lt;/strong&gt; Con la bomba de vac&amp;iacute;o succionar todo el aceite hidr&amp;aacute;ulico viejo.&lt;/p&gt;\r\n\r\n&lt;p&gt;&lt;strong&gt;3.-&lt;/strong&gt;Colocar el nuevo aceite de hidr&amp;aacute;ulico hasta el nivel indicado en el dep&amp;oacute;sito.&lt;/p&gt;\r\n\r\n&lt;p&gt;&lt;strong&gt;4.-&lt;/strong&gt; Encender la maquinaria y verificar que no exista fugas y ruidos extra&amp;ntilde;os.&lt;/p&gt;','&lt;p&gt;La persona encargada de realizar las actividades de mantenimiento deber&amp;aacute; seguir los pasos cuidadosamente y contar con el equipo necesario de seguridad (Guantes, overol, gafas y mascarilla).&lt;/p&gt;','Cambio de aceite de hidráulico',70,7,7,1500,30,0,'plan377488890.pdf'),(67,'45Min',0,'<p>- Cepillo o brocha peque&ntilde;a.</p>\r\n\r\n<p>- caja de herramientas &frac12;</p>\r\n','<p>-liquido hidr&aacute;ulico ATF</p>\r\n\r\n<p>-Guipe</p>\r\n','','&lt;p&gt;&lt;strong&gt;1.-&lt;/strong&gt; Apagar la maquinaria.&lt;/p&gt;\r\n\r\n&lt;p&gt;&lt;strong&gt;2.-&lt;/strong&gt; Localizar en donde est&amp;aacute; el filtro hidr&amp;aacute;ulico.&lt;/p&gt;\r\n\r\n&lt;p&gt;&lt;strong&gt;3.-&lt;/strong&gt;Quitar todos las protecciones que tenga.&lt;/p&gt;\r\n\r\n&lt;p&gt;&lt;strong&gt;4.-&lt;/strong&gt; Extraer el filtro de hidr&amp;aacute;ulico.&lt;/p&gt;\r\n\r\n&lt;p&gt;&lt;strong&gt;5.-&lt;/strong&gt;Colocar el nuevo filtro.&lt;/p&gt;\r\n\r\n&lt;p&gt;&lt;strong&gt;6.-&lt;/strong&gt; Completar el l&amp;iacute;quido ATF si se descarg&amp;oacute; hasta el nivel indicado en el dep&amp;oacute;sito.&lt;/p&gt;\r\n\r\n&lt;p&gt;&lt;strong&gt;7.-&lt;/strong&gt;Encender la maquinaria y verificar que no exista fugas, y ruidos extra&amp;ntilde;os.&lt;/p&gt;','&lt;p&gt;La persona encargada de realizar las actividades de mantenimiento deber&amp;aacute; seguir los pasos cuidadosamente y contar con el equipo necesario de seguridad (Guantes, overol, gafas y mascarilla).&lt;/p&gt;','Cambio de filtro hidráulico',69,7,7,450,30,0,'plan258374574.pdf'),(68,'1 Hora',0,'<table cellspacing=\"0\" style=\"width:769px\">\r\n	<tbody>\r\n		<tr>\r\n			<td style=\"width:106.3pt\">\r\n			<p>-Juego de llaves</p>\r\n\r\n			<p>- caja de herramientas 1/2</p>\r\n\r\n			<p>- caja de herramientas 1/8</p>\r\n\r\n			<p>-Destornillador plano</p>\r\n\r\n			<p>- Destornil','<p>-juego de bujes de los amortiguadores.</p>\r\n','','&lt;table border=&quot;1&quot; cellspacing=&quot;0&quot; style=&quot;width:769px&quot;&gt;\r\n	&lt;tbody&gt;\r\n		&lt;tr&gt;\r\n			&lt;td style=&quot;width:202.55pt&quot;&gt;\r\n			&lt;p&gt;1.- Apagar el veh&amp;iacute;culo.&lt;/p&gt;\r\n\r\n			&lt;p&gt;2.-Colocar el veh&amp;iacute;culo en el elevador hidr&amp;aacute;ulico.&lt;/p&gt;\r\n\r\n			&lt;p&gt;3.- elevar a un nivel adecuado y c&amp;oacute;modo de realizar el trabajo.&lt;/p&gt;\r\n\r\n			&lt;p&gt;4.- Con la llave apropiada abrir la tuerca del amortiguador.&lt;/p&gt;\r\n\r\n			&lt;p&gt;5.- Revisar con un destornillador plano si tiene juego los bujes en caso de tener juego continuar a los siguientes &amp;iacute;tems.&lt;/p&gt;\r\n\r\n			&lt;p&gt;6.- Extraer el amortiguador.&lt;/p&gt;\r\n\r\n			&lt;p&gt;7.- Remplazar los nuevos bujes tanto como el lado izquierdo y derecho.&lt;/p&gt;\r\n\r\n			&lt;p&gt;8.- colocar nuevamente el amortiguador dar un ajuste correcto.&lt;/p&gt;\r\n			&lt;/td&gt;\r\n		&lt;/tr&gt;\r\n	&lt;/tbody&gt;\r\n&lt;/table&gt;','&lt;p&gt;La persona encargada de realizar las actividades de mantenimiento deber&amp;aacute; seguir los pasos cuidadosamente y contar con el equipo necesario de seguridad (Guantes, overol, gafas y mascarilla).&lt;/p&gt;','Revisión de los bujes de los amortiguadores',65,9,9,25000,100,0,'plan1940091706.pdf'),(69,'1 Hora',0,'<p>- Cepillo o brocha peque&ntilde;a.</p>\r\n\r\n<p>- Recipiente con una capacidad de m&aacute;s de 10 litros</p>\r\n\r\n<p>- Botellas pl&aacute;sticas con tapa</p>\r\n','<p>-Agua</p>\r\n\r\n<p>-Detergente</p>\r\n\r\n<p>-aire comprimido</p>\r\n','','&lt;p&gt;&lt;strong&gt;1.-&lt;/strong&gt; Levantar el capo y fijar los ganchos de seguridad.&lt;/p&gt;\r\n\r\n&lt;p&gt;&lt;strong&gt;2.-&lt;/strong&gt; Limpiar la rejilla del radiador mediante agua jabonosa con una brocha o cepillo en la misma direcci&amp;oacute;n de rejilla.&lt;/p&gt;\r\n\r\n&lt;p&gt;&lt;strong&gt;3.-&lt;/strong&gt;Mediante agua a presi&amp;oacute;n se procede a enjuagar.&lt;/p&gt;\r\n\r\n&lt;p&gt;&lt;strong&gt;4.-&lt;/strong&gt; Vaciar todo el l&amp;iacute;quido refrigerante del radiador y almacenar&lt;/p&gt;\r\n\r\n&lt;p&gt;&lt;strong&gt;5.-&lt;/strong&gt;Llenar el radiador con agua limpia y vaciarla una y otra vez hasta que quede limpia.&lt;/p&gt;\r\n\r\n&lt;p&gt;&lt;strong&gt;6.-&lt;/strong&gt; Verificar que todos los elementos como: La tapa del radiador, manguera y abrazaderas est&amp;eacute;n en &amp;oacute;ptimas condiciones de no ser as&amp;iacute; sustituirlas.&lt;/p&gt;\r\n\r\n&lt;p&gt;&lt;strong&gt;7.-&lt;/strong&gt;Una vez realizado la limpieza llenar el radiador con el l&amp;iacute;quido refrigerante.&lt;/p&gt;\r\n\r\n&lt;p&gt;&lt;strong&gt;8.-&lt;/strong&gt; Eliminar el aire de circuito del radiador para ello encendemos el veh&amp;iacute;culo durante unos minutos en el cual liquido circulara por todo el circuito eliminando el aire.&lt;/p&gt;','&lt;p&gt;La persona encargada de realizar las actividades de mantenimiento deber&amp;aacute; seguir los pasos cuidadosamente y contar con el equipo necesario de seguridad (Guantes, overol, gafas y mascarilla).&lt;/p&gt;','Revisión y Limpieza de los conductos del radiador',69,7,7,400,30,0,'plan330061076.pdf'),(70,'1 Hora',0,'<p>- Cepillo o brocha peque&ntilde;a.</p>\r\n\r\n<p>- Recipiente con una capacidad de m&aacute;s de 10 litros</p>\r\n\r\n<p>- Botellas pl&aacute;sticas con tapa.</p>\r\n\r\n<p>-Juego de desarmadores</p>\r\n\r\n<p>- Esp&aacute;tula</p>\r\n','<p>-Agua</p>\r\n\r\n<p>-Detergente</p>\r\n\r\n<p>- Liquido sellante para sistemas refrigerantes</p>\r\n\r\n<p>- Resina de epoxi</p>\r\n\r\n<p>-L&iacute;quido refrigerante</p>\r\n\r\n<p>- Manguera</p>\r\n','','&lt;p&gt;&lt;strong&gt;1.-&lt;/strong&gt; Revisi&amp;oacute;n de fugas para ello arrancamos el motor y esperar hasta que se caliente para saber con exactitud donde es la fuga.&lt;/p&gt;\r\n\r\n&lt;p&gt;&lt;strong&gt;2.-&lt;/strong&gt; Cambiar la manguera de la que proviene la fuga y asegurar bien con las abrazaderas.&lt;/p&gt;\r\n\r\n&lt;p&gt;&lt;strong&gt;3.-&lt;/strong&gt;Apagar el motor para q se enfri&amp;eacute; luego vaciar todo l&amp;iacute;quido refrigerante&lt;/p&gt;\r\n\r\n&lt;p&gt;&lt;strong&gt;4.-&lt;/strong&gt; Limpiar le lugar de la fuga y parchamos la superficie da&amp;ntilde;ada con resina de epoxi.&lt;/p&gt;\r\n\r\n&lt;p&gt;&lt;strong&gt;5.-&lt;/strong&gt;Desmontar la tapa de radiador y colocar el l&amp;iacute;quido sellante para sistemas refrigerantes.&lt;/p&gt;\r\n\r\n&lt;p&gt;&lt;strong&gt;6.-&lt;/strong&gt; Colocar el l&amp;iacute;quido refrigerante en el radiador y verificar que no sobrepase los limites.&lt;/p&gt;','&lt;p&gt;La persona encargada de realizar las actividades de mantenimiento deber&amp;aacute; seguir los pasos cuidadosamente y contar con el equipo necesario de seguridad (Guantes, overol, gafas y mascarilla).&lt;/p&gt;','Reparación y revisión de fugas en el radiador',69,7,7,3000,30,0,'plan1040107326.pdf'),(71,'1 Hora',0,'<p>-Juego de desarmadores</p>\r\n\r\n<p>- Juego de copas de veh&iacute;culos.</p>\r\n\r\n<p>-Alicates</p>\r\n','<p>-Franela</p>\r\n\r\n<p>-Guaipe</p>\r\n\r\n<p>-Manual de fabricante del veh&iacute;culo&nbsp; especifico que se va a realizar la tarea</p>\r\n','','&lt;p&gt;&lt;strong&gt;1.-&lt;/strong&gt; Desconectar el negativo de la bater&amp;iacute;a.&lt;/p&gt;\r\n\r\n&lt;p&gt;&lt;strong&gt;2.-&lt;/strong&gt;Retirar la correa del alternador para ello afloja las tuercas y empuja el alternador.&lt;/p&gt;\r\n\r\n&lt;p&gt;&lt;strong&gt;3.-&lt;/strong&gt;Retirar cualquier accesorio para poder acceder a la tapa&amp;nbsp; de la correa de distribuci&amp;oacute;n.&lt;/p&gt;\r\n\r\n&lt;p&gt;&lt;strong&gt;4.-&lt;/strong&gt; Retirar los ganchos de sujeci&amp;oacute;n y los pernos que contenga para retirar la tapa de distribuidor (determinar el PMS del primer cilindro. Consultar en el manual de reparaci&amp;oacute;n ya que var&amp;iacute;a seg&amp;uacute;n el modelo del veh&amp;iacute;culo).&lt;/p&gt;\r\n\r\n&lt;p&gt;&lt;strong&gt;5.-&lt;/strong&gt;Utilizar en el perno de la polea del cig&amp;uuml;e&amp;ntilde;al una copa y una palanca de fuerza para hacer girar hasta hacer coincidir con la se&amp;ntilde;al 0&amp;deg;de la distribuci&amp;oacute;n.&lt;/p&gt;\r\n\r\n&lt;p&gt;&lt;strong&gt;6.-&lt;/strong&gt; Desmontar la polea arm&amp;oacute;nico que se encuentra sobre el &amp;aacute;rbol de levas, Para volver a montarlo tendr&amp;aacute; que alinear la polea de cig&amp;uuml;e&amp;ntilde;al y el engranaje.&lt;/p&gt;\r\n\r\n&lt;p&gt;&lt;strong&gt;7.-&lt;/strong&gt; Retirar la tapa del distribuidor para ello aflojar todos los pernos que contenga.&lt;/p&gt;\r\n\r\n&lt;p&gt;&lt;strong&gt;8.-&lt;/strong&gt; Hacer coincidir la marca del &amp;aacute;rbol de levas con la marca de la distribuci&amp;oacute;n del cig&amp;uuml;e&amp;ntilde;al.&lt;/p&gt;\r\n\r\n&lt;p&gt;&lt;strong&gt;9.- &lt;/strong&gt;Aflojar los pernos del tensor, no retirarlo completamente en lugar de eso gira el tensor para que se afloje la correa y despu&amp;eacute;s ajustarlo nuevamente pero que quede un poco suelto.&lt;/p&gt;\r\n\r\n&lt;p&gt;&lt;strong&gt;10.-&lt;/strong&gt;Revisar la polea tensora para ver si tiene alguna aver&amp;iacute;a si lo tiene reemplazarla.&lt;/p&gt;\r\n\r\n&lt;p&gt;&lt;strong&gt;11.&lt;/strong&gt; Retirar la correa de los pi&amp;ntilde;ones y verificar que no presente alguna anomal&amp;iacute;a de tenerlos reemplazar la correa.&lt;/p&gt;\r\n\r\n&lt;p&gt;&lt;strong&gt;12.-&lt;/strong&gt; Montar la correa teniendo en cuanta el manual&amp;nbsp; del fabricante para dar el torque adecuado que es exclusivo de cada uno de los veh&amp;iacute;culos.&lt;/p&gt;','&lt;p&gt;La persona encargada de realizar las actividades de mantenimiento deber&amp;aacute; seguir los pasos cuidadosamente y contar con el equipo necesario de seguridad (Guantes, overol, gafas y mascarilla).&lt;/p&gt;','Revisión y reinstalación de  la correa de distribución',69,7,7,4000,30,0,'plan1346969722.pdf'),(72,'1:30 Hora',0,'<p>-Juego de llaves</p>\r\n\r\n<p>- caja de herramientas 1/2</p>\r\n\r\n<p>-caja de herramientas de 1/4</p>\r\n\r\n<p>-Destornillador plano</p>\r\n\r\n<p>- Destornillador estrella.</p>\r\n\r\n<p>- un alicate.</p>\r\n\r\n<p>- un martillo</p>\r\n','<table cellspacing=\"0\" style=\"width:769px\">\r\n	<tbody>\r\n		<tr>\r\n			<td style=\"width:152.6pt\">\r\n			<p>-juego de grampas</p>\r\n			</td>\r\n		</tr>\r\n	</tbody>\r\n</table>\r\n','','&lt;p&gt;1.- Apagar el veh&amp;iacute;culo.&lt;/p&gt;\r\n\r\n&lt;p&gt;2.- Elevar el veh&amp;iacute;culo en un elevador hidr&amp;aacute;ulico.&lt;/p&gt;\r\n\r\n&lt;p&gt;3.- elevar a un nivel adecuado y c&amp;oacute;modo de realizar el trabajo.&lt;/p&gt;\r\n\r\n&lt;p&gt;4.- Revisar si alguna grampa esta suelta, o alguna ballesta esta con juego si existe juego remplazar las grampas.&lt;/p&gt;\r\n\r\n&lt;p&gt;5.- realizar un ajuste correcto.&lt;/p&gt;','&lt;p&gt;La persona encargada de realizar las actividades de mantenimiento deber&amp;aacute; seguir los pasos cuidadosamente y contar con el equipo necesario de seguridad (Guantes, overol, gafas y mascarilla).&lt;/p&gt;','Revisión de las ballestas',65,9,9,30000,100,0,'plan354819640.pdf'),(73,'1 Hora',0,'<p>-Recipiente de una capacidad mayor a 10 litros.</p>\r\n\r\n<p>- Juego de copas de veh&iacute;culos.</p>\r\n\r\n<p>- Juego de desarmadores</p>\r\n','<p>- Guaipe</p>\r\n\r\n<p>- Silic&oacute;n</p>\r\n\r\n<p>- Junta o empaque</p>\r\n\r\n<p>- Gasolina</p>\r\n\r\n<p>-Aceite del motor</p>\r\n\r\n<p>-Filtro de aceite</p>\r\n','','&lt;p&gt;&lt;strong&gt;1.-&lt;/strong&gt; Vaciar todo el aceite del motor.&lt;/p&gt;\r\n\r\n&lt;p&gt;&lt;strong&gt;2.-&lt;/strong&gt; Abrir los pernos del Carter en diagonal&lt;/p&gt;\r\n\r\n&lt;p&gt;&lt;strong&gt;3.-&lt;/strong&gt; Antes de abrir los dos &amp;uacute;ltimos pernos sostener el Carter con un guaipe y luego abrirlos&lt;/p&gt;\r\n\r\n&lt;p&gt;4.- Con el Carter desmontado limpiar bien el silic&amp;oacute;n de las uniones.&lt;/p&gt;\r\n\r\n&lt;p&gt;&lt;strong&gt;5.-&lt;/strong&gt; Limpiar todo el aceite del Carter con gasolina y dejarlo totalmente limpio&lt;/p&gt;\r\n\r\n&lt;p&gt;&lt;strong&gt;6.-&lt;/strong&gt; Colocar el silic&amp;oacute;n en las uniones y el empaque.&lt;/p&gt;\r\n\r\n&lt;p&gt;&lt;strong&gt;7.-&lt;/strong&gt; Montaje del Carter ajustando los pernos en diagonal.&lt;/p&gt;\r\n\r\n&lt;p&gt;&lt;strong&gt;8.-&lt;/strong&gt; Dejar secar bien una vez montado el Carter.&lt;/p&gt;\r\n\r\n&lt;p&gt;&lt;strong&gt;9.-&lt;/strong&gt; Cambiar el filtro y llenar de aceite en el motor.&lt;/p&gt;\r\n\r\n&lt;p&gt;&lt;strong&gt;10.-&lt;/strong&gt; Revisar el nivel del aceite.&lt;/p&gt;','&lt;p&gt;La persona encargada de realizar las actividades de mantenimiento deber&amp;aacute; seguir los pasos cuidadosamente y contar con el equipo necesario de seguridad (Guantes, overol, gafas y mascarilla).&lt;/p&gt;','Cambio de juntas o empaques del Carter',69,7,7,3000,30,0,'plan1900983385.pdf'),(74,'2 horas',0,'<p>-Juego de llaves</p>\r\n\r\n<p>- caja de herramientas de 1/4</p>\r\n\r\n<p>- caja de herramientas de 1/2</p>\r\n\r\n<p>-maquina comprobadora de presiones de inyectores.</p>\r\n\r\n<p>-compresor neum&aacute;tico</p>\r\n','<p>-juego de toberas</p>\r\n\r\n<p>- guaipe</p>\r\n\r\n<p>Aire comprimido</p>\r\n','','&lt;p&gt;1.- Apagar el veh&amp;iacute;culo.&lt;/p&gt;\r\n\r\n&lt;p&gt;2.- Quitar los protectores de los inyectores.&lt;/p&gt;\r\n\r\n&lt;p&gt;3.-Con una llave aflojar las ca&amp;ntilde;er&amp;iacute;as de cada inyector y la ca&amp;ntilde;er&amp;iacute;a de retorno.&lt;/p&gt;\r\n\r\n&lt;p&gt;4.-Extraer los inyectores.&lt;/p&gt;\r\n\r\n&lt;p&gt;5.-Colocar en la m&amp;aacute;quina para poder revisar si existe cholera.&lt;/p&gt;\r\n\r\n&lt;p&gt;6.-Si lo existe remplazar las toberas.&lt;/p&gt;\r\n\r\n&lt;p&gt;7. Realizar una limpieza del lugar donde van ubicado cada inyectores.&lt;/p&gt;\r\n\r\n&lt;p&gt;8.-Instalar correctamente.&lt;/p&gt;','&lt;p&gt;La persona encargada de realizar las actividades de mantenimiento deber&amp;aacute; seguir los pasos cuidadosamente y contar con el equipo necesario de seguridad (Guantes, overol, gafas y mascarilla).&lt;/p&gt;','Revisión de las toberas de los inyectores.',69,7,7,2000,30,0,'plan858162513.pdf'),(75,'30 Min',0,'<p>-Juego de llaves</p>\r\n\r\n<p>- faja de filtro de combustibles</p>\r\n','<p>-filtro de combustible</p>\r\n\r\n<p>- guaipe</p>\r\n','','&lt;p&gt;1.- Apagar la maquinaria&lt;/p&gt;\r\n\r\n&lt;p&gt;2.- Con una faja de filtros de combustibles quitar el filtro viejo.&lt;/p&gt;\r\n\r\n&lt;p&gt;3.-Remplazar el nuevo filtro de combustible y dar el troque correcto.&lt;/p&gt;\r\n\r\n&lt;p&gt;4.-Purgar todo el aire que se encuentra el sistema de alimentaci&amp;oacute;n.&lt;/p&gt;\r\n\r\n&lt;p&gt;5.-Encender la maquinaria y revisar que no exista las fugas.&lt;/p&gt;','&lt;p&gt;La persona encargada de realizar las actividades de mantenimiento deber&amp;aacute; seguir los pasos cuidadosamente y contar con el equipo necesario de seguridad (Guantes, overol, gafas y mascarilla).&lt;/p&gt;','Cambio de filtro de combustible',69,7,7,500,30,0,'plan1000748370.pdf'),(76,'2 hora',0,'<p>-Juego de llaves</p>\r\n\r\n<p>- caja de herramientas 1/2</p>\r\n\r\n<p>-caja de herramientas de &frac14;</p>\r\n\r\n<p>-Caja de herramientas 1/8.</p>\r\n\r\n<p>- Alicate</p>\r\n\r\n<p>- juego de destornilladores.</p>\r\n','<p>- una varilla de la barra estabilizadora.</p>\r\n','','&lt;p&gt;1.- Apagar el veh&amp;iacute;culo.&lt;/p&gt;\r\n\r\n&lt;p&gt;2.-elevar el veh&amp;iacute;culo en un elevador hidr&amp;aacute;ulico.&lt;/p&gt;\r\n\r\n&lt;p&gt;3.- elevar a un nivel adecuado y c&amp;oacute;modo de realizar el trabajo.&lt;/p&gt;\r\n\r\n&lt;p&gt;4.- Con una persona en el interior de veh&amp;iacute;culo hacer de que gire la direcci&amp;oacute;n de izquierda a derecha y revisar si tiene alguna ruptura.&lt;/p&gt;\r\n\r\n&lt;p&gt;5.- Si existe alguna ruptura remplazar la barrilla de la barra estabilizadora.&lt;/p&gt;','&lt;p&gt;La persona encargada de realizar las actividades de mantenimiento deber&amp;aacute; seguir los pasos cuidadosamente y contar con el equipo necesario de seguridad (Guantes, overol, gafas y mascarilla).&lt;/p&gt;','Revisión de las varillas de la barra estabilizadora',65,9,9,35000,100,0,'plan722936967.pdf'),(77,'1 Hora',0,'<p>- Juego de copas de veh&iacute;culos.</p>\r\n\r\n<p>- Juego de desarmadores</p>\r\n\r\n<p>- Juego de llaves</p>\r\n\r\n<p>- Gata hidr&aacute;ulica</p>\r\n\r\n<p>- Recipiente para el aceite de motor con una capacidad de m&aacute;s de 10 litros</p>\r\n','<p>- Guaipe</p>\r\n\r\n<p>- Silic&oacute;n</p>\r\n\r\n<p>- Junta o empaque</p>\r\n\r\n<p>- Gasolina</p>\r\n\r\n<p>-Filtro de aceite</p>\r\n','','&lt;p&gt;&lt;strong&gt;1.-&lt;/strong&gt; Levantar el veh&amp;iacute;culo con un elevador o una gata hidr&amp;aacute;ulica.&lt;/p&gt;\r\n\r\n&lt;p&gt;&lt;strong&gt;2.-&lt;/strong&gt; Vaciar todo el aceite del motor y desmontar el Carter.&lt;/p&gt;\r\n\r\n&lt;p&gt;&lt;strong&gt;3.-&lt;/strong&gt;Limpiar adecuadamente el Carter, sacando todo el silic&amp;oacute;n de los bordes de uni&amp;oacute;n.&lt;/p&gt;\r\n\r\n&lt;p&gt;&lt;strong&gt;4.-&lt;/strong&gt; Lavar el Carter adecuadamente con gasolina que quede completamente limpio.&lt;/p&gt;\r\n\r\n&lt;p&gt;&lt;strong&gt;5.-&lt;/strong&gt;Verificar la instalaci&amp;oacute;n de la bomba por lo general se encuentra en la parte trasera del motor.&lt;/p&gt;\r\n\r\n&lt;p&gt;&lt;strong&gt;6.-&lt;/strong&gt; Retirar la bomba normalmente esta sujetada por un perno y limpiarla adecuadamente.&lt;/p&gt;\r\n\r\n&lt;p&gt;&lt;strong&gt;7.-&lt;/strong&gt; Reinstalar la bamba para ello aseg&amp;uacute;rate de mantener&amp;nbsp; el pin de alineaci&amp;oacute;n en el agujero mientras se coloca la bamba.&lt;/p&gt;\r\n\r\n&lt;p&gt;&lt;strong&gt;8.-&lt;/strong&gt; Ajustar el perno dentro de la bomba mediante un taqu&amp;iacute;metro con una fuerza de 50 Newton.&lt;/p&gt;\r\n\r\n&lt;p&gt;&lt;strong&gt;9.-&lt;/strong&gt; Colocaci&amp;oacute;n del Carter con el empaque y el silic&amp;oacute;n, dejar secar una 30 minutos.&lt;/p&gt;\r\n\r\n&lt;p&gt;&lt;strong&gt;10.- &lt;/strong&gt;Cambiar el filtro de aceite y colocar el nuevo aceite al motor.&lt;/p&gt;\r\n\r\n&lt;p&gt;&lt;strong&gt;11.-&lt;/strong&gt; Revisar la mediad adecuada del aceite.&lt;/p&gt;','&lt;p&gt;La persona encargada de realizar las actividades de mantenimiento deber&amp;aacute; seguir los pasos cuidadosamente y contar con el equipo necesario de seguridad (Guantes, overol, gafas y mascarilla).&lt;/p&gt;','Revisión e instalación de la bomba de aceite',69,7,7,3000,30,0,'plan1248953511.pdf'),(78,'1 Hora',0,'<p>- Llave de filtro de aceite</p>\r\n\r\n<p>- Gata hidr&aacute;ulica</p>\r\n\r\n<p>- Recipiente para el aceite de motor con una capacidad de m&aacute;s de 10 litros</p>\r\n','<p>- Guaipe</p>\r\n\r\n<p>-Filtro de aceite</p>\r\n\r\n<p>- Aceite de motor.</p>\r\n','','&lt;p&gt;&lt;strong&gt;1.-&lt;/strong&gt; Levantar con una gata hidr&amp;aacute;ulica.&lt;/p&gt;\r\n\r\n&lt;p&gt;&lt;strong&gt;2.-&lt;/strong&gt; Vaciar todo el aceite del motor.&lt;/p&gt;\r\n\r\n&lt;p&gt;&lt;strong&gt;3.-&lt;/strong&gt;Cambiar el filtro de aceite.&lt;/p&gt;\r\n\r\n&lt;p&gt;&lt;strong&gt;4.-&lt;/strong&gt; Colocar el nuevo aceite en el motor.&lt;/p&gt;\r\n\r\n&lt;p&gt;&lt;strong&gt;5.-&lt;/strong&gt;Verificar la media adecuada del aceite.&lt;/p&gt;','&lt;p&gt;La persona encargada de realizar las actividades de mantenimiento deber&amp;aacute; seguir los pasos cuidadosamente y contar con el equipo necesario de seguridad (Guantes, overol, gafas y mascarilla).&lt;/p&gt;','Cambio de aceite del motor',70,7,7,3500,30,0,'plan1861177660.pdf'),(79,'30 Min',0,'<p>-Juego de llaves</p>\r\n\r\n<p>- caja de herramientas de &frac12;.</p>\r\n\r\n<p>- bomba de vac&iacute;o.</p>\r\n','<p>-Aceite SAE w140</p>\r\n\r\n<p>- guaipe</p>\r\n','','&lt;p&gt;1.- Apagar la maquinaria&lt;/p&gt;\r\n\r\n&lt;p&gt;2.- Localizar la caja de trasferencia.&lt;/p&gt;\r\n\r\n&lt;p&gt;3.-Con la llave apropiada abrir el tap&amp;oacute;n de descarga y vaciar el aceite.&lt;/p&gt;\r\n\r\n&lt;p&gt;4.-Abrir el tap&amp;oacute;n para colocar el aceite.&lt;/p&gt;\r\n\r\n&lt;p&gt;5.-Asegurar el tap&amp;oacute;n de descarga.&lt;/p&gt;\r\n\r\n&lt;p&gt;6.- Colocar el aceite hasta el nivel indicado.&lt;/p&gt;\r\n\r\n&lt;p&gt;7.- Colocar el tap&amp;oacute;n de ingreso el aceite.&lt;/p&gt;\r\n\r\n&lt;p&gt;8.- Encender la maquinaria y verificar que no exista fugas de aceite.&lt;/p&gt;','&lt;p&gt;La persona encargada de realizar las actividades de mantenimiento deber&amp;aacute; seguir los pasos cuidadosamente y contar con el equipo necesario de seguridad (Guantes, overol, gafas y mascarilla).&lt;/p&gt;','Cambio de aceite de caja de trasmisión ',69,7,7,900,30,0,'plan1593800146.pdf'),(80,'50 Min',0,'<table cellspacing=\"0\" style=\"width:769px\">\r\n	<tbody>\r\n		<tr>\r\n			<td style=\"width:110.05pt\">\r\n			<p>-Juego de llaves</p>\r\n\r\n			<p>- caja de herramientas de &frac12;.</p>\r\n\r\n			<p>- bomba de vac&iacute;o.</p>\r\n			</td>\r\n		</tr>\r\n	</tbody>\r\n</table>\r\n','<p>-Aceite SAE w140</p>\r\n\r\n<p>- guaipe</p>\r\n','','&lt;p&gt;1.- Apagar la maquinaria&lt;/p&gt;\r\n\r\n&lt;p&gt;2.- Elevar la maquinaria y asegurar en un lugar figo y hasta en nivel que se pueda trabajar.&lt;/p&gt;\r\n\r\n&lt;p&gt;3.-Abrir el tap&amp;oacute;n de descarga del aceite del diferencial.&lt;/p&gt;\r\n\r\n&lt;p&gt;4.-Abrir el tap&amp;oacute;n para colocar el aceite.&lt;/p&gt;\r\n\r\n&lt;p&gt;5.-Asegurar el tap&amp;oacute;n de descarga.&lt;/p&gt;\r\n\r\n&lt;p&gt;6.- Colocar el aceite hasta el nivel indicado.&lt;/p&gt;\r\n\r\n&lt;p&gt;7.- Colocar el tap&amp;oacute;n de ingreso el aceite y asegurar que exista fuga.&lt;/p&gt;\r\n\r\n&lt;p&gt;8.- Encender la maquinaria y verificar que no exista fugas de aceite.&lt;/p&gt;','&lt;p&gt;La persona encargada de realizar las actividades de mantenimiento deber&amp;aacute; seguir los pasos cuidadosamente y contar con el equipo necesario de seguridad (Guantes, overol, gafas y mascarilla).&lt;/p&gt;','Cambio de aceite del eje posterior',69,7,7,2000,30,0,'plan1611206277.pdf'),(81,'40 Min',0,'<p>-Juego de llaves</p>\r\n\r\n<p>- Bomba de engrase</p>\r\n\r\n<p>-Caja de herramientas de &frac12;</p>\r\n\r\n<p>-juego de destornilladores</p>\r\n\r\n<p>- juego de pinzas</p>\r\n','<p>-Grasa CAT</p>\r\n\r\n<p>- guaipe</p>\r\n','','&lt;p&gt;1.- Apagar la maquinaria&lt;/p&gt;\r\n\r\n&lt;p&gt;2.- En caso de ser necesario lavar la maquinaria.&lt;/p&gt;\r\n\r\n&lt;p&gt;3.-Quitar todos los protectores que la maquinaria tenga as&amp;iacute; dejar libre los lugares que se va lubricar.&lt;/p&gt;\r\n\r\n&lt;p&gt;4.- Con la engrasadora manual lubricar todos los lugares de engrase.&lt;/p&gt;\r\n\r\n&lt;p&gt;5.-Colocar todos los protectores en los lugares establecidos.&lt;/p&gt;','&lt;p&gt;La persona encargada de realizar las actividades de mantenimiento deber&amp;aacute; seguir los pasos cuidadosamente y contar con el equipo necesario de seguridad (Guantes, overol, gafas y mascarilla).&lt;/p&gt;','Lubricación general de todas las partes de la maquinaria',69,7,7,80,30,0,'plan501572066.pdf'),(82,'1 Hora',0,'<table cellspacing=\"0\" style=\"width:769px\">\r\n	<tbody>\r\n		<tr>\r\n			<td style=\"width:106.3pt\">\r\n			<p>-Juego de llaves</p>\r\n\r\n			<p>- caja de herramientas 1/2</p>\r\n\r\n			<p>-caja de herramientas de &frac14;</p>\r\n\r\n			<p>-Caja de herramientas 1/8.</p>\r\n\r\n			<p','<p>-una tuerca</p>\r\n','','&lt;p&gt;1.- Apagar el veh&amp;iacute;culo.&lt;/p&gt;\r\n\r\n&lt;p&gt;2.-elevar el veh&amp;iacute;culo en un elevador hidr&amp;aacute;ulico.&lt;/p&gt;\r\n\r\n&lt;p&gt;3.- elevar a un nivel adecuado y c&amp;oacute;modo de realizar el trabajo&lt;/p&gt;\r\n\r\n&lt;p&gt;4.- con un torqui metro verificar el toque de 25lbs&lt;/p&gt;\r\n\r\n&lt;p&gt;5.-Si la tuerca est&amp;aacute; en mal estado remplazarlo&lt;/p&gt;','&lt;p&gt;La persona encargada de realizar las actividades de mantenimiento deber&amp;aacute; seguir los pasos cuidadosamente y contar con el equipo necesario de seguridad (Guantes, overol, gafas y mascarilla).&lt;/p&gt;','Revisión del apriete del tornillo de regulación',65,9,9,15000,100,0,'plan471215731.pdf'),(83,'30 Min',0,'<p>-Juego de llaves</p>\r\n\r\n<p>- caja de herramientas de 1/2</p>\r\n\r\n<p>-cadena de filtros</p>\r\n\r\n<p>-juego de destornilladores</p>\r\n','<p>-Aceite de acuerdo a la maquinaria SAE 15W 40</p>\r\n\r\n<p>- guaipe</p>\r\n','','&lt;p&gt;1.- Apagar la maquinaria.&lt;/p&gt;\r\n\r\n&lt;p&gt;2.- Quitar los protectores que cubren el Carter&lt;/p&gt;\r\n\r\n&lt;p&gt;3.- Con la llave apropiada aflojar el tap&amp;oacute;n y vaciar el aceite.&lt;/p&gt;\r\n\r\n&lt;p&gt;4.-Aseguara nuevamente el tap&amp;oacute;n del Carter.&lt;/p&gt;\r\n\r\n&lt;p&gt;5.- Extraer el filtro de aceite con la cadena de filtros.&lt;/p&gt;\r\n\r\n&lt;p&gt;6.- limpiara la base donde va ubicado el filtro y colocar el nuevo filtro de combustible.&lt;/p&gt;\r\n\r\n&lt;p&gt;7.- Colocar el aceite hasta el nivel indicado.&lt;/p&gt;\r\n\r\n&lt;p&gt;8.-Encender la maquinaria y verificar que exista fugas.&lt;/p&gt;\r\n\r\n&lt;p&gt;9.-Colocar todos las protecciones extra&amp;iacute;das.&lt;/p&gt;','&lt;p&gt;&amp;nbsp;La persona encargada de realizar las actividades de mantenimiento deber&amp;aacute; seguir los pasos cuidadosamente y contar con el equipo necesario de seguridad (Guantes, overol, gafas y mascarilla).&lt;/p&gt;','Cambio de aceite y filtro',70,6,6,400,30,0,'plan1740230139.pdf'),(84,'1 Hora',0,'<table cellspacing=\"0\" style=\"width:769px\">\r\n	<tbody>\r\n		<tr>\r\n			<td style=\"width:106.3pt\">\r\n			<p>-Juego de llaves</p>\r\n\r\n			<p>- caja de herramientas 1/2</p>\r\n\r\n			<p>-caja de herramientas de 1/4</p>\r\n\r\n			<p>-Destornillador plano</p>\r\n\r\n			<p>- Destorn','<p>-juego de bujes de ballestas</p>\r\n\r\n<p>-guaipe</p>\r\n','','&lt;p&gt;1.- Apagar el veh&amp;iacute;culo.&lt;/p&gt;\r\n\r\n&lt;p&gt;2.-Elevar el veh&amp;iacute;culo en un elevador hidr&amp;aacute;ulico.&lt;/p&gt;\r\n\r\n&lt;p&gt;3.- Elevar a un nivel adecuado y c&amp;oacute;modo de realizar el trabajo&lt;/p&gt;\r\n\r\n&lt;p&gt;4.- Sacar las tuercas de las ballestas.&lt;/p&gt;\r\n\r\n&lt;p&gt;5.- Revisar si est&amp;aacute; en mal estado los bujes de las ballestas si est&amp;aacute;n defectuosos remplazarlos.&lt;/p&gt;\r\n\r\n&lt;p&gt;5.-Instalar correctamente.&lt;/p&gt;','&lt;p&gt;La persona encargada de realizar las actividades de mantenimiento deber&amp;aacute; seguir los pasos cuidadosamente y contar con el equipo necesario de seguridad (Guantes, overol, gafas y mascarilla).&lt;/p&gt;','Revisión de los bujes de las ballestas',65,9,9,25000,100,0,'plan1399463577.pdf'),(85,'30 Min',0,'<p>-Juego de llaves</p>\r\n\r\n<p>- caja de herramientas de &frac12;</p>\r\n\r\n<p>- pinzas</p>\r\n\r\n<p>- llave de filtro de combustible.</p>\r\n','<p>-Pre -filtro de combustible.</p>\r\n\r\n<p>- guaipe</p>\r\n','','&lt;p&gt;1.- Apagar la maquinaria.&lt;/p&gt;\r\n\r\n&lt;p&gt;2.- Localizar la ubicaci&amp;oacute;n de pre filtro de combustible.&lt;/p&gt;\r\n\r\n&lt;p&gt;3.- Extraer el pre filtros.&lt;/p&gt;\r\n\r\n&lt;p&gt;4.-Sustituir los nuevos filtros.&lt;/p&gt;\r\n\r\n&lt;p&gt;5.- Hacer la purga del sistema para que no quede aire en el sistema de alimentaci&amp;oacute;n&lt;/p&gt;\r\n\r\n&lt;p&gt;6.-Enceder la maquinaria y verificar que no exista fugas.&lt;/p&gt;','&lt;p&gt;La persona encargada de realizar las actividades de mantenimiento deber&amp;aacute; seguir los pasos cuidadosamente y contar con el equipo necesario de seguridad (Guantes, overol, gafas y mascarilla).&lt;/p&gt;','Cambio de pre filtro de combustible',70,6,6,400,30,0,'plan176587997.pdf'),(86,'30 Min',0,'<p>-Juego de llaves</p>\r\n\r\n<p>- caja de herramientas de 1/2</p>\r\n\r\n<p>-llave de filtros de combustible.</p>\r\n\r\n<p>-pinzas</p>\r\n','<p>-filtro de combustible</p>\r\n\r\n<p>- guaipe</p>\r\n','','&lt;p&gt;1.- Apagar la maquinaria.&lt;/p&gt;\r\n\r\n&lt;p&gt;2.- Localizar el filtro de combustible.&lt;/p&gt;\r\n\r\n&lt;p&gt;3.- Quitar los protectores y sustraer el filtro de combustible&lt;/p&gt;\r\n\r\n&lt;p&gt;4.-Replazar el filtro de combustible.&lt;/p&gt;\r\n\r\n&lt;p&gt;5.- Hacer la purga del sistema para que no quede aire en el sistema de alimentaci&amp;oacute;n&lt;/p&gt;\r\n\r\n&lt;p&gt;6.- Encender la maquinaria y verificar que no exista fugas.&lt;/p&gt;','&lt;p&gt;La persona encargada de realizar las actividades de mantenimiento deber&amp;aacute; seguir los pasos cuidadosamente y contar con el equipo necesario de seguridad (Guantes, overol, gafas y mascarilla).&lt;/p&gt;','Cambio de filtro de combustible',69,6,6,800,30,0,'plan690710586.pdf'),(87,'2 horas',0,'<p>-Juego de llaves</p>\r\n\r\n<p>- caja de herramientas de 1/2</p>\r\n\r\n<p>-caja de herramientas de 1/4</p>\r\n\r\n<p>-juego de destornilladores</p>\r\n\r\n<p>-pinzas</p>\r\n','<p>-filtros de A/C</p>\r\n\r\n<p>- Guaipe</p>\r\n','','&lt;p&gt;1.- Apagar la maquinaria.&lt;/p&gt;\r\n\r\n&lt;p&gt;2.- Ubicar la localizaci&amp;oacute;n de los filtros de A/C&lt;/p&gt;\r\n\r\n&lt;p&gt;3.- Extraer los filtros de A/C.&lt;/p&gt;\r\n\r\n&lt;p&gt;4.-Sustituir los filtros de A/C.&lt;/p&gt;\r\n\r\n&lt;p&gt;5.- Colocar todos los protectores.&lt;/p&gt;','&lt;p&gt;La persona encargada de realizar las actividades de mantenimiento deber&amp;aacute; seguir los pasos cuidadosamente y contar con el equipo necesario de seguridad (Guantes, overol, gafas y mascarilla).&lt;/p&gt;','Cambio de acondicionador de aire fresco y de aire recirculador',70,6,6,2000,30,0,'plan299586450.pdf'),(88,'30min',0,'<p>-Juego de llaves</p>\r\n\r\n<p>- caja de herramientas de 1/2</p>\r\n\r\n<p>-cadena de filtros</p>\r\n\r\n<p>-juego de destornilladores</p>\r\n','<p>-Aceite de acuerdo a la maquinaria SAE 15W 40</p>\r\n\r\n<p>- guaipe</p>\r\n','','&lt;p&gt;1.- Apagar la maquinaria.&lt;/p&gt;\r\n\r\n&lt;p&gt;2.- Quitar los protectores que cubren el Carter&lt;/p&gt;\r\n\r\n&lt;p&gt;3.- Con la llave apropiada aflojar el tap&amp;oacute;n y vaciar el aceite.&lt;/p&gt;\r\n\r\n&lt;p&gt;4.-Aseguara nuevamente el tap&amp;oacute;n del Carter.&lt;/p&gt;\r\n\r\n&lt;p&gt;5.- Extraer el filtro de aceite con la cadena de filtros.&lt;/p&gt;\r\n\r\n&lt;p&gt;6.- limpiara la base donde va ubicado el filtro y colocar el nuevo filtro de combustible.&lt;/p&gt;\r\n\r\n&lt;p&gt;7.- Colocar el aceite hasta el nivel indicado.&lt;/p&gt;\r\n\r\n&lt;p&gt;8.-Encender la maquinaria y verificar que exista fugas.&lt;/p&gt;\r\n\r\n&lt;p&gt;9.-Colocar todos las protecciones extra&amp;iacute;das.&lt;/p&gt;','&lt;p&gt;La persona encargada de realizar las actividades de mantenimiento deber&amp;aacute; seguir los pasos cuidadosamente y contar con el equipo necesario de seguridad (Guantes, overol, gafas y mascarilla).&lt;/p&gt;','Cambio de aceite y filtro',69,5,5,450,30,0,'plan2110794918.compressed'),(89,'2 horas',0,'<p>-Juego de llaves</p>\r\n\r\n<p>- caja de herramientas de 1/2</p>\r\n\r\n<p>-mult&iacute;metro automotriz</p>\r\n\r\n<p>-compresor neum&aacute;tico</p>\r\n','<p>-kit de reparaci&oacute;n de motor de arranque</p>\r\n\r\n<p>- guaipe</p>\r\n\r\n<p>- aire comprimido</p>\r\n','','&lt;p&gt;1.- Apagar la maquinaria.&lt;/p&gt;\r\n\r\n&lt;p&gt;2.- Desconectar la bater&amp;iacute;a.&lt;/p&gt;\r\n\r\n&lt;p&gt;3.- Quitar los protectores y ubicar el motor de arranque.&lt;/p&gt;\r\n\r\n&lt;p&gt;4.-Desconectar el cableado de alimentaci&amp;oacute;n de 12v del Switch del solenoide, y de la fuente de 12v directo de la bater&amp;iacute;a.&lt;/p&gt;\r\n\r\n&lt;p&gt;5.- Extraer los pernos que sujetan el motor de arranque.&lt;/p&gt;\r\n\r\n&lt;p&gt;6.- Desarmar el motor de arranque tener cuidado con el solenoide y las escobillas.&lt;/p&gt;\r\n\r\n&lt;p&gt;7.- Con un mult&amp;iacute;metro medir la continuidad del bobinada si no existe continuidad remplazarlo.&lt;/p&gt;\r\n\r\n&lt;p&gt;8.-Realizar una limpieza&lt;/p&gt;\r\n\r\n&lt;p&gt;9.-Instalar correctamente&lt;/p&gt;','&lt;p&gt;La persona encargada de realizar las actividades de mantenimiento deber&amp;aacute; seguir los pasos cuidadosamente y contar con el equipo necesario de seguridad (Guantes, overol, gafas y mascarilla).&lt;/p&gt;','Revisión del bobinado de motor de arranque',69,6,6,1500,30,0,'plan46699728.pdf'),(90,'30min',0,'<p>- Cepillo o brocha peque&ntilde;a.</p>\r\n\r\n<p>- Recipiente con una capacidad de m&aacute;s de 10 litros</p>\r\n\r\n<p>- Botellas pl&aacute;sticas con tapa</p>\r\n','<table cellspacing=\"0\" style=\"width:777px\">\r\n	<tbody>\r\n		<tr>\r\n			<td style=\"width:120.5pt\">\r\n			<p>-guipe</p>\r\n\r\n			<p>-filtro de aire</p>\r\n\r\n			<p>-aire comprimido</p>\r\n\r\n			<p>&nbsp;</p>\r\n\r\n			<p>&nbsp;</p>\r\n			</td>\r\n		</tr>\r\n	</tbody>\r\n</table>\r\n','','&lt;p&gt;&lt;strong&gt;1.-&lt;/strong&gt; Apagar la maquinaria&lt;/p&gt;\r\n\r\n&lt;p&gt;&lt;strong&gt;2.-&lt;/strong&gt; localizar el filtro de aire.&lt;/p&gt;\r\n\r\n&lt;p&gt;&lt;strong&gt;3.-&lt;/strong&gt;Con la llave apropiada quitar los protectores que sostengan al filtro de aire.&lt;/p&gt;\r\n\r\n&lt;p&gt;&lt;strong&gt;4.-&lt;/strong&gt; Extraer y sustituir el nuevo filtro de aire.&lt;/p&gt;\r\n\r\n&lt;p&gt;&lt;strong&gt;5.-&lt;/strong&gt;Colocar nuevamente los protectores.&lt;/p&gt;\r\n\r\n&lt;p&gt;&lt;strong&gt;6.-&lt;/strong&gt; Encender la maquinaria y verificar que no queden vac&amp;iacute;os.&lt;/p&gt;','&lt;p&gt;La persona encargada de realizar las actividades de mantenimiento deber&amp;aacute; seguir los pasos cuidadosamente y contar con el equipo necesario de seguridad (Guantes, overol, gafas y mascarilla).&lt;/p&gt;','Cambio de filtro de aire',70,5,5,900,30,0,'plan883826389.compressed'),(91,'1 Hora',0,'<p>-Juego de llaves</p>\r\n\r\n<p>- Mult&iacute;metro Automotriz</p>\r\n\r\n<p>- Alfileres</p>\r\n','<p>-un Relay</p>\r\n\r\n<p>-caut&iacute;n pro&rsquo;s kit</p>\r\n\r\n<p>- Esta&ntilde;o</p>\r\n\r\n<p>-Pomada de soldar pro&rsquo;s kit</p>\r\n\r\n<p>- guaipe</p>\r\n\r\n<p>- Termo contra&iacute;ble</p>\r\n\r\n<p>-cinta aislante</p>\r\n','','&lt;p&gt;1.- Encender la maquinaria.&lt;/p&gt;\r\n\r\n&lt;p&gt;2.-Ubicar la caja de fusibles y relay.&lt;/p&gt;\r\n\r\n&lt;p&gt;&amp;nbsp;3.- Quitar la protecci&amp;oacute;n de caja de fusibles y el ralay.&lt;/p&gt;\r\n\r\n&lt;p&gt;4.-En el cableado de relay ubicar los alfileres, y con un mult&amp;iacute;metro verificar que llegue la alimentaci&amp;oacute;n de 12v y que no exceda m&amp;aacute;s de 12v.&lt;/p&gt;\r\n\r\n&lt;p&gt;5.-Si excede m&amp;aacute;s de 12v, revisar el cableado del sistema el&amp;eacute;ctrico con un mult&amp;iacute;metro revisar La continuidad y la resistencia si es necesario remplazar los cables, remplazarlos y soldar si es necesario.&lt;/p&gt;\r\n\r\n&lt;p&gt;6.-Instalar correctamente&lt;/p&gt;','&lt;p&gt;La persona encargada de realizar las actividades de mantenimiento deber&amp;aacute; seguir los pasos cuidadosamente y contar con el equipo necesario de seguridad (Guantes, overol, gafas y mascarilla).&lt;/p&gt;','Revisión de relay que tenga un voltaje adecuado',69,6,6,1000,30,0,'plan1712981574.pdf'),(92,'30min',0,'<p>-Juego de llaves</p>\r\n\r\n<p>- caja de herramientas de 1/2</p>\r\n\r\n<p>-llave de filtros de combustible.</p>\r\n\r\n<p>-pinzas</p>\r\n','<p>-filtro de combustible</p>\r\n\r\n<p>- guaipe</p>\r\n','','&lt;p&gt;1.- Apagar la maquinaria.&lt;/p&gt;\r\n\r\n&lt;p&gt;2.- Localizar el filtro de combustible.&lt;/p&gt;\r\n\r\n&lt;p&gt;3.- Quitar los protectores y sustraer el filtro de combustible&lt;/p&gt;\r\n\r\n&lt;p&gt;4.-Replazar el filtro de combustible.&lt;/p&gt;\r\n\r\n&lt;p&gt;5.- Hacer la purga del sistema para que no quede aire en el sistema de alimentaci&amp;oacute;n&lt;/p&gt;\r\n\r\n&lt;p&gt;6.- Encender la maquinaria y verificar que no exista fugas.&lt;/p&gt;','&lt;p&gt;La persona encargada de realizar las actividades de mantenimiento deber&amp;aacute; seguir los pasos cuidadosamente y contar con el equipo necesario de seguridad (Guantes, overol, gafas y mascarilla).&lt;/p&gt;','Cambio de filtro de combustible',69,5,5,900,30,0,'plan454967079.compressed'),(93,'1 Hora',0,'<p>Juego de llaves</p>\r\n\r\n<p>- Mult&iacute;metro Automotriz</p>\r\n\r\n<p>-Compresor neum&aacute;tico</p>\r\n','<p>-un Relay</p>\r\n\r\n<p>- guaipe</p>\r\n\r\n<p>-cinta aislante</p>\r\n\r\n<p>-Aire comprimido</p>\r\n','','&lt;p&gt;1.- Apagar el veh&amp;iacute;culo.&lt;/p&gt;\r\n\r\n&lt;p&gt;2.-Ubicar la caja de fusibles y relay.&lt;/p&gt;\r\n\r\n&lt;p&gt;&amp;nbsp;3.- Quitar la protecci&amp;oacute;n de caja de fusibles y el ralay.&lt;/p&gt;\r\n\r\n&lt;p&gt;4.- Revisar si existe un malo contacto en caja de fusibles que afecta el contacto con el relay.&lt;/p&gt;\r\n\r\n&lt;p&gt;5.-Realizar una limpieza y colocar nuevamente y remplazar la caja de fusibles y el relay si es necesario.&lt;/p&gt;\r\n\r\n&lt;p&gt;7.-Realizar la instalaci&amp;oacute;n correcta&lt;/p&gt;','&lt;p&gt;a persona encargada de realizar las actividades de mantenimiento deber&amp;aacute; seguir los pasos cuidadosamente y contar con el equipo necesario de seguridad (Guantes, overol, gafas y mascarilla).&lt;/p&gt;','Revisión de un mal contacto de releí',69,6,6,2000,30,0,'plan1903980836.pdf'),(94,'45Min',0,'<p>- Cepillo o brocha peque&ntilde;a.</p>\r\n\r\n<p>- caja de herramientas &frac12;</p>\r\n','<p>-liquido hidr&aacute;ulico ATF</p>\r\n\r\n<p>-Guipe</p>\r\n','','&lt;p&gt;&lt;strong&gt;1.-&lt;/strong&gt; Apagar la maquinaria.&lt;/p&gt;\r\n\r\n&lt;p&gt;&lt;strong&gt;2.-&lt;/strong&gt; Localizar en donde est&amp;aacute; el filtro hidr&amp;aacute;ulico.&lt;/p&gt;\r\n\r\n&lt;p&gt;&lt;strong&gt;3.-&lt;/strong&gt;Quitar todos las protecciones que tenga.&lt;/p&gt;\r\n\r\n&lt;p&gt;&lt;strong&gt;4.-&lt;/strong&gt; Extraer el filtro de hidr&amp;aacute;ulico.&lt;/p&gt;\r\n\r\n&lt;p&gt;&lt;strong&gt;5.-&lt;/strong&gt;Colocar el nuevo filtro.&lt;/p&gt;\r\n\r\n&lt;p&gt;&lt;strong&gt;6.-&lt;/strong&gt; Completar el l&amp;iacute;quido ATF si se descarg&amp;oacute; hasta el nivel indicado en el dep&amp;oacute;sito.&lt;/p&gt;\r\n\r\n&lt;p&gt;&lt;strong&gt;7.-&lt;/strong&gt;Encender la maquinaria y verificar que no exista fugas, y ruidos extra&amp;ntilde;os.&lt;/p&gt;','&lt;p&gt;La persona encargada de realizar las actividades de mantenimiento deber&amp;aacute; seguir los pasos cuidadosamente y contar con el equipo necesario de seguridad (Guantes, overol, gafas y mascarilla).&lt;/p&gt;','Cambio de filtro del sistema hidráulico',70,5,5,1500,30,0,'plan7717511.compressed'),(95,'2 horas',0,'<p>-Juego de llaves</p>\r\n\r\n<p>- caja de herramientas de 1/4</p>\r\n\r\n<p>- caja de herramientas de 1/2</p>\r\n\r\n<p>-compresor neum&aacute;tico</p>\r\n','<p>-juego de Inyectores</p>\r\n\r\n<p>- guaipe</p>\r\n\r\n<p>Aire comprimido</p>\r\n','','&lt;p&gt;1.- Apagar el veh&amp;iacute;culo.&lt;/p&gt;\r\n\r\n&lt;p&gt;2.- Quitar los protectores de los inyectores.&lt;/p&gt;\r\n\r\n&lt;p&gt;3.-Con una llave aflojar las ca&amp;ntilde;er&amp;iacute;as de cada inyector y la ca&amp;ntilde;er&amp;iacute;a de retorno.&lt;/p&gt;\r\n\r\n&lt;p&gt;4.-Extraer los inyectores.&lt;/p&gt;\r\n\r\n&lt;p&gt;5.-Remplazar las toberas.&lt;/p&gt;\r\n\r\n&lt;p&gt;7. Realizar una limpieza del lugar donde van ubicado cada inyectores.&lt;/p&gt;\r\n\r\n&lt;p&gt;8.-Instalar correctamente.&lt;/p&gt;','&lt;p&gt;La persona encargada de realizar las actividades de mantenimiento deber&amp;aacute; seguir los pasos cuidadosamente y contar con el equipo necesario de seguridad (Guantes, overol, gafas y mascarilla).&lt;/p&gt;','Cambio de los inyectores.',70,6,6,3000,30,0,'plan954267303.pdf'),(96,'45',0,'<p>- Cepillo o brocha peque&ntilde;a.</p>\r\n\r\n<p>- caja de herramientas &frac12;</p>\r\n\r\n<p>- bomba de vac&iacute;o</p>\r\n','<p>-liquido hidr&aacute;ulico ATF</p>\r\n\r\n<p>-Guipe</p>\r\n','','&lt;p&gt;&lt;strong&gt;1.-&lt;/strong&gt; Apagar la maquinaria.&lt;/p&gt;\r\n\r\n&lt;p&gt;&lt;strong&gt;2.-&lt;/strong&gt; Con la bomba de vac&amp;iacute;o succionar todo el aceite hidr&amp;aacute;ulico viejo.&lt;/p&gt;\r\n\r\n&lt;p&gt;&lt;strong&gt;3.-&lt;/strong&gt;Colocar el nuevo aceite de hidr&amp;aacute;ulico hasta el nivel indicado en el dep&amp;oacute;sito.&lt;/p&gt;\r\n\r\n&lt;p&gt;&lt;strong&gt;4.-&lt;/strong&gt; Encender la maquinaria y verificar que no exista fugas y ruidos extra&amp;ntilde;os.&lt;/p&gt;','&lt;p&gt;La persona encargada de realizar las actividades de mantenimiento deber&amp;aacute; seguir los pasos cuidadosamente y contar con el equipo necesario de seguridad (Guantes, overol, gafas y mascarilla).&lt;/p&gt;','Cambio de aceite de hidráulico',69,5,5,2500,30,0,'plan1073225836.compressed'),(97,'30 Min',0,'<p>-Juego de llaves</p>\r\n\r\n<p>- faja de filtro de combustibles</p>\r\n','<p>-filtro de combustible</p>\r\n\r\n<p>- guaipe</p>\r\n','','&lt;p&gt;1.- Apagar la maquinaria&lt;/p&gt;\r\n\r\n&lt;p&gt;2.- Con una faja de filtros de combustibles quitar el filtro viejo.&lt;/p&gt;\r\n\r\n&lt;p&gt;3.-Remplazar el nuevo filtro de combustible y dar el troque correcto.&lt;/p&gt;\r\n\r\n&lt;p&gt;4.-Purgar todo el aire que se encuentra el sistema de alimentaci&amp;oacute;n.&lt;/p&gt;\r\n\r\n&lt;p&gt;5.-Encender la maquinaria y revisar que no exista las fugas.&lt;/p&gt;','&lt;p&gt;La persona encargada de realizar las actividades de mantenimiento deber&amp;aacute; seguir los pasos cuidadosamente y contar con el equipo necesario de seguridad (Guantes, overol, gafas y mascarilla).&lt;/p&gt;','Cambio de filtro de combustible',70,6,6,500,30,0,'plan933068002.pdf'),(98,'2 hora',0,'<p>-Juego de llaves</p>\r\n\r\n<p>- caja de herramientas de 1/4</p>\r\n\r\n<p>- caja de herramientas de 1/2</p>\r\n\r\n<p>-compresor neum&aacute;tico</p>\r\n','<p>-juego de Inyectores</p>\r\n\r\n<p>- guaipe</p>\r\n\r\n<p>Aire comprimido</p>\r\n','','&lt;p&gt;1.- Apagar el veh&amp;iacute;culo.&lt;/p&gt;\r\n\r\n&lt;p&gt;2.- Quitar los protectores de los inyectores.&lt;/p&gt;\r\n\r\n&lt;p&gt;3.-Con una llave aflojar las ca&amp;ntilde;er&amp;iacute;as de cada inyector y la ca&amp;ntilde;er&amp;iacute;a de retorno.&lt;/p&gt;\r\n\r\n&lt;p&gt;4.-Extraer los inyectores.&lt;/p&gt;\r\n\r\n&lt;p&gt;5.-Remplazar las toberas.&lt;/p&gt;\r\n\r\n&lt;p&gt;7. Realizar una limpieza del lugar donde van ubicado cada inyectores.&lt;/p&gt;\r\n\r\n&lt;p&gt;8.-Instalar correctamente.&lt;/p&gt;','&lt;p&gt;La persona encargada de realizar las actividades de mantenimiento deber&amp;aacute; seguir los pasos cuidadosamente y contar con el equipo necesario de seguridad (Guantes, overol, gafas y mascarilla).&lt;/p&gt;','Cambio de los inyectores.',69,5,5,3000,30,0,'plan1268115715.compressed'),(99,'2 horas',0,'<p>-Juego de llaves</p>\r\n\r\n<p>- caja de herramientas de 1/4</p>\r\n\r\n<p>- caja de herramientas de 1/2</p>\r\n\r\n<p>-maquina comprobadora de presiones de inyectores.</p>\r\n\r\n<p>-compresor neum&aacute;tico</p>\r\n','<p>-juego de toberas</p>\r\n\r\n<p>- guaipe</p>\r\n\r\n<p>Aire comprimido</p>\r\n','','&lt;p&gt;1.- Apagar el veh&amp;iacute;culo.&lt;/p&gt;\r\n\r\n&lt;p&gt;2.- Quitar los protectores de los inyectores.&lt;/p&gt;\r\n\r\n&lt;p&gt;3.-Con una llave aflojar las ca&amp;ntilde;er&amp;iacute;as de cada inyector y la ca&amp;ntilde;er&amp;iacute;a de retorno.&lt;/p&gt;\r\n\r\n&lt;p&gt;4.-Extraer los inyectores.&lt;/p&gt;\r\n\r\n&lt;p&gt;5.-Colocar en la m&amp;aacute;quina para poder revisar si existe cholera.&lt;/p&gt;\r\n\r\n&lt;p&gt;6.-Si lo existe remplazar las toberas.&lt;/p&gt;\r\n\r\n&lt;p&gt;7. Realizar una limpieza del lugar donde van ubicado cada inyectores.&lt;/p&gt;\r\n\r\n&lt;p&gt;8.-Instalar correctamente.&lt;/p&gt;','&lt;p&gt;La persona encargada de realizar las actividades de mantenimiento deber&amp;aacute; seguir los pasos cuidadosamente y contar con el equipo necesario de seguridad (Guantes, overol, gafas y mascarilla).&lt;/p&gt;','Revisión de las toberas de los inyectores.',70,6,6,2000,30,0,'plan1012670730.pdf'),(100,'30min',0,'<p>-Juego de llaves</p>\r\n\r\n<p>- faja de filtro de combustibles</p>\r\n','<p>-filtro de combustible</p>\r\n\r\n<p>- guaipe</p>\r\n','','&lt;p&gt;1.- Apagar la maquinaria&lt;/p&gt;\r\n\r\n&lt;p&gt;2.- Con una faja de filtros de combustibles quitar el filtro viejo.&lt;/p&gt;\r\n\r\n&lt;p&gt;3.-Remplazar el nuevo filtro de combustible y dar el troque correcto.&lt;/p&gt;\r\n\r\n&lt;p&gt;4.-Purgar todo el aire que se encuentra el sistema de alimentaci&amp;oacute;n.&lt;/p&gt;\r\n\r\n&lt;p&gt;5.-Encender la maquinaria y revisar que no exista las fugas.&lt;/p&gt;','&lt;p&gt;La persona encargada de realizar las actividades de mantenimiento deber&amp;aacute; seguir los pasos cuidadosamente y contar con el equipo necesario de seguridad (Guantes, overol, gafas y mascarilla).&lt;/p&gt;','Cambio de filtro de combustible',70,5,5,500,30,0,'plan1103906219.compressed'),(101,'30 Min',0,'<p>-Juego de llaves</p>\r\n\r\n<p>- faja de filtro de combustibles</p>\r\n','<p>-filtro de combustible</p>\r\n\r\n<p>- guaipe</p>\r\n','','&lt;p&gt;1.- Apagar la maquinaria&lt;/p&gt;\r\n\r\n&lt;p&gt;2.- Con una faja de filtros de combustibles quitar el filtro viejo.&lt;/p&gt;\r\n\r\n&lt;p&gt;3.-Remplazar el nuevo filtro de combustible y dar el troque correcto.&lt;/p&gt;\r\n\r\n&lt;p&gt;4.-Purgar todo el aire que se encuentra el sistema de alimentaci&amp;oacute;n.&lt;/p&gt;\r\n\r\n&lt;p&gt;5.-Encender la maquinaria y revisar que no exista las fugas.&lt;/p&gt;','&lt;p&gt;La persona encargada de realizar las actividades de mantenimiento deber&amp;aacute; seguir los pasos cuidadosamente y contar con el equipo necesario de seguridad (Guantes, overol, gafas y mascarilla).&lt;/p&gt;','Cambio de filtro de combustible',69,6,6,500,30,0,'plan622177309.pdf'),(102,'30min',0,'<p>-Juego de llaves</p>\r\n\r\n<p>- caja de herramientas de 1/2</p>\r\n\r\n<p>-Man&oacute;metro para medir la presi&oacute;n de combustible.</p>\r\n','<p>- guaipe.</p>\r\n\r\n<p>aclopes para medir la presion</p>\r\n','','&lt;p&gt;1.- Apagar la maquinaria&lt;/p&gt;\r\n\r\n&lt;p&gt;2.- En el circuito de alimentaci&amp;oacute;n instalar un man&amp;oacute;metro medir la presi&amp;oacute;n en ralent&amp;iacute; debe marca aproximadamente 300 a 350 bar y comprobar acelerando que suba la presi&amp;oacute;n.&lt;/p&gt;\r\n\r\n&lt;p&gt;3.- Desconectar el man&amp;oacute;metro e instalar la ca&amp;ntilde;er&amp;iacute;a de alimentaci&amp;oacute;n dar un ajuste correcto.&lt;/p&gt;\r\n\r\n&lt;p&gt;4.-Verificar que no exista fugas de combustible.&lt;/p&gt;','&lt;p&gt;La persona encargada de realizar las actividades de mantenimiento deber&amp;aacute; seguir los pasos cuidadosamente y contar con el equipo necesario de seguridad (Guantes, overol, gafas y mascarilla).&lt;/p&gt;','Revisión de la presión en el sistema de alimentación',69,5,5,1000,30,0,'plan1882397511.compressed'),(103,'30 Min',0,'<p>-Juego de llaves</p>\r\n\r\n<p>- caja de herramientas de &frac12;.</p>\r\n\r\n<p>- bomba de vac&iacute;o.</p>\r\n','<p>-Aceite SAE w140</p>\r\n\r\n<p>- guaipe</p>\r\n','','&lt;p&gt;1.- Apagar la maquinaria&lt;/p&gt;\r\n\r\n&lt;p&gt;2.- Localizar la caja de trasferencia.&lt;/p&gt;\r\n\r\n&lt;p&gt;3.-Con la llave apropiada abrir el tap&amp;oacute;n de descarga y vaciar el aceite.&lt;/p&gt;\r\n\r\n&lt;p&gt;4.-Abrir el tap&amp;oacute;n para colocar el aceite.&lt;/p&gt;\r\n\r\n&lt;p&gt;5.-Asegurar el tap&amp;oacute;n de descarga.&lt;/p&gt;\r\n\r\n&lt;p&gt;6.- Colocar el aceite hasta el nivel indicado.&lt;/p&gt;\r\n\r\n&lt;p&gt;7.- Colocar el tap&amp;oacute;n de ingreso el aceite y asegurar que no exista fuga.&lt;/p&gt;\r\n\r\n&lt;p&gt;8.- Encender la maquinaria y verificar que no exista fugas de aceite.&lt;/p&gt;','&lt;p&gt;&amp;nbsp;La persona encargada de realizar las actividades de mantenimiento deber&amp;aacute; seguir los pasos cuidadosamente y contar con el equipo necesario de seguridad (Guantes, overol, gafas y mascarilla).&lt;/p&gt;','Cambio de aceite de caja de trasferencia',69,6,6,800,30,0,'plan1743608715.pdf'),(104,'2 hora',0,'<p>-Juego de llaves</p>\r\n\r\n<p>- caja de herramientas de 1/2</p>\r\n\r\n<p>-juego de destornilladores</p>\r\n\r\n<p>-juego de alicates.</p>\r\n\r\n<p>- compresor neum&aacute;tico</p>\r\n','<p>-Kit de reparaci&oacute;n de motor de arranque</p>\r\n\r\n<p>- guaipe</p>\r\n\r\n<p>- aire comprimido</p>\r\n','','&lt;p&gt;1.- Apagar la maquinaria.&lt;/p&gt;\r\n\r\n&lt;p&gt;2.- Desconectar la bater&amp;iacute;a.&lt;/p&gt;\r\n\r\n&lt;p&gt;3.- Quitar los protectores y ubicar el motor de arranque.&lt;/p&gt;\r\n\r\n&lt;p&gt;4.-Desconectar el cableado de alimentaci&amp;oacute;n de 12v del Switch del solenoide, y de la fuente de 12v directo de la bater&amp;iacute;a.&lt;/p&gt;\r\n\r\n&lt;p&gt;5.- Extraer los pernos que sujetan el motor de arranque.&lt;/p&gt;\r\n\r\n&lt;p&gt;6.-Una vez afuera el motor de arranque, revisar el bendix y si tiene ruptura de alg&amp;uacute;n engranaje o desgate remplazarlo.&lt;/p&gt;\r\n\r\n&lt;p&gt;7.-Realizar una limpieza e instalarlo correctamente.&lt;/p&gt;','&lt;p&gt;La persona encargada de realizar las actividades de mantenimiento deber&amp;aacute; seguir los pasos cuidadosamente y contar con el equipo necesario de seguridad (Guantes, overol, gafas y mascarilla).&lt;/p&gt;','Revisión del bendix del motor de arranque',70,5,5,1000,30,0,'plan1167838559.compressed'),(105,'2 hora',0,'<p>-Juego de llaves</p>\r\n\r\n<p>- caja de herramientas de 1/2</p>\r\n\r\n<p>-mult&iacute;metro automotriz</p>\r\n\r\n<p>-compresor neum&aacute;tico</p>\r\n','<p>-kit de reparaci&oacute;n de motor de arranque</p>\r\n\r\n<p>- guaipe</p>\r\n\r\n<p>- aire comprimido</p>\r\n','','&lt;p&gt;1.- Apagar la maquinaria.&lt;/p&gt;\r\n\r\n&lt;p&gt;2.- Desconectar la bater&amp;iacute;a.&lt;/p&gt;\r\n\r\n&lt;p&gt;3.- Quitar los protectores y ubicar el motor de arranque.&lt;/p&gt;\r\n\r\n&lt;p&gt;4.-Desconectar el cableado de alimentaci&amp;oacute;n de 12v del Switch del solenoide, y de la fuente de 12v directo de la bater&amp;iacute;a.&lt;/p&gt;\r\n\r\n&lt;p&gt;5.- Extraer los pernos que sujetan el motor de arranque.&lt;/p&gt;\r\n\r\n&lt;p&gt;6.- Desarmar el motor de arranque tener cuidado con el solenoide y las escobillas.&lt;/p&gt;\r\n\r\n&lt;p&gt;7.- Con un mult&amp;iacute;metro medir la continuidad del bobinada si no existe continuidad remplazarlo.&lt;/p&gt;\r\n\r\n&lt;p&gt;8.-Realizar una limpieza&lt;/p&gt;\r\n\r\n&lt;p&gt;9.-Instalar correctamente&lt;/p&gt;','&lt;p&gt;La persona encargada de realizar las actividades de mantenimiento deber&amp;aacute; seguir los pasos cuidadosamente y contar con el equipo necesario de seguridad (Guantes, overol, gafas y mascarilla).&lt;/p&gt;','Revisión del bobinado de motor de arranque',69,5,5,1500,30,0,'plan1835215062.compressed'),(106,'45Min',0,'<p>-Juego de llaves</p>\r\n\r\n<p>- caja de herramientas de &frac12;</p>\r\n\r\n<p>- juego de destornilladores</p>\r\n\r\n<p>- juego de pinzas.</p>\r\n','<p>-liquido hidr&aacute;ulico (ATF)</p>\r\n\r\n<p>- guaipe</p>\r\n\r\n<p>- Filtro hidr&aacute;ulico</p>\r\n','','&lt;p&gt;1.- Apagar la maquinaria&lt;/p&gt;\r\n\r\n&lt;p&gt;2.-Localizar el filtro hidr&amp;aacute;ulico.&lt;/p&gt;\r\n\r\n&lt;p&gt;3.-Con las llaves necesarias quitar el filtro.&lt;/p&gt;\r\n\r\n&lt;p&gt;4.-Sustituir el nuevo filtro de combustible&lt;/p&gt;\r\n\r\n&lt;p&gt;5.-En caso de que se regara algo de l&amp;iacute;quido hidr&amp;aacute;ulico completar hasta el nivel indicado.&lt;/p&gt;\r\n\r\n&lt;p&gt;6.-Encender la maquinaria y verificar que no exista fugas y sonidos extra&amp;ntilde;os de la bomba hidr&amp;aacute;ulico.&lt;/p&gt;','&lt;p&gt;La persona encargada de realizar las actividades de mantenimiento deber&amp;aacute; seguir los pasos cuidadosamente y contar con el equipo necesario de seguridad (Guantes, overol, gafas y mascarilla).&lt;/p&gt;','Cambio de filtro de hidráulico',70,6,6,1500,30,0,'plan2100106945.pdf'),(107,'1 Hora',0,'<p>-Juego de llaves</p>\r\n\r\n<p>- caja de herramientas de 1/2</p>\r\n\r\n<p>-mult&iacute;metro automotriz</p>\r\n\r\n<p>-caja de herramientas de 1/4</p>\r\n\r\n<p>-pinzas</p>\r\n','<p>-un switch</p>\r\n','','&lt;p&gt;1.- Apagar la maquinaria.&lt;/p&gt;\r\n\r\n&lt;p&gt;2.- Quitar la protecci&amp;oacute;n del switch.&lt;/p&gt;\r\n\r\n&lt;p&gt;3.- Revisar en los cableados del switch que lleguen los voltajes adecuados y amperajes.&lt;/p&gt;\r\n\r\n&lt;p&gt;4.-Si est&amp;aacute; deteriorado los pines del Switch remplazar el switch&lt;/p&gt;\r\n\r\n&lt;p&gt;5.-Instalar correctamente&lt;/p&gt;','&lt;p&gt;La persona encargada de realizar las actividades de mantenimiento deber&amp;aacute; seguir los pasos cuidadosamente y contar con el equipo necesario de seguridad (Guantes, overol, gafas y mascarilla).&lt;/p&gt;','Revisión de las conexiones del switch',69,5,5,3500,30,0,'plan1197899850.compressed'),(108,'40 Min',0,'<p>-Juego de llaves</p>\r\n\r\n<p>- Bomba de engrase</p>\r\n\r\n<p>-Caja de herramientas de &frac12;</p>\r\n\r\n<p>-juego de destornilladores</p>\r\n\r\n<p>- juego de pinzas</p>\r\n','<p>-Grasa CAT</p>\r\n\r\n<p>- guaipe</p>\r\n','','&lt;p&gt;1.- Apagar la maquinaria&lt;/p&gt;\r\n\r\n&lt;p&gt;2.- En caso de ser necesario lavar la maquinaria.&lt;/p&gt;\r\n\r\n&lt;p&gt;3.-Quitar todos los protectores que la maquinaria tenga as&amp;iacute; dejar libre los lugares que se va lubricar.&lt;/p&gt;\r\n\r\n&lt;p&gt;4.- Con la engrasadora manual lubricar todos los lugares de engrase.&lt;/p&gt;\r\n\r\n&lt;p&gt;5.-Colocar todos los protectores en los lugares establecidos.&lt;/p&gt;','&lt;p&gt;La persona encargada de realizar las actividades de mantenimiento deber&amp;aacute; seguir los pasos cuidadosamente y contar con el equipo necesario de seguridad (Guantes, overol, gafas y mascarilla).&lt;/p&gt;','Lubricación general de todas las partes de la maquinaria',70,6,6,80,30,0,'plan526504486.pdf'),(109,'4Horas',0,'<p>-Juego de llaves</p>\r\n\r\n<p>- caja de herramientas de 1/2</p>\r\n\r\n<p>-mult&iacute;metro automotriz</p>\r\n\r\n<p>-caja de herramientas de 1/4de laminas</p>\r\n\r\n<p>-pinzas</p>\r\n','<p>-un switch</p>\r\n\r\n<p>-caut&iacute;n pro&rsquo;s kit</p>\r\n\r\n<p>- Esta&ntilde;o</p>\r\n\r\n<p>-Pomada de soldar pro&rsquo;s kit</p>\r\n\r\n<p>- guaipe</p>\r\n\r\n<p>- Termo contra&iacute;ble</p>\r\n\r\n<p>-cinta aislante</p>\r\n','','&lt;p&gt;1.- Apagar la maquinaria.&lt;/p&gt;\r\n\r\n&lt;p&gt;2.- Quitar la protecci&amp;oacute;n del switch.&lt;/p&gt;\r\n\r\n&lt;p&gt;3.-Remplazar el switch tomando el diagrama el&amp;eacute;ctrico.&lt;/p&gt;\r\n\r\n&lt;p&gt;4.-Soldar los cables.&lt;/p&gt;\r\n\r\n&lt;p&gt;4.- Realizar una limpieza.&lt;/p&gt;\r\n\r\n&lt;p&gt;5.-Instalar correctamente&lt;/p&gt;','&lt;p&gt;&amp;nbsp;La persona encargada de realizar las actividades de mantenimiento deber&amp;aacute; seguir los pasos cuidadosamente y contar con el equipo necesario de seguridad (Guantes, overol, gafas y mascarilla).&lt;/p&gt;','Cambio del switch',69,5,5,4000,30,0,'plan707344501.compressed'),(110,'8h',0,'<p>-Juego de llaves</p>\r\n\r\n<p>- Mult&iacute;metro Automotriz</p>\r\n\r\n<p>-Alfileres</p>\r\n\r\n<p>-Compresor neum&aacute;tico</p>\r\n','<p>-cable</p>\r\n\r\n<p>-porta fusibles si es necesario</p>\r\n\r\n<p>guaipe</p>\r\n\r\n<p>-cinta aislante</p>\r\n\r\n<p>-Aire comprimido</p>\r\n','','&lt;p&gt;1.- Apagar el veh&amp;iacute;culo.&lt;/p&gt;\r\n\r\n&lt;p&gt;2.-Ubicar el porta de fusibles.&lt;/p&gt;\r\n\r\n&lt;p&gt;&amp;nbsp;3.- Revisar en los cableados de porta fusibles que lleguen los voltajes adecuados y amperajes.&lt;/p&gt;\r\n\r\n&lt;p&gt;3.-realizar una limpieza.&lt;/p&gt;\r\n\r\n&lt;p&gt;4.-Remplazar el sistema de cableado si es necesario&lt;/p&gt;\r\n\r\n&lt;p&gt;5.- Hacer una instalaci&amp;oacute;n correcta.&lt;/p&gt;','&lt;p&gt;La persona encargada de realizar las actividades de mantenimiento deber&amp;aacute; seguir los pasos cuidadosamente y contar con el equipo necesario de seguridad (Guantes, overol, gafas y mascarilla).&lt;/p&gt;','Revisión de las conexiones de porta fusibles',69,5,5,2500,30,0,'plan1335147722.compressed'),(111,'30min',0,'<p>-Juego de llaves</p>\r\n\r\n<p>- caja de herramientas de 1/4</p>\r\n\r\n<p>-Mult&iacute;metro</p>\r\n\r\n<p>-pinzas</p>\r\n','<p>-fusibles.</p>\r\n\r\n<p>&nbsp;</p>\r\n','','&lt;p&gt;1.- Apagar la maquinaria.&lt;/p&gt;\r\n\r\n&lt;p&gt;2.-Determinar la ubicaci&amp;oacute;n de porta fusibles.&lt;/p&gt;\r\n\r\n&lt;p&gt;3.-Extraer los fusibles deteriorados (verificar con un mult&amp;iacute;metro)&lt;/p&gt;\r\n\r\n&lt;p&gt;4.-Remplazar los fusibles&lt;/p&gt;\r\n\r\n&lt;p&gt;5.-Verificar la correcta instalaci&amp;oacute;n&lt;/p&gt;','&lt;p&gt;La persona encargada de realizar las actividades de mantenimiento deber&amp;aacute; seguir los pasos cuidadosamente y contar con el equipo necesario de seguridad (Guantes, overol, gafas y mascarilla).&lt;/p&gt;','Cambio de fusible',70,5,5,3000,30,0,'plan1650985201.compressed'),(112,'30min',0,'<p>-Juego de llaves</p>\r\n\r\n<p>- caja de herramientas de &frac12;.</p>\r\n\r\n<p>- bomba de vac&iacute;o.</p>\r\n','<p>-Aceite SAE w140</p>\r\n\r\n<p>- guaipe</p>\r\n','','&lt;p&gt;1.- Apagar la maquinaria&lt;/p&gt;\r\n\r\n&lt;p&gt;2.- Localizar la caja de trasferencia.&lt;/p&gt;\r\n\r\n&lt;p&gt;3.-Con la llave apropiada abrir el tap&amp;oacute;n de descarga y vaciar el aceite.&lt;/p&gt;\r\n\r\n&lt;p&gt;4.-Abrir el tap&amp;oacute;n para colocar el aceite.&lt;/p&gt;\r\n\r\n&lt;p&gt;5.-Asegurar el tap&amp;oacute;n de descarga.&lt;/p&gt;\r\n\r\n&lt;p&gt;6.- Colocar el aceite hasta el nivel indicado.&lt;/p&gt;\r\n\r\n&lt;p&gt;7.- Colocar el tap&amp;oacute;n de ingreso el aceite.&lt;/p&gt;\r\n\r\n&lt;p&gt;8.- Encender la maquinaria y verificar que no exista fugas de aceite.&lt;/p&gt;','&lt;p&gt;La persona encargada de realizar las actividades de mantenimiento deber&amp;aacute; seguir los pasos cuidadosamente y contar con el equipo necesario de seguridad (Guantes, overol, gafas y mascarilla).&lt;/p&gt;','Cambio de aceite de caja de trasmisión ',69,5,5,900,30,0,'plan2145265162.compressed'),(113,'50Min',0,'<p>-Juego de llaves</p>\r\n\r\n<p>- caja de herramientas de &frac12;.</p>\r\n\r\n<p>- bomba de vac&iacute;o.</p>\r\n','<p>-Aceite SAE w140</p>\r\n\r\n<p>- guaipe</p>\r\n','','&lt;p&gt;1.- Apagar la maquinaria&lt;/p&gt;\r\n\r\n&lt;p&gt;2.- Elevar la maquinaria y asegurar en un lugar figo y hasta en nivel que se pueda trabajar.&lt;/p&gt;\r\n\r\n&lt;p&gt;3.-Abrir el tap&amp;oacute;n de descarga del aceite del diferencial.&lt;/p&gt;\r\n\r\n&lt;p&gt;4.-Abrir el tap&amp;oacute;n para colocar el aceite.&lt;/p&gt;\r\n\r\n&lt;p&gt;5.-Asegurar el tap&amp;oacute;n de descarga.&lt;/p&gt;\r\n\r\n&lt;p&gt;6.- Colocar el aceite hasta el nivel indicado.&lt;/p&gt;\r\n\r\n&lt;p&gt;7.- Colocar el tap&amp;oacute;n de ingreso el aceite y asegurar que exista fuga.&lt;/p&gt;\r\n\r\n&lt;p&gt;8.- Encender la maquinaria y verificar que no exista fugas de aceite.&lt;/p&gt;','&lt;p&gt;La persona encargada de realizar las actividades de mantenimiento deber&amp;aacute; seguir los pasos cuidadosamente y contar con el equipo necesario de seguridad (Guantes, overol, gafas y mascarilla).&lt;/p&gt;','Cambio de aceite del diferencial',69,5,5,2500,30,0,'plan610787794.compressed'),(114,'40Min',0,'<p>-Juego de llaves</p>\r\n\r\n<p>- Bomba de engrase</p>\r\n\r\n<p>-Caja de herramientas de &frac12;</p>\r\n\r\n<p>-juego de destornilladores</p>\r\n\r\n<p>- juego de pinzas</p>\r\n','<p>-Grasa CAT</p>\r\n\r\n<p>- guaipe</p>\r\n','','&lt;p&gt;1.- Apagar la maquinaria&lt;/p&gt;\r\n\r\n&lt;p&gt;2.- En caso de ser necesario lavar la maquinaria.&lt;/p&gt;\r\n\r\n&lt;p&gt;3.-Quitar todos los protectores que la maquinaria tenga as&amp;iacute; dejar libre los lugares que se va lubricar.&lt;/p&gt;\r\n\r\n&lt;p&gt;4.- Con la engrasadora manual lubricar todos los lugares de engrase.&lt;/p&gt;\r\n\r\n&lt;p&gt;5.-Colocar todos los protectores en los lugares establecidos.&lt;/p&gt;','&lt;p&gt;La persona encargada de realizar las actividades de mantenimiento deber&amp;aacute; seguir los pasos cuidadosamente y contar con el equipo necesario de seguridad (Guantes, overol, gafas y mascarilla).&lt;/p&gt;','Lubricación general de todas las partes de la maquinaria',69,5,5,80,30,0,'plan1641799916.compressed'),(115,'30 Min',0,'<p>-Juego de llaves</p>\r\n\r\n<p>- caja de herramientas de 1/2</p>\r\n\r\n<p>-cadena de filtros</p>\r\n\r\n<p>-juego de destornilladores</p>\r\n','<p>-Aceite de acuerdo a la maquinaria SAE 15W 40</p>\r\n\r\n<p>- guaipe</p>\r\n','','&lt;p&gt;1.- Apagar la maquinaria.&lt;/p&gt;\r\n\r\n&lt;p&gt;2.- Quitar los protectores que cubren el Carter&lt;/p&gt;\r\n\r\n&lt;p&gt;3.- Con la llave apropiada aflojar el tap&amp;oacute;n y vaciar el aceite.&lt;/p&gt;\r\n\r\n&lt;p&gt;4.-Aseguara nuevamente el tap&amp;oacute;n del Carter.&lt;/p&gt;\r\n\r\n&lt;p&gt;5.- Extraer el filtro de aceite con la cadena de filtros.&lt;/p&gt;\r\n\r\n&lt;p&gt;6.- limpiara la base donde va ubicado el filtro y colocar el nuevo filtro de combustible.&lt;/p&gt;\r\n\r\n&lt;p&gt;7.- Colocar el aceite hasta el nivel indicado.&lt;/p&gt;\r\n\r\n&lt;p&gt;8.-Encender la maquinaria y verificar que exista fugas.&lt;/p&gt;\r\n\r\n&lt;p&gt;9.-Colocar todos las protecciones extra&amp;iacute;das.&lt;/p&gt;','&lt;p&gt;La persona encargada de realizar las actividades de mantenimiento deber&amp;aacute; seguir los pasos cuidadosamente y contar con el equipo necesario de seguridad (Guantes, overol, gafas y mascarilla).&lt;/p&gt;','Cambio de aceite y filtro',69,8,8,200,30,0,'plan848670829.pdf'),(116,'30 Min',0,'<p>- Cepillo o brocha peque&ntilde;a.</p>\r\n\r\n<p>- Recipiente con una capacidad de m&aacute;s de 10 litros</p>\r\n\r\n<p>- Botellas pl&aacute;sticas con tapa</p>\r\n','<p>-filtro de aire</p>\r\n\r\n<p>-guaipe</p>\r\n','','&lt;p&gt;&lt;strong&gt;1.-&lt;/strong&gt; Apagar la maquinaria&lt;/p&gt;\r\n\r\n&lt;p&gt;&lt;strong&gt;2.-&lt;/strong&gt; localizar el filtro de aire.&lt;/p&gt;\r\n\r\n&lt;p&gt;&lt;strong&gt;3.-&lt;/strong&gt;Con la llave apropiada quitar los protectores que sostengan al filtro de aire.&lt;/p&gt;\r\n\r\n&lt;p&gt;&lt;strong&gt;4.-&lt;/strong&gt; Extraer y sustituir el nuevo filtro de aire.&lt;/p&gt;\r\n\r\n&lt;p&gt;&lt;strong&gt;5.-&lt;/strong&gt;Colocar nuevamente los protectores.&lt;/p&gt;\r\n\r\n&lt;p&gt;&lt;strong&gt;6.-&lt;/strong&gt; Encender la maquinaria y verificar que no queden vac&amp;iacute;os.&lt;/p&gt;','&lt;p&gt;La persona encargada de realizar las actividades de mantenimiento deber&amp;aacute; seguir los pasos cuidadosamente y contar con el equipo necesario de seguridad (Guantes, overol, gafas y mascarilla).&lt;/p&gt;','Cambio de filtro de aire',69,8,8,800,30,0,'plan1046279820.pdf'),(117,'30 Min',0,'<p>-Juego de llaves</p>\r\n\r\n<p>- caja de herramientas de &frac12;</p>\r\n\r\n<p>- pinzas</p>\r\n\r\n<p>- llave de filtro de combustible.</p>\r\n','<p>-Pre -filtro de combustible.</p>\r\n\r\n<p>- guaipe</p>\r\n','','&lt;p&gt;1.- Apagar la maquinaria.&lt;/p&gt;\r\n\r\n&lt;p&gt;2.- Localizar la ubicaci&amp;oacute;n de pre filtro de combustible.&lt;/p&gt;\r\n\r\n&lt;p&gt;3.- Extraer el pre filtros.&lt;/p&gt;\r\n\r\n&lt;p&gt;4.-Sustituir los nuevos filtros.&lt;/p&gt;\r\n\r\n&lt;p&gt;5.- Hacer la purga del sistema para que no quede aire en el sistema de alimentaci&amp;oacute;n&lt;/p&gt;\r\n\r\n&lt;p&gt;6.-Enceder la maquinaria y verificar que no exista fugas.&lt;/p&gt;','&lt;p&gt;La persona encargada de realizar las actividades de mantenimiento deber&amp;aacute; seguir los pasos cuidadosamente y contar con el equipo necesario de seguridad (Guantes, overol, gafas y mascarilla).&lt;/p&gt;','Cambio de pre filtro de combustible',69,8,8,450,30,0,'plan1455505522.pdf'),(118,'30 Min',0,'<p>-Juego de llaves</p>\r\n\r\n<p>- caja de herramientas de 1/2</p>\r\n\r\n<p>-llave de filtros de combustible.</p>\r\n\r\n<p>-pinzas</p>\r\n','<p>-filtro de combustible</p>\r\n\r\n<p>- guaipe</p>\r\n','','&lt;p&gt;1.- Apagar la maquinaria.&lt;/p&gt;\r\n\r\n&lt;p&gt;2.- Localizar el filtro de combustible.&lt;/p&gt;\r\n\r\n&lt;p&gt;3.- Quitar los protectores y sustraer el filtro de combustible&lt;/p&gt;\r\n\r\n&lt;p&gt;4.-Replazar el filtro de combustible.&lt;/p&gt;\r\n\r\n&lt;p&gt;5.- Hacer la purga del sistema para que no quede aire en el sistema de alimentaci&amp;oacute;n&lt;/p&gt;\r\n\r\n&lt;p&gt;6.- Encender la maquinaria y verificar que no exista fugas.&lt;/p&gt;','&lt;p&gt;La persona encargada de realizar las actividades de mantenimiento deber&amp;aacute; seguir los pasos cuidadosamente y contar con el equipo necesario de seguridad (Guantes, overol, gafas y mascarilla).&lt;/p&gt;','Cambio de filtro de combustible',70,8,8,450,30,0,'plan1272290952.pdf'),(119,'45Min',0,'<p>- Cepillo o brocha peque&ntilde;a.</p>\r\n\r\n<p>- caja de herramientas &frac12;</p>\r\n','<p>-liquido hidr&aacute;ulico ATF</p>\r\n\r\n<p>-Guipe</p>\r\n','','&lt;p&gt;&lt;strong&gt;1.-&lt;/strong&gt; Apagar la maquinaria.&lt;/p&gt;\r\n\r\n&lt;p&gt;&lt;strong&gt;2.-&lt;/strong&gt; Localizar en donde est&amp;aacute; el filtro hidr&amp;aacute;ulico.&lt;/p&gt;\r\n\r\n&lt;p&gt;&lt;strong&gt;3.-&lt;/strong&gt;Quitar todos las protecciones que tenga.&lt;/p&gt;\r\n\r\n&lt;p&gt;&lt;strong&gt;4.-&lt;/strong&gt; Extraer el filtro de hidr&amp;aacute;ulico.&lt;/p&gt;\r\n\r\n&lt;p&gt;&lt;strong&gt;5.-&lt;/strong&gt;Colocar el nuevo filtro.&lt;/p&gt;\r\n\r\n&lt;p&gt;&lt;strong&gt;6.-&lt;/strong&gt; Completar el l&amp;iacute;quido ATF si se descarg&amp;oacute; hasta el nivel indicado en el dep&amp;oacute;sito.&lt;/p&gt;\r\n\r\n&lt;p&gt;&lt;strong&gt;7.-&lt;/strong&gt;Encender la maquinaria y verificar que no exista fugas, y ruidos extra&amp;ntilde;os.&lt;/p&gt;','&lt;p&gt;La persona encargada de realizar las actividades de mantenimiento deber&amp;aacute; seguir los pasos cuidadosamente y contar con el equipo necesario de seguridad (Guantes, overol, gafas y mascarilla).&lt;/p&gt;','Cambio de filtro del sistema hidráulico',69,8,8,450,30,0,'plan231395586.pdf'),(120,'45Min',0,'<p>- Cepillo o brocha peque&ntilde;a.</p>\r\n\r\n<p>- caja de herramientas &frac12;</p>\r\n\r\n<p>- bomba de vac&iacute;o</p>\r\n','<p>-liquido hidr&aacute;ulico ATF</p>\r\n\r\n<p>-Guipe</p>\r\n','','&lt;p&gt;&lt;strong&gt;1.-&lt;/strong&gt; Apagar la maquinaria.&lt;/p&gt;\r\n\r\n&lt;p&gt;&lt;strong&gt;2.-&lt;/strong&gt; Con la bomba de vac&amp;iacute;o succionar todo el aceite hidr&amp;aacute;ulico viejo.&lt;/p&gt;\r\n\r\n&lt;p&gt;&lt;strong&gt;3.-&lt;/strong&gt;Colocar el nuevo aceite de hidr&amp;aacute;ulico hasta el nivel indicado en el dep&amp;oacute;sito.&lt;/p&gt;\r\n\r\n&lt;p&gt;&lt;strong&gt;4.-&lt;/strong&gt; Encender la maquinaria y verificar que no exista fugas y ruidos extra&amp;ntilde;os.&lt;/p&gt;','&lt;p&gt;La persona encargada de realizar las actividades de mantenimiento deber&amp;aacute; seguir los pasos cuidadosamente y contar con el equipo necesario de seguridad (Guantes, overol, gafas y mascarilla).&lt;/p&gt;','Cambio de aceite de hidráulico',69,8,8,2500,30,0,'plan798620711.pdf'),(121,'3 Horas',0,'<p>-Juego de llaves</p>\r\n\r\n<p>- caja de herramientas 1/2</p>\r\n\r\n<p>- caja de herramientas &frac14;</p>\r\n\r\n<p>-Un torqui metro</p>\r\n','<p>-guipe</p>\r\n\r\n<p>-perno de estar defectosos</p>\r\n','','&lt;p&gt;1.- Apagar el veh&amp;iacute;culo.&lt;/p&gt;\r\n\r\n&lt;p&gt;2.- Extraer las bandas de accesorios&lt;/p&gt;\r\n\r\n&lt;p&gt;3.- Desmontar la tapa de la banda de distribuidor&lt;/p&gt;\r\n\r\n&lt;p&gt;4.- Colocar punto a punto tanto el engranaje de cig&amp;uuml;e&amp;ntilde;al con el &amp;aacute;rbol de levas.&lt;/p&gt;\r\n\r\n&lt;p&gt;7.- Revisar que el torque en el perno de templador hidr&amp;aacute;ulico este de 25lbs.&lt;/p&gt;\r\n\r\n&lt;p&gt;10.-Revisar el punto a punto est&amp;eacute;n coincidiendo entre el &amp;aacute;rbol de levas y el cig&amp;uuml;e&amp;ntilde;al.&lt;/p&gt;\r\n\r\n&lt;p&gt;11.-Ensamblar nuevamente las piezas extra&amp;iacute;das&lt;/p&gt;','&lt;p&gt;La persona encargada de realizar las actividades de mantenimiento deber&amp;aacute; seguir los pasos cuidadosamente y contar con el equipo necesario de seguridad (Guantes, overol, gafas y mascarilla).&lt;/p&gt;','Revisión del torque en el perno del templador hidráulico',70,8,8,3000,30,0,'plan1090694452.pdf'),(122,'3 Horas',0,'<p>-Juego de llaves</p>\r\n\r\n<p>- caja de herramientas 1/2</p>\r\n\r\n<p>-caja de herramientas de 1/4.</p>\r\n\r\n<p>- destornillador plano</p>\r\n\r\n<p>- destornillador estrella</p>\r\n\r\n<p>- un alicate</p>\r\n\r\n<p>- un torquimetro</p>\r\n','<p>- una banda de distribuci&oacute;n</p>\r\n\r\n<p>- guaipe</p>\r\n\r\n<p>- una brocha peque&ntilde;a.</p>\r\n','','&lt;p&gt;1.- Apagar el veh&amp;iacute;culo.&lt;/p&gt;\r\n\r\n&lt;p&gt;2.- Extraer las bandas de accesorios&lt;/p&gt;\r\n\r\n&lt;p&gt;3.- Desmontar la tapa de la banda de distribuidor&lt;/p&gt;\r\n\r\n&lt;p&gt;4.- Colocar punto a punto tanto el engranaje de cig&amp;uuml;e&amp;ntilde;al con el &amp;aacute;rbol de levas.&lt;/p&gt;\r\n\r\n&lt;p&gt;5.- Revisar la banda de distribuci&amp;oacute;n en caso de que se encuentre en mal estado continuar a los siguientes &amp;iacute;tems.&lt;/p&gt;\r\n\r\n&lt;p&gt;6.- Colocar la palanca de cambios en 5 pisar el freno mientras otra persona afloja el perno que sujeta la polea del cig&amp;uuml;e&amp;ntilde;al.&lt;/p&gt;\r\n\r\n&lt;p&gt;7.- Aflojar la polea tensora extraer la banda.&lt;/p&gt;\r\n\r\n&lt;p&gt;8.- remplazar la nueva banda&lt;/p&gt;\r\n\r\n&lt;p&gt;9.-Templar la banda&lt;/p&gt;\r\n\r\n&lt;p&gt;10.-Revisar el punto a punto est&amp;eacute;n coincidiendo entre el &amp;aacute;rbol de levas y el cig&amp;uuml;e&amp;ntilde;al.&lt;/p&gt;\r\n\r\n&lt;p&gt;11.- Ajustar el perno de la polea de cig&amp;uuml;e&amp;ntilde;al&lt;/p&gt;\r\n\r\n&lt;p&gt;y ensamblar nuevamente las piezas extra&amp;iacute;das&lt;/p&gt;','&lt;p&gt;La persona encargada de realizar las actividades de mantenimiento deber&amp;aacute; seguir los pasos cuidadosamente y contar con el equipo necesario de seguridad (Guantes, overol, gafas y mascarilla).&lt;/p&gt;','Revisión de la banda o Correas',70,8,8,3000,30,0,'plan2053050086.pdf'),(123,'1 Hora',0,'<p>-Juego de llaves</p>\r\n\r\n<p>- caja de herramientas 1/2</p>\r\n\r\n<p>-Destornillador plano</p>\r\n\r\n<p>- destornillador estrella</p>\r\n','<p>-una banda de accesorio.</p>\r\n\r\n<p>- guaipe</p>\r\n','','&lt;p&gt;1.- Apagar el veh&amp;iacute;culo.&lt;/p&gt;\r\n\r\n&lt;p&gt;2.- Aflojar las bandas y revisar si tiene agrietamiento en caso de sustituir.&lt;/p&gt;\r\n\r\n&lt;p&gt;3.- Remplazar la nueva banda de accesorios&lt;/p&gt;\r\n\r\n&lt;p&gt;4.-Realizar el tensado de la banda adecuado&lt;/p&gt;','&lt;p&gt;La persona encargada de realizar las actividades de mantenimiento deber&amp;aacute; seguir los pasos cuidadosamente y contar con el equipo necesario de seguridad (Guantes, overol, gafas y mascarilla).&lt;/p&gt;','Revisión de la banda de accesorios',69,8,8,2000,30,0,'plan49153480.pdf'),(124,'2 horas',0,'<p>- Caja de herramientas 1/2</p>\r\n\r\n<p>-Caja de herramientas 1/4.</p>\r\n\r\n<p>-Un caut&iacute;n pro&rsquo;skit</p>\r\n','<p>-Cable(depende de la numeraci&oacute;n de cable)</p>\r\n\r\n<p>- Un cinta aislante automotriz</p>\r\n\r\n<p>-Termo contra&iacute;ble (depende la numeraci&oacute;n del cable)</p>\r\n\r\n<p>-1m de esta&ntilde;o.</p>\r\n\r\n<p>-Pasta de soldar pro&rsquo;skit</p>\r\n\r\n<p>- A','','&lt;p&gt;1.- Encender el veh&amp;iacute;culo&lt;/p&gt;\r\n\r\n&lt;p&gt;2.-identificar los cables del electro ventilador.&lt;/p&gt;\r\n\r\n&lt;p&gt;3.- colocar los alfileres en los cables identificados para as&amp;iacute; no da&amp;ntilde;ar los cables.&lt;/p&gt;\r\n\r\n&lt;p&gt;3.- Con un mult&amp;iacute;metro verificar que est&amp;eacute; llegando los 12v de alimentaci&amp;oacute;n y masa.&lt;/p&gt;\r\n\r\n&lt;p&gt;4.-Si no tiene alimentaci&amp;oacute;n y masa verificar con el mult&amp;iacute;metro la continuidad y la resistencia.&lt;/p&gt;\r\n\r\n&lt;p&gt;3.- Si existe alg&amp;uacute;n cable roto soldar y colocar con un termo contra&amp;iacute;ble, en caso de no tener termo contra&amp;iacute;ble usar una cinta aislante.&lt;/p&gt;\r\n\r\n&lt;p&gt;5.- una vez revisado y corregido el electro ventilador debe actuar autom&amp;aacute;ticamente a los 80 ?C o 90?C dependiendo del veh&amp;iacute;culo.&lt;/p&gt;','&lt;p&gt;La persona encargada de realizar las actividades de mantenimiento deber&amp;aacute; seguir los pasos cuidadosamente y contar con el equipo necesario de seguridad (Guantes, overol, gafas y mascarilla).&lt;/p&gt;','Revisión del electro ventilador',70,8,8,1500,30,0,'plan886129638.pdf'),(125,'2 horas',0,'<p>-Juego de llaves</p>\r\n\r\n<p>- caja de herramientas de 1/4</p>\r\n\r\n<p>- caja de herramientas de 1/2</p>\r\n\r\n<p>-compresor neum&aacute;tico</p>\r\n','<p>-juego de Inyectores</p>\r\n\r\n<p>- guaipe</p>\r\n\r\n<p>Aire comprimido</p>\r\n','','&lt;p&gt;1.- Apagar el veh&amp;iacute;culo.&lt;/p&gt;\r\n\r\n&lt;p&gt;2.- Quitar los protectores de los inyectores.&lt;/p&gt;\r\n\r\n&lt;p&gt;3.-Con una llave aflojar las ca&amp;ntilde;er&amp;iacute;as de cada inyector y la ca&amp;ntilde;er&amp;iacute;a de retorno.&lt;/p&gt;\r\n\r\n&lt;p&gt;4.-Extraer los inyectores.&lt;/p&gt;\r\n\r\n&lt;p&gt;5.-Remplazar las toberas.&lt;/p&gt;\r\n\r\n&lt;p&gt;7. Realizar una limpieza del lugar donde van ubicado cada inyectores.&lt;/p&gt;\r\n\r\n&lt;p&gt;8.-Instalar correctamente.&lt;/p&gt;','&lt;p&gt;La persona encargada de realizar las actividades de mantenimiento deber&amp;aacute; seguir los pasos cuidadosamente y contar con el equipo necesario de seguridad (Guantes, overol, gafas y mascarilla).&lt;/p&gt;','Cambio de los inyectores.',69,8,8,3000,30,0,'plan955431819.pdf'),(126,'1 Hora',0,'<p>-Recipiente de una capacidad mayor a 10 litros.</p>\r\n\r\n<p>- Juego de copas de veh&iacute;culos.</p>\r\n\r\n<p>- Juego de desarmadores</p>\r\n','<p>- Guaipe</p>\r\n\r\n<p>- Silic&oacute;n</p>\r\n\r\n<p>- Junta o empaque</p>\r\n\r\n<p>- Gasolina</p>\r\n\r\n<p>-Aceite del motor</p>\r\n\r\n<p>-Filtro de aceite</p>\r\n','','&lt;p&gt;&lt;strong&gt;1.-&lt;/strong&gt; Vaciar todo el aceite del motor.&lt;/p&gt;\r\n\r\n&lt;p&gt;&lt;strong&gt;2.-&lt;/strong&gt; Abrir los pernos del Carter en diagonal&lt;/p&gt;\r\n\r\n&lt;p&gt;&lt;strong&gt;3.-&lt;/strong&gt; Antes de abrir los dos &amp;uacute;ltimos pernos sostener el Carter con un guaipe y luego abrirlos&lt;/p&gt;\r\n\r\n&lt;p&gt;4.- Con el Carter desmontado limpiar bien el silic&amp;oacute;n de las uniones.&lt;/p&gt;\r\n\r\n&lt;p&gt;&lt;strong&gt;5.-&lt;/strong&gt; Limpiar todo el aceite del Carter con gasolina y dejarlo totalmente limpio&lt;/p&gt;\r\n\r\n&lt;p&gt;&lt;strong&gt;6.-&lt;/strong&gt; Colocar el silic&amp;oacute;n en las uniones y el empaque.&lt;/p&gt;\r\n\r\n&lt;p&gt;&lt;strong&gt;7.-&lt;/strong&gt; Montaje del Carter ajustando los pernos en diagonal.&lt;/p&gt;\r\n\r\n&lt;p&gt;&lt;strong&gt;8.-&lt;/strong&gt; Dejar secar bien una vez montado el Carter.&lt;/p&gt;\r\n\r\n&lt;p&gt;&lt;strong&gt;9.-&lt;/strong&gt; Cambiar el filtro y llenar de aceite en el motor.&lt;/p&gt;\r\n\r\n&lt;p&gt;&lt;strong&gt;10.-&lt;/strong&gt; Revisar el nivel del aceite.&lt;/p&gt;','&lt;p&gt;La persona encargada de realizar las actividades de mantenimiento deber&amp;aacute; seguir los pasos cuidadosamente y contar con el equipo necesario de seguridad (Guantes, overol, gafas y mascarilla).&lt;/p&gt;','Cambio de juntas o empaques del Carter',69,8,8,2000,30,0,'plan809365898.pdf'),(127,'',0,'','','','','','',0,0,0,0,0,0,'plan1942712085.'),(128,'30 Min',0,'<p>-Juego de llaves</p>\r\n\r\n<p>- caja de herramientas de &frac12;.</p>\r\n\r\n<p>- bomba de vac&iacute;o.</p>\r\n','<p>-Aceite SAE w140</p>\r\n\r\n<p>- guaipe</p>\r\n','','&lt;p&gt;1.- Apagar la maquinaria&lt;/p&gt;\r\n\r\n&lt;p&gt;2.- Localizar la caja de trasferencia.&lt;/p&gt;\r\n\r\n&lt;p&gt;3.-Con la llave apropiada abrir el tap&amp;oacute;n de descarga y vaciar el aceite.&lt;/p&gt;\r\n\r\n&lt;p&gt;4.-Abrir el tap&amp;oacute;n para colocar el aceite.&lt;/p&gt;\r\n\r\n&lt;p&gt;5.-Asegurar el tap&amp;oacute;n de descarga.&lt;/p&gt;\r\n\r\n&lt;p&gt;6.- Colocar el aceite hasta el nivel indicado.&lt;/p&gt;\r\n\r\n&lt;p&gt;7.- Colocar el tap&amp;oacute;n de ingreso el aceite.&lt;/p&gt;\r\n\r\n&lt;p&gt;8.- Encender la maquinaria y verificar que no exista fugas de aceite.&lt;/p&gt;','&lt;p&gt;La persona encargada de realizar las actividades de mantenimiento deber&amp;aacute; seguir los pasos cuidadosamente y contar con el equipo necesario de seguridad (Guantes, overol, gafas y mascarilla).&lt;/p&gt;','Cambio de aceite de caja de trasmisión ',69,8,8,900,30,0,'plan1305608842.pdf'),(129,'50Min',0,'<p>-Juego de llaves</p>\r\n\r\n<p>- caja de herramientas de &frac12;.</p>\r\n\r\n<p>- bomba de vac&iacute;o.</p>\r\n','<p>-Aceite SAE w140</p>\r\n\r\n<p>- guaipe</p>\r\n','','&lt;p&gt;1.- Apagar la maquinaria&lt;/p&gt;\r\n\r\n&lt;p&gt;2.- Elevar la maquinaria y asegurar en un lugar figo y hasta en nivel que se pueda trabajar.&lt;/p&gt;\r\n\r\n&lt;p&gt;3.-Abrir el tap&amp;oacute;n de descarga del aceite del diferencial.&lt;/p&gt;\r\n\r\n&lt;p&gt;4.-Abrir el tap&amp;oacute;n para colocar el aceite.&lt;/p&gt;\r\n\r\n&lt;p&gt;5.-Asegurar el tap&amp;oacute;n de descarga.&lt;/p&gt;\r\n\r\n&lt;p&gt;6.- Colocar el aceite hasta el nivel indicado.&lt;/p&gt;\r\n\r\n&lt;p&gt;7.- Colocar el tap&amp;oacute;n de ingreso el aceite y asegurar que exista fuga.&lt;/p&gt;\r\n\r\n&lt;p&gt;8.- Encender la maquinaria y verificar que no exista fugas de aceite.&lt;/p&gt;','&lt;p&gt;La persona encargada de realizar las actividades de mantenimiento deber&amp;aacute; seguir los pasos cuidadosamente y contar con el equipo necesario de seguridad (Guantes, overol, gafas y mascarilla).&lt;/p&gt;','Cambio de aceite del diferencial',69,8,8,2500,30,0,'plan680115809.pdf'),(130,'2 hora',0,'<p>- Caja de herramientas 1/2</p>\r\n\r\n<p>-Caja de herramientas 1/4.</p>\r\n\r\n<p>-Un caut&iacute;n pro&rsquo;skit</p>\r\n','<p>-Cable (depende de la numeraci&oacute;n de cable)</p>\r\n\r\n<p>- Un cinta aislante automotriz</p>\r\n\r\n<p>-Termo contra&iacute;ble (depende la numeraci&oacute;n del cable)</p>\r\n\r\n<p>-1m de esta&ntilde;o.</p>\r\n\r\n<p>-Pasta de soldar pro&rsquo;skit</p>\r\n\r\n<p>- ','','&lt;p&gt;1.- Encender el veh&amp;iacute;culo&lt;/p&gt;\r\n\r\n&lt;p&gt;2.-identificar los cables del electro ventilador.&lt;/p&gt;\r\n\r\n&lt;p&gt;3.- colocar los alfileres en los cables identificados para as&amp;iacute; no da&amp;ntilde;ar los cables.&lt;/p&gt;\r\n\r\n&lt;p&gt;3.- Con un mult&amp;iacute;metro verificar que est&amp;eacute; llegando los 12v de alimentaci&amp;oacute;n y masa.&lt;/p&gt;\r\n\r\n&lt;p&gt;4.-Si no tiene alimentaci&amp;oacute;n y masa verificar con el mult&amp;iacute;metro la continuidad y la resistencia.&lt;/p&gt;\r\n\r\n&lt;p&gt;3.- Si existe alg&amp;uacute;n cable roto soldar y colocar con un termo contra&amp;iacute;ble, en caso de no tener termo contra&amp;iacute;ble usar una cinta aislante.&lt;/p&gt;\r\n\r\n&lt;p&gt;5.- una vez revisado y corregido el electro ventilador debe actuar autom&amp;aacute;ticamente a los 80 ?C o 90?C dependiendo del veh&amp;iacute;culo&lt;/p&gt;','&lt;p&gt;La persona encargada de realizar las actividades de mantenimiento deber&amp;aacute; seguir los pasos cuidadosamente y contar con el equipo necesario de seguridad (Guantes, overol, gafas y mascarilla).&lt;/p&gt;','Revisión del electro ventilador',65,9,9,20000,100,0,'plan1204258277.pdf'),(131,'3Hora',0,'<p>-Juego de llaves</p>\r\n\r\n<p>- caja de herramientas 1/2</p>\r\n\r\n<p>- caja de herramientas &frac14;</p>\r\n\r\n<p>-Un torqui metro</p>\r\n','<p>-Guipe</p>\r\n\r\n<p>-Perno en caso deteriorado</p>\r\n','','&lt;p&gt;1.- Apagar el veh&amp;iacute;culo.&lt;/p&gt;\r\n\r\n&lt;p&gt;2.- Extraer las bandas de accesorios&lt;/p&gt;\r\n\r\n&lt;p&gt;3.- Desmontar la tapa de la banda de distribuidor&lt;/p&gt;\r\n\r\n&lt;p&gt;4.- Colocar punto a punto tanto el engranaje de cig&amp;uuml;e&amp;ntilde;al con el &amp;aacute;rbol de levas.&lt;/p&gt;\r\n\r\n&lt;p&gt;7.- Revisar que el torque en el perno de templador hidr&amp;aacute;ulico este de 25lbs.&lt;/p&gt;\r\n\r\n&lt;p&gt;10.-Revisar el punto a punto est&amp;eacute;n coincidiendo entre el &amp;aacute;rbol de levas y el cig&amp;uuml;e&amp;ntilde;al.&lt;/p&gt;\r\n\r\n&lt;p&gt;11.-Ensamblar nuevamente las piezas extra&amp;iacute;das&lt;/p&gt;','&lt;p&gt;La persona encargada de realizar las actividades de mantenimiento deber&amp;aacute; seguir los pasos cuidadosamente y contar con el equipo necesario de seguridad (Guantes, overol, gafas y mascarilla).&lt;/p&gt;','Revisión del torque en el perno del templador hidráulico',65,9,9,20000,100,0,'plan890345097.pdf'),(132,'1 Hora',0,'<p>-Juego de llaves</p>\r\n\r\n<p>- caja de herramientas 1/2</p>\r\n\r\n<p>-caja de herramientas de 1/4</p>\r\n\r\n<p>-Destornillador plano</p>\r\n\r\n<p>- Destornillador estrella.</p>\r\n\r\n<p>- un alicate.</p>\r\n\r\n<p>- un martillo</p>\r\n','<p>-juego de grampas</p>\r\n','','&lt;p&gt;1.- Apagar el veh&amp;iacute;culo.&lt;/p&gt;\r\n\r\n&lt;p&gt;2.- Elevar el veh&amp;iacute;culo en un elevador hidr&amp;aacute;ulico.&lt;/p&gt;\r\n\r\n&lt;p&gt;3.- elevar a un nivel adecuado y c&amp;oacute;modo de realizar el trabajo.&lt;/p&gt;\r\n\r\n&lt;p&gt;4.- Revisar si alguna grampa esta suelta, o alguna ballesta esta con juego si existe juego remplazar las grampas.&lt;/p&gt;\r\n\r\n&lt;p&gt;5.- realizar un ajuste correcto.&lt;/p&gt;','&lt;p&gt;La persona encargada de realizar las actividades de mantenimiento deber&amp;aacute; seguir los pasos cuidadosamente y contar con el equipo necesario de seguridad (Guantes, overol, gafas y mascarilla).&lt;/p&gt;','Revisión del apriete de las grampas de las ballestas',65,9,9,15000,100,0,'plan1499234770.pdf'),(133,'2 hora',0,'<p>-Juego de llaves</p>\r\n\r\n<p>- caja de herramientas 1/2</p>\r\n\r\n<p>- caja de herramientas &frac14;</p>\r\n\r\n<p>- un compreso</p>\r\n','<p>-Pernos y tuercas de la r&oacute;tula.</p>\r\n\r\n<p>- guaipe</p>\r\n\r\n<p>- una brocha peque&ntilde;a.</p>\r\n\r\n<p>- aire comprimido</p>\r\n','','&lt;p&gt;1.- Apagar el veh&amp;iacute;culo.&lt;/p&gt;\r\n\r\n&lt;p&gt;2.- Elevar el veh&amp;iacute;culo en un elevador hidr&amp;aacute;ulico.&lt;/p&gt;\r\n\r\n&lt;p&gt;3.- elevar a un nivel adecuado y c&amp;oacute;modo de realizar el trabajo.&lt;/p&gt;\r\n\r\n&lt;p&gt;4.- Extraer los neum&amp;aacute;ticos.&lt;/p&gt;\r\n\r\n&lt;p&gt;5.-Relizar una limpieza tanto en la rotura superior e inferior.&lt;/p&gt;\r\n\r\n&lt;p&gt;6.- Revisar con un torqui metro que este dado el ajuste de 25lbs.&lt;/p&gt;\r\n\r\n&lt;p&gt;7.- Remplazar los pernos y tuerca si est&amp;aacute;n en mal estado.&lt;/p&gt;','&lt;p&gt;La persona encargada de realizar las actividades de mantenimiento deber&amp;aacute; seguir los pasos cuidadosamente y contar con el equipo necesario de seguridad (Guantes, overol, gafas y mascarilla).&lt;/p&gt;','Revisión del juego de pernos y tuercas de la rotulas',65,9,9,25000,100,0,'plan1961320994.pdf'),(134,'1 Hora',0,'<p>-Juego de llaves</p>\r\n\r\n<p>- caja de herramientas 1/2</p>\r\n\r\n<p>-juego de v&aacute;lvulas para medir la presi&oacute;n del aire.</p>\r\n\r\n<p>- un compresor.</p>\r\n','<p>-aire comprimido</p>\r\n\r\n<p>- guaipe</p>\r\n\r\n<p>- parche de los neum&aacute;ticos</p>\r\n','','&lt;p&gt;1.- Apagar el veh&amp;iacute;culo.&lt;/p&gt;\r\n\r\n&lt;p&gt;2.- Elevar el veh&amp;iacute;culo en un elevador hidr&amp;aacute;ulico.&lt;/p&gt;\r\n\r\n&lt;p&gt;3.- elevar a un nivel adecuado y c&amp;oacute;modo de realizar el trabajo.&lt;/p&gt;\r\n\r\n&lt;p&gt;4.- Revisar la presi&amp;oacute;n de aire que este de 30lbs.&lt;/p&gt;\r\n\r\n&lt;p&gt;5.- Extraer los neum&amp;aacute;ticos si es necesario y revisar si no tiene fuga del aire.&lt;/p&gt;\r\n\r\n&lt;p&gt;6.-Intalar correctamente.&lt;/p&gt;','&lt;p&gt;La persona encargada de realizar las actividades de mantenimiento deber&amp;aacute; seguir los pasos cuidadosamente y contar con el equipo necesario de seguridad (Guantes, overol, gafas y mascarilla).&lt;/p&gt;','Revisión de los neumáticos',65,9,9,15000,100,0,'plan910274178.pdf'),(135,'2 hora',0,'<p>-Juego de llaves</p>\r\n\r\n<p>- caja de herramientas 1/2</p>\r\n\r\n<p>- caja de herramientas 1/4</p>\r\n\r\n<p>- un compresor</p>\r\n','<p>-juego de tuercas y perno( la mayor parte se deteriora los tuercas)</p>\r\n\r\n<p>- guaipe</p>\r\n\r\n<p>- 1 una brocha peque&ntilde;a.</p>\r\n\r\n<p>- Aire comprimido</p>\r\n','','&lt;p&gt;1.- Apagar el veh&amp;iacute;culo.&lt;/p&gt;\r\n\r\n&lt;p&gt;2.- Elevar el veh&amp;iacute;culo en un elevador hidr&amp;aacute;ulico.&lt;/p&gt;\r\n\r\n&lt;p&gt;3.- elevar a un nivel adecuado y c&amp;oacute;modo de realizar el trabajo.&lt;/p&gt;\r\n\r\n&lt;p&gt;4.- Extraer los neum&amp;aacute;ticos.&lt;/p&gt;\r\n\r\n&lt;p&gt;5.-Realizar una limpieza tanto en los terminales izquierdo y derecho.&lt;/p&gt;\r\n\r\n&lt;p&gt;6.- Revisar con un torqui metro que este dado el ajuste de 25lbs.&lt;/p&gt;\r\n\r\n&lt;p&gt;7.-Remplazar los pernos y tuerca si est&amp;aacute;n en mal estado.&lt;/p&gt;\r\n\r\n&lt;p&gt;7.- Finalmente realizar la alineaci&amp;oacute;n.&lt;/p&gt;','&lt;p&gt;La persona encargada de realizar las actividades de mantenimiento deber&amp;aacute; seguir los pasos cuidadosamente y contar con el equipo necesario de seguridad (Guantes, overol, gafas y mascarilla).&lt;/p&gt;','Revisión de tuercas y pernos de los terminales',65,9,9,25000,100,0,'plan1473325828.pdf'),(136,'1 Hora',0,'<p>-Juego de llaves</p>\r\n\r\n<p>- caja de herramientas 1/2</p>\r\n\r\n<p>- caja de herramientas 1/4</p>\r\n\r\n<p>- un compresor</p>\r\n\r\n<p>- un grasero</p>\r\n','<p>-juego de graseros de los terminales y rotulas</p>\r\n\r\n<p>- guaipe</p>\r\n\r\n<p>- grasa</p>\r\n\r\n<p>- Aire comprimido</p>\r\n','','&lt;p&gt;1.- Apagar el veh&amp;iacute;culo.&lt;/p&gt;\r\n\r\n&lt;p&gt;2.- Elevar el veh&amp;iacute;culo en un elevador hidr&amp;aacute;ulico.&lt;/p&gt;\r\n\r\n&lt;p&gt;3.- elevar a un nivel adecuado y c&amp;oacute;modo de realizar el trabajo.&lt;/p&gt;\r\n\r\n&lt;p&gt;4.- Realizar una limpieza tanto en los terminales izquierdo y derecho.&lt;/p&gt;\r\n\r\n&lt;p&gt;5.- Realizar una limpieza tanto en las rotulas superior e inferior.&lt;/p&gt;\r\n\r\n&lt;p&gt;6.- Engrasar los terminales y rotulas.&lt;/p&gt;\r\n\r\n&lt;p&gt;7.-en caso de estar obstruido los graseros de las rotulas y terminales sustituir.&lt;/p&gt;\r\n\r\n&lt;p&gt;7.- Instalar correctamente.&lt;/p&gt;\r\n\r\n&lt;p&gt;8.- Engrasar correctamente.&lt;/p&gt;','&lt;p&gt;La persona encargada de realizar las actividades de mantenimiento deber&amp;aacute; seguir los pasos cuidadosamente y contar con el equipo necesario de seguridad (Guantes, overol, gafas y mascarilla).&lt;/p&gt;','Revisión y limpieza de las uniones lubricadas terminales y rotulas',65,9,9,10000,100,0,'plan29937438.pdf'),(137,'2 hora',0,'<p>-Juego de llaves</p>\r\n\r\n<p>- caja de herramientas 1/2</p>\r\n\r\n<p>- caja de herramientas 1/4</p>\r\n\r\n<p>- al&iacute;ate</p>\r\n','<p>-juego de guardapolvos</p>\r\n\r\n<p>- guaipe</p>\r\n\r\n<p>- Un dep&oacute;sito de fluido hidr&aacute;ulico.(en caso de ser necesario)</p>\r\n','','&lt;p&gt;1.- Apagar el veh&amp;iacute;culo.&lt;/p&gt;\r\n\r\n&lt;p&gt;2.- Elevar el veh&amp;iacute;culo en un elevador hidr&amp;aacute;ulico.&lt;/p&gt;\r\n\r\n&lt;p&gt;3.- Elevar a un nivel adecuado y c&amp;oacute;modo de realizar el trabajo.&lt;/p&gt;\r\n\r\n&lt;p&gt;4.- Extraer los neum&amp;aacute;ticos&lt;/p&gt;\r\n\r\n&lt;p&gt;5.-Inspeccionar si est&amp;aacute; en mal estado los guardapolvos si est&amp;aacute; roto remplazar.&lt;/p&gt;\r\n\r\n&lt;p&gt;6.- Inspeccionar si est&amp;aacute; en mal estado el dep&amp;oacute;sito de fluido hidr&amp;aacute;ulico si est&amp;aacute; roto remplazar.&lt;/p&gt;','&lt;p&gt;La persona encargada de realizar las actividades de mantenimiento deber&amp;aacute; seguir los pasos cuidadosamente y contar con el equipo necesario de seguridad (Guantes, overol, gafas y mascarilla).&lt;/p&gt;','Revisión del guardapolvos y del depósito del fluido hidráulico',65,9,9,30000,100,0,'plan709258560.pdf'),(138,'1 Hora',0,'<p>-Juego de llaves</p>\r\n\r\n<p>- caja de herramientas 1/2</p>\r\n\r\n<p>-alicates</p>\r\n','<p>-liquido ATF.</p>\r\n\r\n<p>- tuber&iacute;as</p>\r\n\r\n<p>- guipe.</p>\r\n','','&lt;p&gt;1.- Apagar el veh&amp;iacute;culo.&lt;/p&gt;\r\n\r\n&lt;p&gt;2.- Quitar el protector de Carter para poder visualizar de una mejor manera.&lt;/p&gt;\r\n\r\n&lt;p&gt;3.- verificar si existe fugas en las tuber&amp;iacute;as del l&amp;iacute;quido ATF.&lt;/p&gt;\r\n\r\n&lt;p&gt;4.- Si existe fugas sustituir la tuber&amp;iacute;a.&lt;/p&gt;\r\n\r\n&lt;p&gt;5.- Instalar correctamente y completar el l&amp;iacute;quido ATF al nivel indicado.&lt;/p&gt;','&lt;p&gt;La persona encargada de realizar las actividades de mantenimiento deber&amp;aacute; seguir los pasos cuidadosamente y contar con el equipo necesario de seguridad (Guantes, overol, gafas y mascarilla).&lt;/p&gt;','Revisión de la tubería del líquido hidráulico',65,9,9,25000,100,0,'plan1098364045.pdf'),(139,'1 Hora',0,'<p>-Juego de llaves</p>\r\n\r\n<p>- caja de herramientas 1/2</p>\r\n\r\n<p>-alicates</p>\r\n\r\n<p>- caja de herramientas de 1/4</p>\r\n','<p>-dep&oacute;sito de l&iacute;quido ATF</p>\r\n\r\n<p>-juegos de tuber&iacute;as</p>\r\n\r\n<p>-Guipes</p>\r\n\r\n<p>-arandelas &nbsp;</p>\r\n','','&lt;p&gt;1.- Apagar el veh&amp;iacute;culo.&lt;/p&gt;\r\n\r\n&lt;p&gt;2.- Quitar el protector de Carter para poder visualizar de una mejor manera.&lt;/p&gt;\r\n\r\n&lt;p&gt;3.- verificar si existe fugas en las tuber&amp;iacute;as del l&amp;iacute;quido ATF.&lt;/p&gt;\r\n\r\n&lt;p&gt;4.- Si existe fugas sustituir la tuber&amp;iacute;a.&lt;/p&gt;\r\n\r\n&lt;p&gt;5.- Instalar correctamente y completar el l&amp;iacute;quido ATF al nivel indicado.&lt;/p&gt;\r\n\r\n&lt;p&gt;6.- Verificar si existe fuga por dep&amp;oacute;sito sustituir si es necesario.&lt;/p&gt;','&lt;p&gt;La persona encargada de realizar las actividades de mantenimiento deber&amp;aacute; seguir los pasos cuidadosamente y contar con el equipo necesario de seguridad (Guantes, overol, gafas y mascarilla).&lt;/p&gt;','Revisión de fugas del líquido ATF',65,9,9,25000,100,0,'plan1010214384.pdf'),(140,'1 Hora',0,'<table cellspacing=\"0\" style=\"width:805px\">\r\n	<tbody>\r\n		<tr>\r\n			<td style=\"width:127.55pt\">\r\n			<p>-Juego de llaves</p>\r\n\r\n			<p>- caja de herramientas 1/2</p>\r\n\r\n			<p>-alicates</p>\r\n\r\n			<p>-caja de herramientas de &frac14;</p>\r\n			</td>\r\n		</tr>\r\n	</t','<p>-juego de guardapolvos</p>\r\n\r\n<p>- guaipe</p>\r\n\r\n<p>- 1 una brocha peque&ntilde;a.</p>\r\n','','&lt;p&gt;1.- Apagar el veh&amp;iacute;culo.&lt;/p&gt;\r\n\r\n&lt;p&gt;2.- Elevar el veh&amp;iacute;culo en un elevador hidr&amp;aacute;ulico.&lt;/p&gt;\r\n\r\n&lt;p&gt;3.- Elevar a un nivel adecuado y c&amp;oacute;modo de realizar el trabajo.&lt;/p&gt;\r\n\r\n&lt;p&gt;4.- Extraer los neum&amp;aacute;ticos&lt;/p&gt;\r\n\r\n&lt;p&gt;5.-Inspeccionar si est&amp;aacute; en mal estado los guardapolvos si est&amp;aacute; roto remplazar.&lt;/p&gt;','&lt;p&gt;La persona encargada de realizar las actividades de mantenimiento deber&amp;aacute; seguir los pasos cuidadosamente y contar con el equipo necesario de seguridad (Guantes, overol, gafas y mascarilla).&lt;/p&gt;','Revisión del guardapolvos',65,9,9,25000,100,0,'plan1729970999.pdf'),(141,'30min',0,'<p>-Caja de herramientas para los tapones aceite de caja de cambios</p>\r\n\r\n<p>- caja de herramientas de 1/2</p>\r\n\r\n<p>- bomba de vac&iacute;o para aceite.</p>\r\n','<p>-Guaipe</p>\r\n\r\n<p>-Franela</p>\r\n\r\n<p>-aceite SAE 80W 90</p>\r\n\r\n<p>- Recolector de aceites</p>\r\n','','&lt;p&gt;&lt;strong&gt;1.-&lt;/strong&gt;Colocar el veh&amp;iacute;culo en la rapa&lt;/p&gt;\r\n\r\n&lt;p&gt;&lt;strong&gt;2.-&lt;/strong&gt; ubicar la caja de cambios y localizar el desfogue de aceite y la carga de aceite.&lt;/p&gt;\r\n\r\n&lt;p&gt;&lt;strong&gt;3.-&lt;/strong&gt;Vaciar el aceite de la caja de cambios.&lt;/p&gt;\r\n\r\n&lt;p&gt;&lt;strong&gt;4.-&lt;/strong&gt;Asegurar el tap&amp;oacute;n de la descarga de aceite.&lt;/p&gt;\r\n\r\n&lt;p&gt;&lt;strong&gt;5.-&lt;/strong&gt; Colocar el nuevo aceite hasta el nivel indicado.&lt;/p&gt;\r\n\r\n&lt;p&gt;&lt;strong&gt;6.-&lt;/strong&gt; Asegurar el tap&amp;oacute;n de la carga de aceite.&lt;/p&gt;\r\n\r\n&lt;p&gt;&lt;strong&gt;7.- &lt;/strong&gt;Encender el veh&amp;iacute;culo y verificar que no exista fugas y ruidos extra&amp;ntilde;os.&lt;/p&gt;','&lt;p&gt;La persona encargada de realizar las actividades de mantenimiento deber&amp;aacute; seguir los pasos cuidadosamente y contar con el equipo necesario de seguridad (Guantes, overol, gafas y mascarilla).&lt;/p&gt;','Cambio de aceite de la caja de cambios',65,9,9,20000,100,0,'plan1944047401.pdf'),(142,'30min',0,'<p>- Caja de herramientas de tapones de aceite.</p>\r\n\r\n<p>-caja de herramientas de 1/2</p>\r\n\r\n<p>- bomba de vac&iacute;o para aceite.</p>\r\n','<p>-Guaipe</p>\r\n\r\n<p>-Franela</p>\r\n\r\n<p>-Aceite SAE W 140</p>\r\n','','&lt;p&gt;&lt;strong&gt;.-&lt;/strong&gt; Colocar en la rampa el veh&amp;iacute;culo.&lt;/p&gt;\r\n\r\n&lt;p&gt;&lt;strong&gt;2.-&lt;/strong&gt; Ubicar el diferencial y quitar el tap&amp;oacute;n de la descarga del aceite.&lt;/p&gt;\r\n\r\n&lt;p&gt;&lt;strong&gt;3.- &lt;/strong&gt;Una vez vaciado el aceite asegurar el tap&amp;oacute;n.&lt;/p&gt;\r\n\r\n&lt;p&gt;&lt;strong&gt;4.-&lt;/strong&gt;Colocar el nuevo aceite y dejarlo hasta el nivel indicado.&lt;/p&gt;\r\n\r\n&lt;p&gt;&lt;strong&gt;5.-&lt;/strong&gt; Asegurar el tap&amp;oacute;n.&lt;/p&gt;\r\n\r\n&lt;p&gt;&lt;strong&gt;6.-&lt;/strong&gt; Encender el veh&amp;iacute;culo y verificar que no exista fugas.&lt;/p&gt;','&lt;p&gt;La persona encargada de realizar las actividades de mantenimiento deber&amp;aacute; seguir los pasos cuidadosamente y contar con el equipo necesario de seguridad (Guantes, overol, gafas y mascarilla).&lt;/p&gt;','Cambio de Aceite de diferencial o corona',65,9,9,20000,100,0,'plan758358607.pdf'),(143,'30min',0,'<p>- Caja de herramientas de tapones de aceite.</p>\r\n\r\n<p>-caja de herramientas de 1/2</p>\r\n\r\n<p>- bomba de vac&iacute;o para aceite.</p>\r\n','<p>-Guaipe</p>\r\n\r\n<p>-Franela</p>\r\n\r\n<p>-aceite SAE W140</p>\r\n','','&lt;p&gt;&lt;strong&gt;1.-&lt;/strong&gt; Colocar el veh&amp;iacute;culo en la rampa.&lt;/p&gt;\r\n\r\n&lt;p&gt;&lt;strong&gt;2.-&lt;/strong&gt; quitar el tap&amp;oacute;n del transfer.&amp;nbsp;&lt;/p&gt;\r\n\r\n&lt;p&gt;&lt;strong&gt;3.-&lt;/strong&gt;Vasiar todo el aceite.&lt;/p&gt;\r\n\r\n&lt;p&gt;&lt;strong&gt;4.-&lt;/strong&gt;asegurar el tap&amp;oacute;n del traer.&lt;/p&gt;\r\n\r\n&lt;p&gt;&lt;strong&gt;5.-&lt;/strong&gt; colocar el nuevo aceite hasta el nivel indicado.&lt;/p&gt;\r\n\r\n&lt;p&gt;&lt;strong&gt;6.-&lt;/strong&gt; Revisar que no exista fugas.&lt;/p&gt;','&lt;p&gt;La persona encargada de realizar las actividades de mantenimiento deber&amp;aacute; seguir los pasos cuidadosamente y contar con el equipo necesario de seguridad (Guantes, overol, gafas y mascarilla).&lt;/p&gt;','Cambio de aceite de caja de trasferencia de 4x4',65,9,9,30000,100,0,'plan1506691268.pdf'),(144,'2 hora',0,'<p>- Elevador hidr&aacute;ulico</p>\r\n\r\n<p>- Caja de herramientas de &frac12;</p>\r\n\r\n<p>-Caja de herramientas de &frac14;</p>\r\n\r\n<p>- Juego de destornilladores</p>\r\n\r\n<p>- Juego de alicates</p>\r\n\r\n<p>- Compresor</p>\r\n\r\n<p>-un combo</p>\r\n\r\n<p>- destornillado','<p>-Guaipe</p>\r\n\r\n<p>-Franela</p>\r\n\r\n<p>-liquido de freno DOT 3 y 4 depende del veh&iacute;culo.</p>\r\n\r\n<p>- 1 brake clean.</p>\r\n\r\n<p>-Aire comprimido</p>\r\n','','&lt;p&gt;&lt;strong&gt;1.-&lt;/strong&gt; Colocar el veh&amp;iacute;culo en un elevador hidr&amp;aacute;ulico.&lt;/p&gt;\r\n\r\n&lt;p&gt;&lt;strong&gt;2.-&lt;/strong&gt; elevar al nivel que sea c&amp;oacute;modo trabajar.&lt;/p&gt;\r\n\r\n&lt;p&gt;&lt;strong&gt;3.-&lt;/strong&gt;Quitar todos los neum&amp;aacute;ticos.&lt;/p&gt;\r\n\r\n&lt;p&gt;&lt;strong&gt;4.-&lt;/strong&gt;En la parte delantera del veh&amp;iacute;culo con una llave adecuada aflojar el perno inferior de la mordaza, alzar la mordaza y verificar el estado de las pastillas, si en las pastillas no existe la marca sustituirlos caso contrario limpiarlos con aire comprimido y Colocarlo nuevamente.&amp;nbsp;&lt;/p&gt;\r\n\r\n&lt;p&gt;&lt;strong&gt;5.-&lt;/strong&gt; En la parte posterior dejar suelto el freno de mano, con un destornillador de imparto abrir el tornillo que lleva el tabor.&lt;/p&gt;\r\n\r\n&lt;p&gt;&lt;strong&gt;6.-&lt;/strong&gt; Quitar el tambor, y revisar las zapatas si est&amp;aacute;n desgasta, en el caso de que est&amp;eacute;n desgastadas sustituirlos.&lt;/p&gt;\r\n\r\n&lt;p&gt;&lt;strong&gt;7.- &lt;/strong&gt;Si se observa que las zapatas est&amp;aacute;n sucias limpiarlos con brake clean.&lt;/p&gt;\r\n\r\n&lt;p&gt;&lt;strong&gt;8.-&lt;/strong&gt;Colocar nuevamente el tambor los neum&amp;aacute;ticos y calibrar de acuerdo a la regulaci&amp;oacute;n.&lt;/p&gt;\r\n\r\n&lt;p&gt;&lt;strong&gt;9.-&lt;/strong&gt; Si se abri&amp;oacute; alguna ca&amp;ntilde;er&amp;iacute;a del freno sangrar y completar el l&amp;iacute;quido de frenos al nivel indicado.&lt;/p&gt;','&lt;p&gt;La persona encargada de realizar las actividades de mantenimiento deber&amp;aacute; seguir los pasos cuidadosamente y contar con el equipo necesario de seguridad (Guantes, overol, gafas y mascarilla).&lt;/p&gt;','Revisión, limpieza y calibración de frenos',65,9,9,10000,100,0,'plan604625088.pdf'),(145,'1 Hora',0,'<p>- Elevador hidr&aacute;ulico</p>\r\n\r\n<p>- Caja de herramientas de &frac12;</p>\r\n\r\n<p>-Caja de herramientas de &frac14;</p>\r\n\r\n<p>- Juego de destornilladores</p>\r\n\r\n<p>- Juego de alicates</p>\r\n\r\n<p>- Compresor</p>\r\n\r\n<p>-un combo</p>\r\n\r\n<p>- caja de <a hr','<p>-Guaipe</p>\r\n\r\n<p>-Franela</p>\r\n\r\n<p>-liquido de freno DOT 3 y 4 depende del veh&iacute;culo.</p>\r\n\r\n<p>- 1 brake clean.</p>\r\n\r\n<p>-Aire comprimido</p>\r\n','','&lt;p&gt;&lt;strong&gt;1.-&lt;/strong&gt; Colocar el veh&amp;iacute;culo en un elevador hidr&amp;aacute;ulico.&lt;/p&gt;\r\n\r\n&lt;p&gt;&lt;strong&gt;2.-&lt;/strong&gt; elevar al nivel que sea c&amp;oacute;modo trabajar.&lt;/p&gt;\r\n\r\n&lt;p&gt;&lt;strong&gt;3.-&lt;/strong&gt;Quitar los neum&amp;aacute;ticos delanteros.&lt;/p&gt;\r\n\r\n&lt;p&gt;&lt;strong&gt;4.-&lt;/strong&gt;En la parte delantera del veh&amp;iacute;culo con una llave adecuada aflojar el perno inferior de la mordaza, alzar la mordaza y verificar el estado de las pastillas, si en las pastillas no existe la marca sustituirlos caso contrario limpiarlos con aire comprimido y Colocarlo nuevamente.&amp;nbsp;&lt;/p&gt;\r\n\r\n&lt;p&gt;&lt;strong&gt;5.-&lt;/strong&gt; Regresar el pist&amp;oacute;n de freno si es necesario.&lt;/p&gt;\r\n\r\n&lt;p&gt;&lt;strong&gt;6.-&lt;/strong&gt; Revisar el nivel del l&amp;iacute;quido de freno.&lt;/p&gt;\r\n\r\n&lt;p&gt;&lt;strong&gt;7.- &lt;/strong&gt;Realizar la purga del aire en el sistema&lt;/p&gt;','&lt;p&gt;La persona encargada de realizar las actividades de mantenimiento deber&amp;aacute; seguir los pasos cuidadosamente y contar con el equipo necesario de seguridad (Guantes, overol, gafas y mascarilla).&lt;/p&gt;','Cambio de pastillas',65,9,9,25000,100,0,'plan1417223416.pdf'),(146,'1 Hora',0,'<p>- Elevador hidr&aacute;ulico</p>\r\n\r\n<p>- Caja de herramientas de &frac12;</p>\r\n\r\n<p>-Caja de herramientas de &frac14;</p>\r\n\r\n<p>- Juego de destornilladores</p>\r\n\r\n<p>- Juego de alicates</p>\r\n\r\n<p>- Compresor</p>\r\n\r\n<p>-un combo</p>\r\n\r\n<p>- destornillado','<p>-Guaipe</p>\r\n\r\n<p>-Franela</p>\r\n\r\n<p>-liquido de freno DOT 3 y 4 depende del veh&iacute;culo.</p>\r\n\r\n<p>- 1 brake clean.</p>\r\n\r\n<p>-Aire comprimido</p>\r\n','','&lt;p&gt;&lt;strong&gt;1.-&lt;/strong&gt; Colocar el veh&amp;iacute;culo en un elevador hidr&amp;aacute;ulico.&lt;/p&gt;\r\n\r\n&lt;p&gt;&lt;strong&gt;2.-&lt;/strong&gt; elevar al nivel que sea c&amp;oacute;modo trabajar.&lt;/p&gt;\r\n\r\n&lt;p&gt;&lt;strong&gt;3.-&lt;/strong&gt;Quitar los neum&amp;aacute;ticos traseros.&lt;/p&gt;\r\n\r\n&lt;p&gt;&lt;strong&gt;4.-&lt;/strong&gt; En la parte posterior dejar suelto el freno de mano, con un destornillador de imparto abrir el tornillo que lleva el tabor&lt;/p&gt;\r\n\r\n&lt;p&gt;&lt;strong&gt;5.-&lt;/strong&gt;. Quitar el tambor, y revisar las zapatas si est&amp;aacute;n desgasta, en el caso de que est&amp;eacute;n desgastadas sustituirlos.&lt;/p&gt;\r\n\r\n&lt;p&gt;&lt;strong&gt;6.-&lt;/strong&gt; Si se observa que las zapatas est&amp;aacute;n sucias limpiarlos con brake clean&lt;/p&gt;\r\n\r\n&lt;p&gt;&lt;strong&gt;7.-&lt;/strong&gt;Colocar nuevamente el tambor los neum&amp;aacute;ticos y calibrar de acuerdo a la regulaci&amp;oacute;n.&lt;/p&gt;\r\n\r\n&lt;p&gt;&lt;strong&gt;8.-&lt;/strong&gt; Si se abri&amp;oacute; alguna ca&amp;ntilde;er&amp;iacute;a del freno sangrar y completar el l&amp;iacute;quido de frenos al nivel indicado.&lt;/p&gt;','&lt;p&gt;La persona encargada de realizar las actividades de mantenimiento deber&amp;aacute; seguir los pasos cuidadosamente y contar con el equipo necesario de seguridad (Guantes, overol, gafas y mascarilla).&lt;/p&gt;','Cambio de zapatas',65,9,9,30000,100,0,'plan1870788377.pdf'),(147,'40 Min',0,'<p>-Juego de llaves</p>\r\n\r\n<p>- Bomba de engrase</p>\r\n\r\n<p>-Caja de herramientas de &frac12;</p>\r\n\r\n<p>-juego de destornilladores</p>\r\n\r\n<p>- juego de pinzas</p>\r\n','<p>-Grasa CAT</p>\r\n\r\n<p>- guaipe</p>\r\n','','&lt;p&gt;1.- Apagar la maquinaria&lt;/p&gt;\r\n\r\n&lt;p&gt;2.- En caso de ser necesario lavar la maquinaria.&lt;/p&gt;\r\n\r\n&lt;p&gt;3.-Quitar todos los protectores que la maquinaria tenga as&amp;iacute; dejar libre los lugares que se va lubricar.&lt;/p&gt;\r\n\r\n&lt;p&gt;4.- Con la engrasadora manual lubricar todos los lugares de engrase.&lt;/p&gt;\r\n\r\n&lt;p&gt;5.-Colocar todos los protectores en los lugares establecidos.&lt;/p&gt;','&lt;p&gt;La persona encargada de realizar las actividades de mantenimiento deber&amp;aacute; seguir los pasos cuidadosamente y contar con el equipo necesario de seguridad (Guantes, overol, gafas y mascarilla).&lt;/p&gt;','Lubricación general de todas las partes de la maquinaria',69,8,8,80,30,0,'plan737917743.pdf'),(148,'30 Min',0,'<p>-Juego de llaves</p>\r\n\r\n<p>- llave de filtro de combustible</p>\r\n\r\n<p>- juego de destornilladores</p>\r\n','<p>- filtros de combustibles</p>\r\n\r\n<p>-guape</p>\r\n','','&lt;p&gt;&lt;strong&gt;1.-&lt;/strong&gt; localizar los filtros de combustibles&lt;/p&gt;\r\n\r\n&lt;p&gt;&lt;strong&gt;2.-&lt;/strong&gt; Con llave de filtros de combustibles retirarlos&lt;/p&gt;\r\n\r\n&lt;p&gt;&lt;strong&gt;3.-&lt;/strong&gt; Colocar los nuevos filtros de combustibles.&lt;/p&gt;\r\n\r\n&lt;p&gt;&lt;strong&gt;4.-&lt;/strong&gt; Purgar el combustible con el fin que no quede aire en el sistema de alimentaci&amp;oacute;n.&lt;/p&gt;\r\n\r\n&lt;p&gt;&lt;strong&gt;5.-&lt;/strong&gt; Encender el veh&amp;iacute;culo y revisar que no exista fugas de combustible.&lt;/p&gt;','&lt;p&gt;La persona encargada de realizar las actividades de mantenimiento deber&amp;aacute; seguir los pasos cuidadosamente y contar con el equipo necesario de seguridad (Guantes, overol, gafas y mascarilla).&lt;/p&gt;','Cambio de filtro de combustible',67,3,3,15000,100,1,'plan1776354964.compressed'),(149,'30 Min',0,'<p>-Juego de llaves</p>\r\n\r\n<p>- Juego de destornilladores</p>\r\n\r\n<p>-Caja de herramientas de 1/4</p>\r\n','<p>-Filtros de aire.</p>\r\n\r\n<p>-guape.</p>\r\n','','&lt;p&gt;&lt;strong&gt;1.-&lt;/strong&gt; Localizar las ubicaciones de los filtros de aire.&lt;/p&gt;\r\n\r\n&lt;p&gt;&lt;strong&gt;2.-&lt;/strong&gt; Abrir las tuercas o tornillos que sujetan.&lt;/p&gt;\r\n\r\n&lt;p&gt;&lt;strong&gt;3.-&lt;/strong&gt; Sustituir los filtros y colocar adecuadamente.&lt;/p&gt;\r\n\r\n&lt;p&gt;&lt;strong&gt;4.-&lt;/strong&gt; Encender el vehicul&amp;oacute; y verificar que no exista vac&amp;iacute;os de aire.&lt;/p&gt;','&lt;p&gt;La persona encargada de realizar las actividades de mantenimiento deber&amp;aacute; seguir los pasos cuidadosamente y contar con el equipo necesario de seguridad (Guantes, overol, gafas y mascarilla).&lt;/p&gt;','Cambio de filtros de aire primario y secundario',68,3,3,15000,100,1,'plan1432600071.compressed'),(150,'45Min',0,'<p>-Juego de llaves</p>\r\n\r\n<p>- Juego de destornilladores</p>\r\n\r\n<p>-Alicates</p>\r\n\r\n<p>Caja de herramientas de 1/4</p>\r\n','<p>-Bandas de accesorio</p>\r\n\r\n<p>-bandas de distribuci&oacute;n</p>\r\n\r\n<p>-guaipe</p>\r\n','','&lt;p&gt;&lt;strong&gt;1.-&lt;/strong&gt; inspeccionar si tienes agrietamiento en la bandas remplazar si es necesario.&lt;/p&gt;\r\n\r\n&lt;p&gt;&lt;strong&gt;2.-&lt;/strong&gt; Revisar si las bandas est&amp;aacute;n flojas realizar el ajuste necesario.&lt;/p&gt;\r\n\r\n&lt;p&gt;&lt;strong&gt;3.-&lt;/strong&gt; las bandas de distribuci&amp;oacute;n abrir la tapa de protecci&amp;oacute;n e inspeccionar si tiene agrietamiento si es necesario remplazar&lt;/p&gt;','&lt;p&gt;La persona encargada de realizar las actividades de mantenimiento deber&amp;aacute; seguir los pasos cuidadosamente y contar con el equipo necesario de seguridad (Guantes, overol, gafas y mascarilla).&lt;/p&gt;','Revisión de las bandas del motor',68,3,3,35000,100,1,'plan1820819506.compressed'),(151,'1 Hora',0,'<p>-Juego de llaves</p>\r\n\r\n<p>- Juego de destornilladores</p>\r\n\r\n<p>-Alicates</p>\r\n','<p>- 1 cepillo de dientes o brocha peque&ntilde;a.</p>\r\n\r\n<p>-Liquido de limpieza o gasolina.</p>\r\n','','&lt;p&gt;&lt;strong&gt;1.-&lt;/strong&gt; Desconectar el negativo de la bater&amp;iacute;a.&lt;/p&gt;\r\n\r\n&lt;p&gt;&lt;strong&gt;2.-&lt;/strong&gt; Localizar la v&amp;aacute;lvula EGR en el veh&amp;iacute;culo.&lt;/p&gt;\r\n\r\n&lt;p&gt;&lt;strong&gt;3.-&lt;/strong&gt; Desconectar los conductos y conectores cuidadosamente procurando no romper nada.&lt;/p&gt;\r\n\r\n&lt;p&gt;&lt;strong&gt;4.-&lt;/strong&gt; Destornillar y quitar la v&amp;aacute;lvula EGR de su base con peque&amp;ntilde;os golpes cuidadosamente.&lt;/p&gt;\r\n\r\n&lt;p&gt;&lt;strong&gt;5.-&lt;/strong&gt; Sumergir la v&amp;aacute;lvula EGR durante una media hora en el l&amp;iacute;quido de limpieza pero tener cuidado de no sumergir los terminales el&amp;eacute;ctrico.&lt;/p&gt;\r\n\r\n&lt;p&gt;&lt;strong&gt;6.-&lt;/strong&gt; Con la brocha o cepillo de dientes remover las part&amp;iacute;culas que hayan quedado.&lt;/p&gt;\r\n\r\n&lt;p&gt;&lt;strong&gt;7.-&lt;/strong&gt;Con la v&amp;aacute;lvula EGR limpia procedemos al montaje.&amp;nbsp;&amp;nbsp;&amp;nbsp;&amp;nbsp;&amp;nbsp;&amp;nbsp;&amp;nbsp;&amp;nbsp;&amp;nbsp;&amp;nbsp;&amp;nbsp;&amp;nbsp;&amp;nbsp;&amp;nbsp;&amp;nbsp;&amp;nbsp;&amp;nbsp;&amp;nbsp;&amp;nbsp;&amp;nbsp;&amp;nbsp;&amp;nbsp;&amp;nbsp;&amp;nbsp;&amp;nbsp;&amp;nbsp;&amp;nbsp; &amp;nbsp;&amp;nbsp;&amp;nbsp;&amp;nbsp;&amp;nbsp;&amp;nbsp;&amp;nbsp;&amp;nbsp;&amp;nbsp;&amp;nbsp;&amp;nbsp;&amp;nbsp;&amp;nbsp;&amp;nbsp;&amp;nbsp;&amp;nbsp;&amp;nbsp;&amp;nbsp;&amp;nbsp;&amp;nbsp;&lt;/p&gt;','&lt;p&gt;La persona encargada de realizar las actividades de mantenimiento deber&amp;aacute; seguir los pasos cuidadosamente y contar con el equipo necesario de seguridad (Guantes, overol, gafas y mascarilla).&lt;/p&gt;','Revisión y limpieza de la válvula EGR',68,3,3,35000,100,1,'plan107821881.pdf'),(152,'1 Hora',0,'<p>-Alicate</p>\r\n\r\n<p>- Compresor de aire</p>\r\n\r\n<p>-juego de llaves</p>\r\n\r\n<p>-juego de destornilladores</p>\r\n','<p>- Franela.</p>\r\n\r\n<p>- Guaipe</p>\r\n\r\n<p>- Liquido de limpieza o Gasolina</p>\r\n','','&lt;p&gt;&amp;nbsp;&lt;/p&gt;\r\n\r\n&lt;p&gt;&lt;strong&gt;1.-&lt;/strong&gt; Ubicar la v&amp;aacute;lvula PCV por lo generalmente se encuentra en la parte superior del block&lt;/p&gt;\r\n\r\n&lt;p&gt;&lt;strong&gt;2.-&lt;/strong&gt; Retirar con cuidado la manguera de la parte superior de la v&amp;aacute;lvula.&lt;/p&gt;\r\n\r\n&lt;p&gt;&lt;strong&gt;3.-&lt;/strong&gt; Con la franela envuelve la parte superior de la v&amp;aacute;lvula y con el alicate afloja las abrazaderas,&amp;nbsp; jala hacia arriba para poder sacar la v&amp;aacute;lvula.&lt;/p&gt;\r\n\r\n&lt;p&gt;&lt;strong&gt;4.-&lt;/strong&gt; Con aire a presi&amp;oacute;n sopla en la parte central de la v&amp;aacute;lvula para remover los residuos.&lt;/p&gt;\r\n\r\n&lt;p&gt;&lt;strong&gt;5.-&lt;/strong&gt; Lavar a presi&amp;oacute;n con gasolina por dentro y fuera de la v&amp;aacute;lvula.&lt;/p&gt;\r\n\r\n&lt;p&gt;&lt;strong&gt;6.-&lt;/strong&gt; Secar con aire a presi&amp;oacute;n tanto fuera como dentro de la v&amp;aacute;lvula.&lt;/p&gt;\r\n\r\n&lt;p&gt;&lt;strong&gt;7.-&lt;/strong&gt;Montaje de la v&amp;aacute;lvula en el block asegurar bien las abrazaderas con el alicate.&lt;/p&gt;\r\n\r\n&lt;p&gt;8.- Empujar bien la manguera y asegurar que haya entrado por completo&lt;/p&gt;','&lt;p&gt;La persona encargada de realizar las actividades de mantenimiento deber&amp;aacute; seguir los pasos cuidadosamente y contar con el equipo necesario de seguridad (Guantes, overol, gafas y mascarilla).&lt;/p&gt;','Limpieza de la válvula de PCV',68,3,3,35000,100,1,'plan114413701.pdf'),(153,'1 Hora',0,'<p>-Alicate</p>\r\n\r\n<p>- Playo</p>\r\n\r\n<p>- Juego de desarmadores</p>\r\n','<p>- Franela.</p>\r\n\r\n<p>- Guaipe</p>\r\n','','&lt;p&gt;&lt;strong&gt;1.-&lt;/strong&gt; En el filtro secundario de combustible aflojar el tornillo 1 de purga, accionar la palanca de la bomba hasta que el combustible deje de formar espuma y finalmente ajustar el tornillo de purga.&lt;/p&gt;\r\n\r\n&lt;p&gt;&lt;strong&gt;2.-&lt;/strong&gt; En el filtro secundario de combustible aflojar el tornillo 2 de purga, accionar la palanca de la bomba para que&amp;nbsp; el combustible&amp;nbsp; arrastre el aire de las tuber&amp;iacute;as y nuevamente ajustar el tornillo de purga 2.&lt;/p&gt;\r\n\r\n&lt;p&gt;&lt;strong&gt;3.-&lt;/strong&gt; El la bomba inyectora aflojar el tornillo 3 de purga, activar la palanca de la bomba nuevamente hasta que no haya aire y finalmente apretar el tornillo de purga.&lt;/p&gt;\r\n\r\n&lt;p&gt;&lt;strong&gt;4.-&lt;/strong&gt; Finalmente el purgado en los inyectores para ello arrancar el veh&amp;iacute;culo y acelerar suavemente para que salga todo el aire.&lt;/p&gt;','&lt;p&gt;La persona encargada de realizar las actividades de mantenimiento deber&amp;aacute; seguir los pasos cuidadosamente y contar con el equipo necesario de seguridad (Guantes, overol, gafas y mascarilla).&lt;/p&gt;','Limpieza de la válvula de purga de aire',67,3,3,20000,100,1,'plan1437426078.pdf'),(154,'1 Hora',0,'<p>-Alicate</p>\r\n\r\n<p>- Desarmadores</p>\r\n\r\n<p>- Playo</p>\r\n','<p>- Franela.</p>\r\n\r\n<p>- Guaipe</p>\r\n\r\n<p>- 1 manguito de turbo</p>\r\n','','&lt;p&gt;&lt;strong&gt;1.-&lt;/strong&gt; Revisar si en el manguito si est&amp;aacute; desarrollando fugas o grietas en caso de presentar las aver&amp;iacute;as cambiar.&lt;/p&gt;\r\n\r\n&lt;p&gt;&lt;strong&gt;2.-&lt;/strong&gt; Para cambiar el manguito abrir las abrazaderas con un desarmador.&lt;/p&gt;\r\n\r\n&lt;p&gt;&lt;strong&gt;3.-&lt;/strong&gt; Retirar el manguito limpiar las uniones.&lt;/p&gt;\r\n\r\n&lt;p&gt;&lt;strong&gt;4.-&lt;/strong&gt; Colocar el manguito nuevo.&lt;/p&gt;\r\n\r\n&lt;p&gt;&lt;strong&gt;5.-&lt;/strong&gt; Asegurar las abrazaderas con el desarmador.&lt;/p&gt;','&lt;p&gt;: La persona encargada de realizar las actividades de mantenimiento deber&amp;aacute; seguir los pasos cuidadosamente y contar con el equipo necesario de seguridad (Guantes, overol, gafas y mascarilla).&lt;/p&gt;','Revisión -cambio del manguito del turbo ',68,3,3,30000,100,1,'plan177763491.pdf'),(155,'1 Hora',0,'<p>-Compresor de aire</p>\r\n\r\n<p>- Desarmadores</p>\r\n\r\n<p>- Playo</p>\r\n','<p>- Guaipe</p>\r\n\r\n<p>- aire comprimido</p>\r\n','','&lt;p&gt;&lt;strong&gt;1.-&lt;/strong&gt; Localizar la ubicaci&amp;oacute;n de toma de aire del turbo.&lt;/p&gt;\r\n\r\n&lt;p&gt;&lt;strong&gt;2.-&lt;/strong&gt; Con la ayuda de un destornillador retirar la toma de aire para su limpieza.&lt;/p&gt;\r\n\r\n&lt;p&gt;&lt;strong&gt;3.-&lt;/strong&gt; Con un compresor de aire se procede a limpiar la toma de aire.&lt;/p&gt;\r\n\r\n&lt;p&gt;&lt;strong&gt;4.-&lt;/strong&gt; Limpiar la base de la toma de aire.&lt;/p&gt;\r\n\r\n&lt;p&gt;&lt;strong&gt;5.-&lt;/strong&gt; Colocar la toma de aire adecuadamente y asegurar con el destornillador.&lt;/p&gt;','&lt;p&gt;La persona encargada de realizar las actividades de mantenimiento deber&amp;aacute; seguir los pasos cuidadosamente y contar con el equipo necesario de seguridad (Guantes, overol, gafas y mascarilla).&lt;/p&gt;','Revisión y limpieza de toma de aire del turbo',68,3,3,25000,100,1,'plan230798090.pdf'),(156,'1 Hora',0,'<p>-Recipiente de una capacidad mayor a 10 litros.</p>\r\n\r\n<p>- Juego de copas de veh&iacute;culos.</p>\r\n\r\n<p>- Juego de desarmadores</p>\r\n','<p>- Guaipe</p>\r\n\r\n<p>- Silic&oacute;n</p>\r\n\r\n<p>- Junta o empaque</p>\r\n\r\n<p>- Gasolina</p>\r\n\r\n<p>-Aceite del motor</p>\r\n\r\n<p>-Filtro de aceite</p>\r\n','','&lt;p&gt;&lt;strong&gt;1.-&lt;/strong&gt; Vaciar todo el aceite del motor.&lt;/p&gt;\r\n\r\n&lt;p&gt;&lt;strong&gt;2.-&lt;/strong&gt; Abrir los pernos del Carter en diagonal&lt;/p&gt;\r\n\r\n&lt;p&gt;&lt;strong&gt;3.-&lt;/strong&gt; Antes de abrir los dos &amp;uacute;ltimos pernos sostener el Carter con un guaipe y luego abrirlos&lt;/p&gt;\r\n\r\n&lt;p&gt;4.- Con el Carter desmontado limpiar bien el silic&amp;oacute;n de las uniones.&lt;/p&gt;\r\n\r\n&lt;p&gt;&lt;strong&gt;5.-&lt;/strong&gt; Limpiar todo el aceite del Carter con gasolina y dejarlo totalmente limpio&lt;/p&gt;\r\n\r\n&lt;p&gt;&lt;strong&gt;6.-&lt;/strong&gt; Colocar el silic&amp;oacute;n en las uniones y el empaque.&lt;/p&gt;\r\n\r\n&lt;p&gt;&lt;strong&gt;7.-&lt;/strong&gt; Montaje del Carter ajustando los pernos en diagonal.&lt;/p&gt;\r\n\r\n&lt;p&gt;&lt;strong&gt;8.-&lt;/strong&gt; Dejar secar bien una vez montado el Carter.&lt;/p&gt;\r\n\r\n&lt;p&gt;&lt;strong&gt;9.-&lt;/strong&gt; Cambiar el filtro y llenar de aceite en el motor.&lt;/p&gt;\r\n\r\n&lt;p&gt;&lt;strong&gt;10.-&lt;/strong&gt; Revisar el nivel del aceite.&lt;/p&gt;','&lt;p&gt;La persona encargada de realizar las actividades de mantenimiento deber&amp;aacute; seguir los pasos cuidadosamente y contar con el equipo necesario de seguridad (Guantes, overol, gafas y mascarilla).&lt;/p&gt;','Cambio de juntas o empaques del Carter',68,3,3,35000,100,1,'plan143150931.pdf'),(157,'1 Hora',0,'<p>- Juego de copas de veh&iacute;culos.</p>\r\n\r\n<p>- Juego de desarmadores</p>\r\n\r\n<p>- Juego de llaves</p>\r\n','<p>- Guaipe</p>\r\n\r\n<p>- Silic&oacute;n</p>\r\n\r\n<p>- Junta o empaque especial de la base de bayoneta.</p>\r\n\r\n<p>- Gasolina</p>\r\n','','&lt;p&gt;&lt;strong&gt;1.-&lt;/strong&gt; Mediante las llaves o copas sacar la base de la bayoneta.&lt;/p&gt;\r\n\r\n&lt;p&gt;&lt;strong&gt;2.-&lt;/strong&gt; Limpian bien la base de la bayoneta y el asiento de la base.&lt;/p&gt;\r\n\r\n&lt;p&gt;&lt;strong&gt;3.-&lt;/strong&gt;Lavar la base con gasolina y secarlo.&lt;/p&gt;\r\n\r\n&lt;p&gt;4.- Colocar el silic&amp;oacute;n en las uniones y luego el empaque&lt;/p&gt;\r\n\r\n&lt;p&gt;&lt;strong&gt;5.-&lt;/strong&gt; Colocar la base en el asiento y ajustar los pernos adecuadamente.&lt;/p&gt;\r\n\r\n&lt;p&gt;&lt;strong&gt;6.-&lt;/strong&gt; Esperar unos 30 minutos a que se seque bien el silic&amp;oacute;n.&lt;/p&gt;','&lt;p&gt;La persona encargada de realizar las actividades de mantenimiento deber&amp;aacute; seguir los pasos cuidadosamente y contar con el equipo necesario de seguridad (Guantes, overol, gafas y mascarilla).&lt;/p&gt;','Cambio de juntas o empaques de la base de la bayoneta de aceite',67,3,3,20000,100,1,'plan1033947342.pdf'),(158,'1 Hora',0,'<p>- Juego de copas de veh&iacute;culos.</p>\r\n\r\n<p>- Juego de desarmadores</p>\r\n\r\n<p>- Juego de llaves</p>\r\n\r\n<p>- Gata hidr&aacute;ulica</p>\r\n\r\n<p>- Recipiente para el aceite de motor con una capacidad de m&aacute;s de 10 litros</p>\r\n','<p>- Guaipe</p>\r\n\r\n<p>- Silic&oacute;n</p>\r\n\r\n<p>- Junta o empaque</p>\r\n\r\n<p>- Gasolina</p>\r\n\r\n<p>-Filtro de aceite</p>\r\n','','&lt;p&gt;&lt;strong&gt;1.-&lt;/strong&gt; Levantar el veh&amp;iacute;culo con un elevador o una gata hidr&amp;aacute;ulica.&lt;/p&gt;\r\n\r\n&lt;p&gt;&lt;strong&gt;2.-&lt;/strong&gt; Vaciar todo el aceite del motor y desmontar el Carter.&lt;/p&gt;\r\n\r\n&lt;p&gt;&lt;strong&gt;3.-&lt;/strong&gt;Limpiar adecuadamente el Carter, sacando todo el silic&amp;oacute;n de los bordes de uni&amp;oacute;n.&lt;/p&gt;\r\n\r\n&lt;p&gt;&lt;strong&gt;4.-&lt;/strong&gt; Lavar el Carter adecuadamente con gasolina que quede completamente limpio.&lt;/p&gt;\r\n\r\n&lt;p&gt;&lt;strong&gt;5.-&lt;/strong&gt;Verificar la instalaci&amp;oacute;n de la bomba por lo general se encuentra en la parte trasera del motor.&lt;/p&gt;\r\n\r\n&lt;p&gt;&lt;strong&gt;6.-&lt;/strong&gt; Retirar la bomba normalmente esta sujetada por un perno y limpiarla adecuadamente.&lt;/p&gt;\r\n\r\n&lt;p&gt;&lt;strong&gt;7.-&lt;/strong&gt; Reinstalar la bamba para ello aseg&amp;uacute;rate de mantener&amp;nbsp; el pin de alineaci&amp;oacute;n en el agujero mientras se coloca la bamba.&lt;/p&gt;\r\n\r\n&lt;p&gt;&lt;strong&gt;8.-&lt;/strong&gt; Ajustar el perno dentro de la bomba mediante un taqu&amp;iacute;metro con una fuerza de 50 Newton.&lt;/p&gt;\r\n\r\n&lt;p&gt;&lt;strong&gt;9.-&lt;/strong&gt; Colocaci&amp;oacute;n del Carter con el empaque y el silic&amp;oacute;n, dejar secar una 30 minutos.&lt;/p&gt;\r\n\r\n&lt;p&gt;&lt;strong&gt;10.- &lt;/strong&gt;Cambiar el filtro de aceite y colocar el nuevo aceite al motor.&lt;/p&gt;\r\n\r\n&lt;p&gt;&lt;strong&gt;11.-&lt;/strong&gt; Revisar la mediad adecuada del aceite.&lt;/p&gt;','&lt;p&gt;La persona encargada de realizar las actividades de mantenimiento deber&amp;aacute; seguir los pasos cuidadosamente y contar con el equipo necesario de seguridad (Guantes, overol, gafas y mascarilla).&lt;/p&gt;','Revisión e instalación de la bomba de aceite',67,3,3,35000,100,1,'plan1781509753.pdf'),(159,'1 Hora',0,'<p>- Llave de filtro de aceite</p>\r\n\r\n<p>- Gata hidr&aacute;ulica</p>\r\n\r\n<p>- Recipiente para el aceite de motor con una capacidad de m&aacute;s de 10 litros</p>\r\n','<p>- Guaipe</p>\r\n\r\n<p>-Filtro de aceite</p>\r\n\r\n<p>- Aceite de motor.</p>\r\n','','&lt;p&gt;&lt;strong&gt;1.-&lt;/strong&gt; Levantar con una gata hidr&amp;aacute;ulica.&lt;/p&gt;\r\n\r\n&lt;p&gt;&lt;strong&gt;2.-&lt;/strong&gt; Vaciar todo el aceite del motor.&lt;/p&gt;\r\n\r\n&lt;p&gt;&lt;strong&gt;3.-&lt;/strong&gt;Cambiar el filtro de aceite.&lt;/p&gt;\r\n\r\n&lt;p&gt;&lt;strong&gt;4.-&lt;/strong&gt; Colocar el nuevo aceite en el motor.&lt;/p&gt;\r\n\r\n&lt;p&gt;&lt;strong&gt;5.-&lt;/strong&gt;Verificar la media adecuada del aceite.&lt;/p&gt;','&lt;p&gt;La persona encargada de realizar las actividades de mantenimiento deber&amp;aacute; seguir los pasos cuidadosamente y contar con el equipo necesario de seguridad (Guantes, overol, gafas y mascarilla).&lt;/p&gt;','Cambio de aceite del motor',68,3,3,5000,100,1,'plan1882384079.pdf'),(160,'1 Hora',0,'<p>- Cepillo o brocha peque&ntilde;a.</p>\r\n\r\n<p>- Recipiente con una capacidad de m&aacute;s de 10 litros</p>\r\n\r\n<p>- Botellas pl&aacute;sticas con tapa</p>\r\n','<p>-Agua</p>\r\n\r\n<p>-Detergente</p>\r\n','','&lt;p&gt;&lt;strong&gt;1.-&lt;/strong&gt; Levantar el capo y fijar los ganchos de seguridad.&lt;/p&gt;\r\n\r\n&lt;p&gt;&lt;strong&gt;2.-&lt;/strong&gt; Limpiar la rejilla del radiador mediante agua jabonosa con una brocha o cepillo en la misma direcci&amp;oacute;n de rejilla.&lt;/p&gt;\r\n\r\n&lt;p&gt;&lt;strong&gt;3.-&lt;/strong&gt;Mediante agua a presi&amp;oacute;n se procede a enjuagar.&lt;/p&gt;\r\n\r\n&lt;p&gt;&lt;strong&gt;4.-&lt;/strong&gt; Vaciar todo el l&amp;iacute;quido refrigerante del radiador y almacenar&lt;/p&gt;\r\n\r\n&lt;p&gt;&lt;strong&gt;5.-&lt;/strong&gt;Llenar el radiador con agua limpia y vaciarla una y otra vez hasta que quede limpia.&lt;/p&gt;\r\n\r\n&lt;p&gt;&lt;strong&gt;6.-&lt;/strong&gt; Verificar que todos los elementos como: La tapa del radiador, manguera y abrazaderas est&amp;eacute;n en &amp;oacute;ptimas condiciones de no ser as&amp;iacute; sustituirlas.&lt;/p&gt;\r\n\r\n&lt;p&gt;&lt;strong&gt;7.-&lt;/strong&gt;Una vez realizado la limpieza llenar el radiador con el l&amp;iacute;quido refrigerante.&lt;/p&gt;\r\n\r\n&lt;p&gt;&lt;strong&gt;8.-&lt;/strong&gt; Eliminar el aire de circuito del radiador para ello encendemos el veh&amp;iacute;culo durante unos minutos en el cual liquido circulara por todo el circuito eliminando el aire&lt;/p&gt;','&lt;p&gt;La persona encargada de realizar las actividades de mantenimiento deber&amp;aacute; seguir los pasos cuidadosamente y contar con el equipo necesario de seguridad (Guantes, overol, gafas y mascarilla).&lt;/p&gt;','Revisión y Limpieza de los conductos del radiador',67,3,3,25000,100,1,'plan183388439.pdf'),(161,'1 Hora',0,'<p>- Cepillo o brocha peque&ntilde;a.</p>\r\n\r\n<p>- Recipiente con una capacidad de m&aacute;s de 10 litros</p>\r\n\r\n<p>- Botellas pl&aacute;sticas con tapa.</p>\r\n\r\n<p>-Juego de desarmadores</p>\r\n\r\n<p>- Esp&aacute;tula</p>\r\n','<p>-Agua</p>\r\n\r\n<p>-Detergente</p>\r\n\r\n<p>- Liquido sellante para sistemas refrigerantes</p>\r\n\r\n<p>- Resina de epoxi</p>\r\n\r\n<p>-L&iacute;quido refrigerante</p>\r\n\r\n<p>- Manguera</p>\r\n','','&lt;p&gt;&lt;strong&gt;1.-&lt;/strong&gt; Revisi&amp;oacute;n de fugas para ello arrancamos el motor y esperar hasta que se caliente para saber con exactitud donde es la fuga.&lt;/p&gt;\r\n\r\n&lt;p&gt;&lt;strong&gt;2.-&lt;/strong&gt; Cambiar la manguera de la que proviene la fuga y asegurar bien con las abrazaderas.&lt;/p&gt;\r\n\r\n&lt;p&gt;&lt;strong&gt;3.-&lt;/strong&gt;Apagar el motor para q se enfri&amp;eacute; luego vaciar todo el l&amp;iacute;quido de refrigerante.&lt;/p&gt;\r\n\r\n&lt;p&gt;&lt;strong&gt;4.-&lt;/strong&gt; Limpiar le lugar de la fuga y parchamos la superficie da&amp;ntilde;ada con resina de epoxi.&lt;/p&gt;\r\n\r\n&lt;p&gt;&lt;strong&gt;5.-&lt;/strong&gt;Desmontar la tapa de radiador y colocar el l&amp;iacute;quido sellante para sistemas refrigerantes.&lt;/p&gt;\r\n\r\n&lt;p&gt;&lt;strong&gt;6.-&lt;/strong&gt; Colocar el l&amp;iacute;quido refrigerante en el radiador y verificar que no sobrepase los limites.&lt;/p&gt;','&lt;p&gt;La persona encargada de realizar las actividades de mantenimiento deber&amp;aacute; seguir los pasos cuidadosamente y contar con el equipo necesario de seguridad (Guantes, overol, gafas y mascarilla).&lt;/p&gt;','Reparación y revisión de fugas en el radiador',68,3,3,3000,100,1,'plan1920566190.pdf'),(162,'1 Hora',0,'<p>-Juego de desarmadores</p>\r\n\r\n<p>- Juego de copas de veh&iacute;culos.</p>\r\n\r\n<p>-Alicates</p>\r\n','<p>-Franela</p>\r\n\r\n<p>-Guaipe</p>\r\n\r\n<p>-Manual de fabricante del veh&iacute;culo&nbsp; especifico que se va a realizar la tarea</p>\r\n','','&lt;p&gt;&lt;strong&gt;1.-&lt;/strong&gt; Desconectar el negativo de la bater&amp;iacute;a.&lt;/p&gt;\r\n\r\n&lt;p&gt;&lt;strong&gt;2.-&lt;/strong&gt;Retirar la correa del alternador para ello afloja las tuercas y empuja el alternador.&lt;/p&gt;\r\n\r\n&lt;p&gt;&lt;strong&gt;3.-&lt;/strong&gt;Retirar cualquier accesorio para poder acceder a la tapa&amp;nbsp; de la correa de distribuci&amp;oacute;n.&lt;/p&gt;\r\n\r\n&lt;p&gt;&lt;strong&gt;4.-&lt;/strong&gt; Retirar los ganchos de sujeci&amp;oacute;n y los pernos que contenga para retirar la tapa de distribuidor (determinar el PMS del primer cilindro. Consultar en el manual de reparaci&amp;oacute;n ya que var&amp;iacute;a seg&amp;uacute;n el modelo del veh&amp;iacute;culo).&lt;/p&gt;\r\n\r\n&lt;p&gt;&lt;strong&gt;5.-&lt;/strong&gt;Utilizar en el perno de la polea del cig&amp;uuml;e&amp;ntilde;al una copa y una palanca de fuerza para hacer girar hasta hacer coincidir con la se&amp;ntilde;al 0&amp;deg;de la distribuci&amp;oacute;n.&lt;/p&gt;\r\n\r\n&lt;p&gt;&lt;strong&gt;6.-&lt;/strong&gt; Desmontar la polea arm&amp;oacute;nico que se encuentra sobre el &amp;aacute;rbol de levas, Para volver a montarlo tendr&amp;aacute; que alinear la polea de cig&amp;uuml;e&amp;ntilde;al y el engranaje.&lt;/p&gt;\r\n\r\n&lt;p&gt;&lt;strong&gt;7.-&lt;/strong&gt; Retirar la tapa del distribuidor para ello aflojar todos los pernos que contenga.&lt;/p&gt;\r\n\r\n&lt;p&gt;&lt;strong&gt;8.-&lt;/strong&gt; Hacer coincidir la marca del &amp;aacute;rbol de levas con la marca de la distribuci&amp;oacute;n del cig&amp;uuml;e&amp;ntilde;al.&lt;/p&gt;\r\n\r\n&lt;p&gt;&lt;strong&gt;9.- &lt;/strong&gt;Aflojar los pernos del tensor, no retirarlo completamente en lugar de eso gira el tensor para que se afloje la correa y despu&amp;eacute;s ajustarlo nuevamente pero que quede un poco suelto.&lt;/p&gt;\r\n\r\n&lt;p&gt;&lt;strong&gt;10.-&lt;/strong&gt;Revisar la polea tensora para ver si tiene alguna aver&amp;iacute;a si lo tiene reemplazarla.&lt;/p&gt;\r\n\r\n&lt;p&gt;&lt;strong&gt;11.&lt;/strong&gt; Retirar la correa de los pi&amp;ntilde;ones y verificar que no presente alguna anomal&amp;iacute;a de tenerlos reemplazar la correa.&lt;/p&gt;\r\n\r\n&lt;p&gt;&lt;strong&gt;12.-&lt;/strong&gt; Montar la correa teniendo en cuanta el manual&amp;nbsp; del fabricante para dar el torque adecuado que es exclusivo de cada uno de los veh&amp;iacute;culos.&lt;/p&gt;','&lt;p&gt;La persona encargada de realizar las actividades de mantenimiento deber&amp;aacute; seguir los pasos cuidadosamente y contar con el equipo necesario de seguridad (Guantes, overol, gafas y mascarilla).&lt;/p&gt;','Revisión y reinstalación de  la correa de distribución',68,3,3,25000,100,1,'plan117701079.pdf'),(163,'1 Hora',0,'<p>- Playo</p>\r\n\r\n<p>-Alicates</p>\r\n\r\n<p>- Juego de llaves</p>\r\n\r\n<p>- Juego de desarmadores</p>\r\n\r\n<p>-Estilete</p>\r\n','<p>-Guaipe</p>\r\n\r\n<p>-Taype</p>\r\n','','&lt;p&gt;&lt;strong&gt;1.-&lt;/strong&gt; Apagar el motor y ubicar el ventilador del veh&amp;iacute;culo.&lt;/p&gt;\r\n\r\n&lt;p&gt;&lt;strong&gt;2.-&lt;/strong&gt; Hacer girar manualmente el ventilador para verificar alguna anomal&amp;iacute;a.&lt;/p&gt;\r\n\r\n&lt;p&gt;&lt;strong&gt;3.-&lt;/strong&gt;Desconectar el negativo de la bater&amp;iacute;a.&lt;/p&gt;\r\n\r\n&lt;p&gt;&lt;strong&gt;4.-&lt;/strong&gt;Desconectar todas las conexiones el&amp;eacute;ctricas cuidadosamente.&lt;/p&gt;\r\n\r\n&lt;p&gt;&lt;strong&gt;5.-&lt;/strong&gt; Extraer todos los pernos que sujetan el ventilador.&lt;/p&gt;\r\n\r\n&lt;p&gt;&lt;strong&gt;6.-&lt;/strong&gt; Revisar que el ventilador no presente aver&amp;iacute;as y si las tiene cambiarla.&lt;/p&gt;\r\n\r\n&lt;p&gt;&lt;strong&gt;7.- &lt;/strong&gt;Montaje del ventilador para ello instalar todos los penos y tuercas de sujeci&amp;oacute;n.&lt;/p&gt;\r\n\r\n&lt;p&gt;&lt;strong&gt;8.-&lt;/strong&gt;Conectar todas las conexiones el&amp;eacute;ctricas&lt;/p&gt;\r\n\r\n&lt;p&gt;&lt;strong&gt;9.-&lt;/strong&gt; Conectar el negativo de la bater&amp;iacute;a.&lt;/p&gt;\r\n\r\n&lt;p&gt;&lt;strong&gt;10.-&lt;/strong&gt; Encender el veh&amp;iacute;culo, dejarlo calentar y verificar que el ventilador este funcionado correctamente.&lt;/p&gt;','&lt;p&gt;La persona encargada de realizar las actividades de mantenimiento deber&amp;aacute; seguir los pasos cuidadosamente y contar con el equipo necesario de seguridad (Guantes, overol, gafas y mascarilla).&lt;/p&gt;','Revisión y reinstalación del ventilador',67,3,3,30000,100,1,'plan1543756185.pdf'),(164,'1 Hora',0,'<p>- Cubeta con capacidad de m&aacute;s de 10 litros</p>\r\n\r\n<p>-Elevador o gata hidr&aacute;ulica.</p>\r\n\r\n<p>- Juego de desarmadores</p>\r\n\r\n<p>-Juego de llaves</p>\r\n\r\n<p>-Playo</p>\r\n\r\n<p>-Alicates</p>\r\n','<p>-Guaipe</p>\r\n\r\n<p>-Franela</p>\r\n\r\n<p>-Botella de pl&aacute;stico con tapa.</p>\r\n\r\n<p>-L&iacute;quido refrigerante</p>\r\n\r\n<p>-Termostato espec&iacute;fico para el veh&iacute;culo.</p>\r\n','','&lt;p&gt;&lt;strong&gt;1.-&lt;/strong&gt; Ubicar el termostato del veh&amp;iacute;culo.&lt;/p&gt;\r\n\r\n&lt;p&gt;&lt;strong&gt;2.-&lt;/strong&gt; Alzar el veh&amp;iacute;culo con un elevador o gata hidr&amp;aacute;ulica.&lt;/p&gt;\r\n\r\n&lt;p&gt;&lt;strong&gt;3.-&lt;/strong&gt;Vasiar todo el l&amp;iacute;quido refrigerante y depositarlo en un recipiente con tapa.&lt;/p&gt;\r\n\r\n&lt;p&gt;&lt;strong&gt;4.-&lt;/strong&gt;Desmontar el termostato para ello desconectamos las mangueras, luego extraemos el termostato teniendo en cuenta el sentido en que est&amp;aacute; ubicado.&lt;/p&gt;\r\n\r\n&lt;p&gt;&lt;strong&gt;5.-&lt;/strong&gt; Verificar que el nuevo termostato se compatible ya que pueden presentar cambios.&lt;/p&gt;\r\n\r\n&lt;p&gt;&lt;strong&gt;6.-&lt;/strong&gt; Revisar el estado de las juntas de estanquidad y limpiarlos.&lt;/p&gt;\r\n\r\n&lt;p&gt;&lt;strong&gt;7.- &lt;/strong&gt;Montaje del&amp;nbsp; termostato nuevo para ello asegurarse que se instale en el mismo sentido que el termostato antiguo ajustado adecuadamente los tornillos de sujeci&amp;oacute;n&amp;nbsp; si no se lo hace de ese forma podr&amp;iacute;a presentar averiar a los dem&amp;aacute;s sistemas.&lt;/p&gt;\r\n\r\n&lt;p&gt;&lt;strong&gt;8.-&lt;/strong&gt;Instalar la manguera del termostato y seguidamente la manguera inferior del radiador.&lt;/p&gt;\r\n\r\n&lt;p&gt;&lt;strong&gt;9.-&lt;/strong&gt; Colocar el l&amp;iacute;quido refrigerante y seguidamente la eliminaci&amp;oacute;n de aire en el sistema.&lt;/p&gt;','&lt;p&gt;La persona encargada de realizar las actividades de mantenimiento deber&amp;aacute; seguir los pasos cuidadosamente y contar con el equipo necesario de seguridad (Guantes, overol, gafas y mascarilla).&lt;/p&gt;','Cambio del termostato',68,3,3,30000,100,1,'plan794981150.pdf'),(165,'30 Min',0,'<p>-Caja de herramientas para los tapones aceite de caja de cambios</p>\r\n\r\n<p>- caja de herramientas de 1/2</p>\r\n\r\n<p>- bomba de vac&iacute;o para aceite.</p>\r\n','<p>-Guaipe</p>\r\n\r\n<p>-Franela</p>\r\n\r\n<p>-aceite SAE 80W 90</p>\r\n\r\n<p>- Recolector de aceites</p>\r\n','','&lt;p&gt;&lt;strong&gt;1.-&lt;/strong&gt;Colocar el veh&amp;iacute;culo en la rapa&lt;/p&gt;\r\n\r\n&lt;p&gt;&lt;strong&gt;2.-&lt;/strong&gt; ubicar la caja de cambios y localizar el desfogue de aceite y la carga de aceite.&lt;/p&gt;\r\n\r\n&lt;p&gt;&lt;strong&gt;3.-&lt;/strong&gt;Vaciar el aceite de la caja de cambios.&lt;/p&gt;\r\n\r\n&lt;p&gt;&lt;strong&gt;4.-&lt;/strong&gt;Asegurar el tap&amp;oacute;n de la descarga de aceite.&lt;/p&gt;\r\n\r\n&lt;p&gt;&lt;strong&gt;5.-&lt;/strong&gt; Colocar el nuevo aceite hasta el nivel indicado.&lt;/p&gt;\r\n\r\n&lt;p&gt;&lt;strong&gt;6.-&lt;/strong&gt; Asegurar el tap&amp;oacute;n de la carga de aceite.&lt;/p&gt;\r\n\r\n&lt;p&gt;&lt;strong&gt;7.- &lt;/strong&gt;Encender el veh&amp;iacute;culo y verificar que no exista fugas y ruidos extra&amp;ntilde;os.&lt;/p&gt;','&lt;p&gt;La persona encargada de realizar las actividades de mantenimiento deber&amp;aacute; seguir los pasos cuidadosamente y contar con el equipo necesario de seguridad (Guantes, overol, gafas y mascarilla).&lt;/p&gt;','Cambio de aceite de la caja de cambios ',67,3,3,15000,100,1,'plan552194700.pdf'),(166,'30 Min',0,'<p>- Caja de herramientas de tapones de aceite.</p>\r\n\r\n<p>-caja de herramientas de 1/2</p>\r\n\r\n<p>- bomba de vac&iacute;o para aceite.</p>\r\n','<p>-Guaipe</p>\r\n\r\n<p>-Franela</p>\r\n\r\n<p>-Aceite SAE W 140</p>\r\n','','&lt;p&gt;&lt;strong&gt;1.-&lt;/strong&gt; Colocar en la rampa el veh&amp;iacute;culo.&lt;/p&gt;\r\n\r\n&lt;p&gt;&lt;strong&gt;2.-&lt;/strong&gt; Ubicar el diferencial y quitar el tap&amp;oacute;n de la descarga del aceite.&lt;/p&gt;\r\n\r\n&lt;p&gt;&lt;strong&gt;3.- &lt;/strong&gt;Una vez vaciado el aceite asegurar el tap&amp;oacute;n.&lt;/p&gt;\r\n\r\n&lt;p&gt;&lt;strong&gt;4.-&lt;/strong&gt;Colocar el nuevo aceite y dejarlo hasta el nivel indicado.&lt;/p&gt;\r\n\r\n&lt;p&gt;&lt;strong&gt;5.-&lt;/strong&gt; Asegurar el tap&amp;oacute;n.&lt;/p&gt;\r\n\r\n&lt;p&gt;&lt;strong&gt;6.-&lt;/strong&gt; Encender el veh&amp;iacute;culo y verificar que no exista fugas.&lt;/p&gt;','&lt;p&gt;La persona encargada de realizar las actividades de mantenimiento deber&amp;aacute; seguir los pasos cuidadosamente y contar con el equipo necesario de seguridad (Guantes, overol, gafas y mascarilla).&lt;/p&gt;','Cambio de Aceite de diferencial',68,3,3,30000,100,1,'plan1480952738.pdf'),(167,'30 Min',0,'<p>- Caja de herramientas de tapones de aceite.</p>\r\n\r\n<p>-caja de herramientas de 1/2</p>\r\n\r\n<p>- bomba de vac&iacute;o para aceite.</p>\r\n','<p>-Guaipe</p>\r\n\r\n<p>-Franela</p>\r\n\r\n<p>-aceite SAE W140</p>\r\n','','&lt;p&gt;&lt;strong&gt;1.-&lt;/strong&gt; Colocar el veh&amp;iacute;culo en la rampa.&lt;/p&gt;\r\n\r\n&lt;p&gt;&lt;strong&gt;2.-&lt;/strong&gt; quitar el tap&amp;oacute;n del transfer. &amp;nbsp;&lt;/p&gt;\r\n\r\n&lt;p&gt;&lt;strong&gt;3.-&lt;/strong&gt;Vasiar todo el aceite.&lt;/p&gt;\r\n\r\n&lt;p&gt;&lt;strong&gt;4.-&lt;/strong&gt;asegurar el tap&amp;oacute;n del traer.&lt;/p&gt;\r\n\r\n&lt;p&gt;&lt;strong&gt;5.-&lt;/strong&gt; colocar el nuevo aceite hasta el nivel indicado.&lt;/p&gt;\r\n\r\n&lt;p&gt;&lt;strong&gt;6.-&lt;/strong&gt; Revisar que no exista fugas.&lt;/p&gt;','&lt;p&gt;La persona encargada de realizar las actividades de mantenimiento deber&amp;aacute; seguir los pasos cuidadosamente y contar con el equipo necesario de seguridad (Guantes, overol, gafas y mascarilla).&lt;/p&gt;','Cambio de aceite de caja de trasferencia de 4x4',67,3,3,30000,100,1,'plan1627038363.pdf'),(168,'2 horas',0,'<p>- Elevador hidr&aacute;ulico</p>\r\n\r\n<p>- Caja de herramientas de &frac12;</p>\r\n\r\n<p>-Caja de herramientas de &frac14;</p>\r\n\r\n<p>- Juego de destornilladores</p>\r\n\r\n<p>- Juego de alicates</p>\r\n\r\n<p>- Compresor</p>\r\n\r\n<p>-un combo</p>\r\n\r\n<p>- destornillado','<p>-Guaipe</p>\r\n\r\n<p>-Franela</p>\r\n\r\n<p>-liquido de freno DOT 3 y 4 depende del veh&iacute;culo.</p>\r\n\r\n<p>- 1 brake clean.</p>\r\n\r\n<p>-Aire comprimido</p>\r\n','','&lt;p&gt;&lt;strong&gt;1.-&lt;/strong&gt; Colocar el veh&amp;iacute;culo en un elevador hidr&amp;aacute;ulico.&lt;/p&gt;\r\n\r\n&lt;p&gt;&lt;strong&gt;2.-&lt;/strong&gt; elevar al nivel que sea c&amp;oacute;modo trabajar.&lt;/p&gt;\r\n\r\n&lt;p&gt;&lt;strong&gt;3.-&lt;/strong&gt;Quitar todos los neum&amp;aacute;ticos.&lt;/p&gt;\r\n\r\n&lt;p&gt;&lt;strong&gt;4.-&lt;/strong&gt;En la parte delantera del veh&amp;iacute;culo con una llave adecuada aflojar el perno inferior de la mordaza, alzar la mordaza y verificar el estado de las pastillas, si en las pastillas no existe la marca sustituirlos caso contrario limpiarlos con aire comprimido y Colocarlo nuevamente. &amp;nbsp;&lt;/p&gt;\r\n\r\n&lt;p&gt;&lt;strong&gt;5.-&lt;/strong&gt; En la parte posterior dejar suelto el freno de mano, con un destornillador de imparto abrir el tornillo que lleva el tabor.&lt;/p&gt;\r\n\r\n&lt;p&gt;&lt;strong&gt;6.-&lt;/strong&gt; Quitar el tambor, y revisar las zapatas si est&amp;aacute;n desgasta, en el caso de que est&amp;eacute;n desgastadas sustituirlos.&lt;/p&gt;\r\n\r\n&lt;p&gt;&lt;strong&gt;7.- &lt;/strong&gt;Si se observa que las zapatas est&amp;aacute;n sucias limpiarlos con brake clean.&lt;/p&gt;\r\n\r\n&lt;p&gt;&lt;strong&gt;8.-&lt;/strong&gt;Colocar nuevamente el tambor los neum&amp;aacute;ticos y calibrar de acuerdo a la regulaci&amp;oacute;n.&lt;/p&gt;\r\n\r\n&lt;p&gt;&lt;strong&gt;9.-&lt;/strong&gt; Si se abri&amp;oacute; alguna ca&amp;ntilde;er&amp;iacute;a del freno sangrar y completar el l&amp;iacute;quido de frenos al nivel indicado.&lt;/p&gt;','&lt;p&gt;La persona encargada de realizar las actividades de mantenimiento deber&amp;aacute; seguir los pasos cuidadosamente y contar con el equipo necesario de seguridad (Guantes, overol, gafas y mascarilla).&lt;/p&gt;','Revisión, limpieza y calibración de frenos',68,3,3,10000,100,1,'plan1548195594.pdf'),(169,'1 Hora',0,'<p>- Elevador hidr&aacute;ulico</p>\r\n\r\n<p>- Caja de herramientas de &frac12;</p>\r\n\r\n<p>-Caja de herramientas de &frac14;</p>\r\n\r\n<p>- Juego de destornilladores</p>\r\n\r\n<p>- Juego de alicates</p>\r\n\r\n<p>- Compresor</p>\r\n\r\n<p>-un combo</p>\r\n\r\n<p>- caja de <a hr','<p>-Guaipe</p>\r\n\r\n<p>-Franela</p>\r\n\r\n<p>-liquido de freno DOT 3 y 4 depende del veh&iacute;culo.</p>\r\n\r\n<p>- 1 brake clean.</p>\r\n\r\n<p>-Aire comprimido</p>\r\n','','&lt;p&gt;&lt;strong&gt;1.-&lt;/strong&gt; Colocar el veh&amp;iacute;culo en un elevador hidr&amp;aacute;ulico.&lt;/p&gt;\r\n\r\n&lt;p&gt;&lt;strong&gt;2.-&lt;/strong&gt; elevar al nivel que sea c&amp;oacute;modo trabajar.&lt;/p&gt;\r\n\r\n&lt;p&gt;&lt;strong&gt;3.-&lt;/strong&gt;Quitar los neum&amp;aacute;ticos delanteros.&lt;/p&gt;\r\n\r\n&lt;p&gt;&lt;strong&gt;4.-&lt;/strong&gt;En la parte delantera del veh&amp;iacute;culo con una llave adecuada aflojar el perno inferior de la mordaza, alzar la mordaza y verificar el estado de las pastillas, si en las pastillas no existe la marca sustituirlos caso contrario limpiarlos con aire comprimido y Colocarlo nuevamente.&amp;nbsp;&lt;/p&gt;\r\n\r\n&lt;p&gt;&lt;strong&gt;5.-&lt;/strong&gt; Regresar el pist&amp;oacute;n de freno si es necesario.&lt;/p&gt;\r\n\r\n&lt;p&gt;&lt;strong&gt;6.-&lt;/strong&gt; Revisar el nivel del l&amp;iacute;quido de freno.&lt;/p&gt;\r\n\r\n&lt;p&gt;&lt;strong&gt;7.- &lt;/strong&gt;Realizar la purga del aire en el sistema&lt;/p&gt;','&lt;p&gt;: La persona encargada de realizar las actividades de mantenimiento deber&amp;aacute; seguir los pasos cuidadosamente y contar con el equipo necesario de seguridad (Guantes, overol, gafas y mascarilla).&lt;/p&gt;','Cambio de pastillas',68,3,3,25000,100,1,'plan467374284.pdf'),(170,'30 Min',0,'<p>-Juego de llaves</p>\r\n\r\n<p>- llave de filtro de combustible</p>\r\n\r\n<p>- juego de destornilladores</p>\r\n','<p>- filtros de combustibles</p>\r\n\r\n<p>-guape</p>\r\n','','&lt;p&gt;&lt;strong&gt;1.-&lt;/strong&gt; localizar los filtros de combustibles&lt;/p&gt;\r\n\r\n&lt;p&gt;&lt;strong&gt;2.-&lt;/strong&gt; Con llave de filtros de combustibles retirarlos&lt;/p&gt;\r\n\r\n&lt;p&gt;&lt;strong&gt;3.-&lt;/strong&gt; Colocar los nuevos filtros de combustibles.&lt;/p&gt;\r\n\r\n&lt;p&gt;&lt;strong&gt;4.-&lt;/strong&gt; Purgar el combustible con el fin que no quede aire en el sistema de alimentaci&amp;oacute;n.&lt;/p&gt;\r\n\r\n&lt;p&gt;&lt;strong&gt;5.-&lt;/strong&gt; Encender el veh&amp;iacute;culo y revisar que no exista fugas de combustible.&lt;/p&gt;','&lt;p&gt;La persona encargada de realizar las actividades de mantenimiento deber&amp;aacute; seguir los pasos cuidadosamente y contar con el equipo necesario de seguridad (Guantes, overol, gafas y mascarilla).&lt;/p&gt;','Cambio de filtro de combustible',67,3,3,15000,100,0,'plan1113939273.pdf'),(171,'45Min',0,'<p>-Juego de llaves</p>\r\n\r\n<p>- Juego de destornilladores</p>\r\n\r\n<p>-Alicates</p>\r\n\r\n<p>Caja de herramientas de 1/4</p>\r\n','<p>-Bandas de accesorio</p>\r\n\r\n<p>-bandas de distribuci&oacute;n</p>\r\n\r\n<p>-guaipe</p>\r\n','','&lt;p&gt;&lt;strong&gt;1.-&lt;/strong&gt; inspeccionar si tienes agrietamiento en la bandas remplazar si es necesario.&lt;/p&gt;\r\n\r\n&lt;p&gt;&lt;strong&gt;2.-&lt;/strong&gt; Revisar si las bandas est&amp;aacute;n flojas realizar el ajuste necesario.&lt;/p&gt;\r\n\r\n&lt;p&gt;&lt;strong&gt;3.-&lt;/strong&gt; las bandas de distribuci&amp;oacute;n abrir la tapa de protecci&amp;oacute;n e inspeccionar si tiene agrietamiento si es necesario remplazar&lt;/p&gt;','&lt;p&gt;La persona encargada de realizar las actividades de mantenimiento deber&amp;aacute; seguir los pasos cuidadosamente y contar con el equipo necesario de seguridad (Guantes, overol, gafas y mascarilla).&lt;/p&gt;','Revisión de las bandas del motor',67,3,3,20000,100,0,'plan937839764.pdf'),(172,'45Min',0,'<p>-Juego de llaves</p>\r\n\r\n<p>- Juego de destornilladores</p>\r\n\r\n<p>-Alicates</p>\r\n\r\n<p>Caja de herramientas de 1/4</p>\r\n','<p>-Bandas de accesorio</p>\r\n\r\n<p>-bandas de distribuci&oacute;n</p>\r\n\r\n<p>-guaipe</p>\r\n','','&lt;p&gt;&lt;strong&gt;1.-&lt;/strong&gt; inspeccionar si tienes agrietamiento en la bandas remplazar si es necesario.&lt;/p&gt;\r\n\r\n&lt;p&gt;&lt;strong&gt;2.-&lt;/strong&gt; Revisar si las bandas est&amp;aacute;n flojas realizar el ajuste necesario.&lt;/p&gt;\r\n\r\n&lt;p&gt;&lt;strong&gt;3.-&lt;/strong&gt; las bandas de distribuci&amp;oacute;n abrir la tapa de protecci&amp;oacute;n e inspeccionar si tiene agrietamiento si es necesario remplazar&lt;/p&gt;','&lt;p&gt;La persona encargada de realizar las actividades de mantenimiento deber&amp;aacute; seguir los pasos cuidadosamente y contar con el equipo necesario de seguridad (Guantes, overol, gafas y mascarilla).&lt;/p&gt;','Revisión de las bandas del motor',67,3,3,20000,100,0,'plan1909774830.pdf'),(173,'2 horas',0,'<p>-Juego de llaves</p>\r\n\r\n<p>- caja de herramientas de 1/2</p>\r\n\r\n<p>- gata hidr&aacute;ulica tipo lagarto</p>\r\n\r\n<p>-Martillo</p>\r\n\r\n<p>- torres para los veh&iacute;culos (embanque)</p>\r\n\r\n<p>-Juego de destornilladores</p>\r\n\r\n<p>-compresor de muelle de l','<p>-juego de bujes</p>\r\n\r\n<p>- guaipe</p>\r\n','','&lt;p&gt;1.- Apagar el veh&amp;iacute;culo.&lt;/p&gt;\r\n\r\n&lt;p&gt;2.- Elevar el veh&amp;iacute;culo con una gata hidr&amp;aacute;ulica tipo lagarto y embancarlo.&lt;/p&gt;\r\n\r\n&lt;p&gt;3.- Extraer los neum&amp;aacute;ticos.&lt;/p&gt;\r\n\r\n&lt;p&gt;4.- Revisar si tiene agrietamientos los bujes si lo tiene sustituir.&lt;/p&gt;\r\n\r\n&lt;p&gt;5.- Extraer los amortiguadores y con un compresor de muelle suspensi&amp;oacute;n retirar los muelles y cambiarlos.&lt;/p&gt;\r\n\r\n&lt;p&gt;6.- Realizar una limpieza&lt;/p&gt;\r\n\r\n&lt;p&gt;7.- Realizar la instalaci&amp;oacute;n correctamente.&lt;/p&gt;','&lt;p&gt;La persona encargada de realizar las actividades de mantenimiento deber&amp;aacute; seguir los pasos cuidadosamente y contar con el equipo necesario de seguridad (Guantes, overol, gafas y mascarilla).&lt;/p&gt;','Revisión de los bujes de los amortiguadores',68,3,3,15000,100,0,'plan880448172.pdf'),(174,'1 Hora',0,'<p>-Juego de llaves</p>\r\n\r\n<p>- caja de herramientas de 1/2</p>\r\n\r\n<p>- gata hidr&aacute;ulica tipo lagarto</p>\r\n\r\n<p>-Martillo</p>\r\n\r\n<p>- torres para los veh&iacute;culos (embanque)</p>\r\n\r\n<p>-Juego de destornilladores</p>\r\n\r\n<p>-compresor de muelle de l','<p>-hojas de ballestas</p>\r\n\r\n<p>- guaipe</p>\r\n\r\n<p>- aire comprimido</p>\r\n','','&lt;p&gt;1.- Apagar el veh&amp;iacute;culo.&lt;/p&gt;\r\n\r\n&lt;p&gt;2.- Elevar un veh&amp;iacute;culo con una gata hidr&amp;aacute;ulica tipo lagarto y embancarlo.&lt;/p&gt;\r\n\r\n&lt;p&gt;3.- Realizar una limpieza con un aire comprimido y guipe.&lt;/p&gt;\r\n\r\n&lt;p&gt;4.-Revisar si los hojas de las ballestas tienen alg&amp;uacute;n ruptura o fisura si est&amp;aacute; en mal estado sustituir.&lt;/p&gt;\r\n\r\n&lt;p&gt;5.- Extraer las tuercas que sujetan a las ballesta.&lt;/p&gt;\r\n\r\n&lt;p&gt;6.-Sustituir las ballestas e instalar correctamente.&amp;nbsp;&amp;nbsp;&amp;nbsp;&amp;nbsp;&amp;nbsp;&amp;nbsp; &amp;nbsp;&amp;nbsp;&amp;nbsp;&amp;nbsp;&amp;nbsp;&amp;nbsp;&amp;nbsp;&amp;nbsp;&amp;nbsp;&amp;nbsp;&amp;nbsp;&amp;nbsp;&amp;nbsp;&amp;nbsp;&amp;nbsp;&amp;nbsp;&amp;nbsp;&amp;nbsp;&amp;nbsp;&amp;nbsp;&amp;nbsp;&amp;nbsp;&amp;nbsp;&amp;nbsp;&amp;nbsp;&amp;nbsp;&amp;nbsp;&amp;nbsp;&amp;nbsp;&amp;nbsp;&amp;nbsp;&amp;nbsp;&amp;nbsp;&amp;nbsp;&amp;nbsp;&amp;nbsp;&amp;nbsp;&amp;nbsp;&amp;nbsp;&amp;nbsp;&amp;nbsp;&lt;/p&gt;','&lt;p&gt;La persona encargada de realizar las actividades de mantenimiento deber&amp;aacute; seguir los pasos cuidadosamente y contar con el equipo necesario de seguridad (Guantes, overol, gafas y mascarilla).&lt;/p&gt;','Revisión de las hojas de ballesta',67,3,3,20000,100,0,'plan1983290047.pdf'),(175,'2 horas',0,'<p>-Juego de llaves</p>\r\n\r\n<p>- caja de herramientas de 1/2</p>\r\n\r\n<p>-Bomba de engrasar</p>\r\n\r\n<p>-Martillo</p>\r\n\r\n<p>-Juego de destornilladores.</p>\r\n\r\n<p>- compresor de aire</p>\r\n','<p>-grasa</p>\r\n\r\n<p>- guaipe</p>\r\n\r\n<p>- Aire comprimido</p>\r\n','','&lt;p&gt;1.- Apagar el veh&amp;iacute;culo.&lt;/p&gt;\r\n\r\n&lt;p&gt;2.- Colocar el veh&amp;iacute;culo en la parte de lavander&amp;iacute;a de veh&amp;iacute;culo (Rampa).&lt;/p&gt;\r\n\r\n&lt;p&gt;3.- Realizar una limpieza con un aire comprimido y guaipe.&lt;/p&gt;\r\n\r\n&lt;p&gt;4.- Con la bomba de engrasar, engrasar los pines y bocines&lt;/p&gt;','&lt;p&gt;La persona encargada de realizar las actividades de mantenimiento deber&amp;aacute; seguir los pasos cuidadosamente y contar con el equipo necesario de seguridad (Guantes, overol, gafas y mascarilla).&lt;/p&gt;','Revisión del engrasado pines y bocines de paquetes de suspensión',67,3,3,20000,100,0,'plan2029221254.pdf'),(176,'1 Hora',0,'<p>-Juego de llaves</p>\r\n\r\n<p>- caja de herramientas de 1/2</p>\r\n\r\n<p>-Bomba de engrasar</p>\r\n\r\n<p>-Martillo</p>\r\n\r\n<p>-Juego de destornilladores.</p>\r\n\r\n<p>- compresor de aire</p>\r\n','<p>-Grasa</p>\r\n\r\n<p>- guaipe</p>\r\n\r\n<p>- aire comprimido</p>\r\n','','&lt;p&gt;1.- Apagar el veh&amp;iacute;culo.&lt;/p&gt;\r\n\r\n&lt;p&gt;2.- Colocar el veh&amp;iacute;culo en rampa de lavada de veh&amp;iacute;culo.&lt;/p&gt;\r\n\r\n&lt;p&gt;3.- Realizar una lavada del veh&amp;iacute;culo.&lt;/p&gt;\r\n\r\n&lt;p&gt;4.- Con la bomba de engrasar, engrasar en todas la parte que se pueda lubricar.&lt;/p&gt;\r\n\r\n&lt;p&gt;5.- lubricar correctamente.&lt;/p&gt;','&lt;p&gt;La persona encargada de realizar las actividades de mantenimiento deber&amp;aacute; seguir los pasos cuidadosamente y contar con el equipo necesario de seguridad (Guantes, overol, gafas y mascarilla).&lt;/p&gt;','Revisión de las uniones de engrase',67,3,3,15000,100,0,'plan4528939.pdf'),(177,'2 horas',0,'<p>-Juego de llaves</p>\r\n\r\n<p>- caja de herramientas 1/2</p>\r\n\r\n<p>-caja de herramientas de 1/4</p>\r\n\r\n<p>-Destornillador plano</p>\r\n\r\n<p>- Destornillador estrella.</p>\r\n\r\n<p>- un alicate.</p>\r\n\r\n<p>- un martillo</p>\r\n','<p>--juego de bujes de ballestas.</p>\r\n\r\n<p>- guaipe</p>\r\n\r\n<p>- 1 una brocha peque&ntilde;a.</p>\r\n','','&lt;p&gt;1.- Apagar el veh&amp;iacute;culo.&lt;/p&gt;\r\n\r\n&lt;p&gt;2.-Elevar el veh&amp;iacute;culo con un gata hidr&amp;aacute;ulica tipo lagarto.&lt;/p&gt;\r\n\r\n&lt;p&gt;3.- Elevar a un nivel adecuado y c&amp;oacute;modo de realizar el trabajo&lt;/p&gt;\r\n\r\n&lt;p&gt;4.- Sacar las tuercas de las ballestas.&lt;/p&gt;\r\n\r\n&lt;p&gt;5.- Revisar si est&amp;aacute; en mal estado los bujes de las ballestas si est&amp;aacute;n defectuosos remplazarlos.&lt;/p&gt;\r\n\r\n&lt;p&gt;5.-Instalar correctamente.&lt;/p&gt;','&lt;p&gt;La persona encargada de realizar las actividades de mantenimiento deber&amp;aacute; seguir los pasos cuidadosamente y contar con el equipo necesario de seguridad (Guantes, overol, gafas y mascarilla).&lt;/p&gt;','Revisión de bujes de las ballestas',68,3,3,25000,100,0,'plan1903361044.pdf'),(178,'2 horas',0,'<p>-Juego de llaves</p>\r\n\r\n<p>- caja de herramientas 1/2</p>\r\n\r\n<p>-Destornillador plano</p>\r\n\r\n<p>- Destornillador estrella.</p>\r\n\r\n<p>- un alicate.</p>\r\n\r\n<p>- un martillo</p>\r\n\r\n<p>- compresor neum&aacute;tico.</p>\r\n','<p>-Grampas de las ballestas</p>\r\n\r\n<p>- guaipe</p>\r\n\r\n<p>- aire comprimido</p>\r\n','','&lt;p&gt;1.- Apagar el veh&amp;iacute;culo.&lt;/p&gt;\r\n\r\n&lt;p&gt;2.-Elevar el veh&amp;iacute;culo con un gata hidr&amp;aacute;ulica tipo lagarto.&lt;/p&gt;\r\n\r\n&lt;p&gt;3.- Elevar a un nivel adecuado y c&amp;oacute;modo de realizar el trabajo&lt;/p&gt;\r\n\r\n&lt;p&gt;4.- Con un martillo golpear y verificar que est&amp;eacute;n figas si no est&amp;aacute;n figas, sustituir las grampas.&lt;/p&gt;\r\n\r\n&lt;p&gt;5.- Extraer las tuercas de la ballestas.&lt;/p&gt;\r\n\r\n&lt;p&gt;6.- Extraer las ballestas una vez afuera sujetar en una entenalla (prensa), realizar una limpieza y extraer las grampas de las ballestas y remplazar.&lt;/p&gt;\r\n\r\n&lt;p&gt;7.- Instalar correctamente&lt;/p&gt;','&lt;p&gt;La persona encargada de realizar las actividades de mantenimiento deber&amp;aacute; seguir los pasos cuidadosamente y contar con el equipo necesario de seguridad (Guantes, overol, gafas y mascarilla).&lt;/p&gt;','Revisión de las grampas de ballestas',68,3,3,20000,100,0,'plan1180688298.pdf'),(179,'1 Hora',0,'<p>-Juego de llaves</p>\r\n\r\n<p>- caja de herramientas 1/2</p>\r\n\r\n<p>-Destornillador plano</p>\r\n\r\n<p>- Destornillador estrella.</p>\r\n\r\n<p>- un alicate.</p>\r\n\r\n<p>- un martillo</p>\r\n\r\n<p>- compresor neum&aacute;tico.</p>\r\n\r\n<p>- compresor de muelles</p>\r\n','<p>-Juego de amortiguadores.</p>\r\n\r\n<p>- guaipe</p>\r\n\r\n<p>- Aire comprimido</p>\r\n','','&lt;p&gt;1.- Apagar el veh&amp;iacute;culo.&lt;/p&gt;\r\n\r\n&lt;p&gt;2.-Elevar el veh&amp;iacute;culo con un gata hidr&amp;aacute;ulica tipo lagarto.&lt;/p&gt;\r\n\r\n&lt;p&gt;3.- Elevar a un nivel adecuado y c&amp;oacute;modo de realizar el trabajo&lt;/p&gt;\r\n\r\n&lt;p&gt;4.- Extraer lo neum&amp;aacute;ticos.&lt;/p&gt;\r\n\r\n&lt;p&gt;5.- Hacer una limpieza en toda la zona del amortiguador.&lt;/p&gt;\r\n\r\n&lt;p&gt;6.- Observar si la botella del amortiguador no est&amp;eacute;n sudados y si estos sudados sustituir por otra.&lt;/p&gt;\r\n\r\n&lt;p&gt;7.- Si es necesario sustituir extraer las tuercas de los amortiguadores y extraer y remplazarlo si est&amp;aacute; sujeta con un muelle, utilizar el compresor de muelles para liberar el amortiguador.&lt;/p&gt;\r\n\r\n&lt;p&gt;8.- Instalar correctamente.&lt;/p&gt;','&lt;p&gt;La persona encargada de realizar las actividades de mantenimiento deber&amp;aacute; seguir los pasos cuidadosamente y contar con el equipo necesario de seguridad (Guantes, overol, gafas y mascarilla).&lt;/p&gt;','Revisión de los amortiguadores',67,3,3,20000,100,0,'plan1416845405.pdf'),(180,'4horas',0,'<p>-Juego de llaves</p>\r\n\r\n<p>- caja de herramientas 1/2</p>\r\n\r\n<p>-Destornillador plano</p>\r\n\r\n<p>- Destornillador estrella.</p>\r\n\r\n<p>- un alicate.</p>\r\n\r\n<p>- un martillo</p>\r\n\r\n<p>- compresor neum&aacute;tico.</p>\r\n\r\n<p>Compresor de muelles</p>\r\n','<p>- juegos de cauchos de resortes</p>\r\n\r\n<p>- guaipe</p>\r\n','','&lt;p&gt;1.- Apagar el veh&amp;iacute;culo.&lt;/p&gt;\r\n\r\n&lt;p&gt;2.-Elevar el veh&amp;iacute;culo con un gata hidr&amp;aacute;ulica tipo lagarto.&lt;/p&gt;\r\n\r\n&lt;p&gt;3.- Elevar a un nivel adecuado y c&amp;oacute;modo de realizar el trabajo.&lt;/p&gt;\r\n\r\n&lt;p&gt;4.- Extraer lo neum&amp;aacute;ticos.&lt;/p&gt;\r\n\r\n&lt;p&gt;5.- revisar los cauchos que tengan grietas remplazarlo.&lt;/p&gt;\r\n\r\n&lt;p&gt;6.- Instalar correctamente.&lt;/p&gt;','&lt;p&gt;La persona encargada de realizar las actividades de mantenimiento deber&amp;aacute; seguir los pasos cuidadosamente y contar con el equipo necesario de seguridad (Guantes, overol, gafas y mascarilla).&lt;/p&gt;','Revisión de los cauchos de resorte',67,3,3,25000,100,0,'plan520501704.pdf'),(181,'1 Hora',0,'<p>-Juego de llaves</p>\r\n\r\n<p>- caja de herramientas de 1/2</p>\r\n\r\n<p>-bomba engrase</p>\r\n\r\n<p>- compresor neum&aacute;tico</p>\r\n','<p>-grasa.</p>\r\n\r\n<p>- guaipe</p>\r\n\r\n<p>- aire comprimido</p>\r\n','','&lt;p&gt;1.- Apagar el veh&amp;iacute;culo.&lt;/p&gt;\r\n\r\n&lt;p&gt;2.-Elevar el veh&amp;iacute;culo con un gata hidr&amp;aacute;ulica tipo lagarto.&lt;/p&gt;\r\n\r\n&lt;p&gt;3.- Elevar a un nivel adecuado y c&amp;oacute;modo de realizar el trabajo.&lt;/p&gt;\r\n\r\n&lt;p&gt;4.-Realizar una limpieza con aire comprimido y guipe en la zona de los graseros de las crucetas.&lt;/p&gt;\r\n\r\n&lt;p&gt;5.- lavar si es necesario.&lt;/p&gt;\r\n\r\n&lt;p&gt;6.-Con la bomba de engrase. engrasar correctamente&lt;/p&gt;','&lt;p&gt;La persona encargada de realizar las actividades de mantenimiento deber&amp;aacute; seguir los pasos cuidadosamente y contar con el equipo necesario de seguridad (Guantes, overol, gafas y mascarilla).&lt;/p&gt;','Revisión del engrasado de la crucetas',67,3,3,10000,100,0,'plan971044438.pdf'),(182,'1 Hora',0,'<p>-Juego de llaves</p>\r\n\r\n<p>- caja de herramientas de 1/2</p>\r\n\r\n<p>- gata hidr&aacute;ulica tipo lagarto</p>\r\n\r\n<p>-Martillo</p>\r\n\r\n<p>- torres para los veh&iacute;culos (embanque)</p>\r\n\r\n<p>-Juego de destornilladores</p>\r\n\r\n<p>-compresor de muelle de l','<p>-hojas de ballestas</p>\r\n\r\n<p>- guaipe</p>\r\n\r\n<p>- aire comprimido</p>\r\n','','&lt;p&gt;1.- Apagar el veh&amp;iacute;culo.&lt;/p&gt;\r\n\r\n&lt;p&gt;2.- Elevar un veh&amp;iacute;culo con una gata hidr&amp;aacute;ulica tipo lagarto y embancarlo.&lt;/p&gt;\r\n\r\n&lt;p&gt;3.- Realizar una limpieza con un aire comprimido y guipe.&lt;/p&gt;\r\n\r\n&lt;p&gt;4.-Revisar si los hojas de las ballestas tienen alg&amp;uacute;n ruptura o fisura si est&amp;aacute; en mal estado sustituir.&lt;/p&gt;\r\n\r\n&lt;p&gt;5.- Extraer las tuercas que sujetan a las ballesta.&lt;/p&gt;\r\n\r\n&lt;p&gt;6.-Sustituir las ballestas e instalar correctamente.&amp;nbsp;&amp;nbsp;&amp;nbsp;&amp;nbsp;&amp;nbsp;&amp;nbsp;&amp;nbsp;&amp;nbsp;&amp;nbsp;&amp;nbsp;&amp;nbsp;&amp;nbsp;&amp;nbsp;&amp;nbsp;&amp;nbsp;&amp;nbsp;&amp;nbsp;&amp;nbsp;&amp;nbsp;&amp;nbsp;&amp;nbsp;&amp;nbsp;&amp;nbsp;&amp;nbsp;&amp;nbsp;&amp;nbsp;&amp;nbsp;&amp;nbsp;&amp;nbsp;&amp;nbsp;&amp;nbsp;&amp;nbsp;&amp;nbsp;&amp;nbsp;&amp;nbsp;&amp;nbsp;&amp;nbsp;&amp;nbsp;&amp;nbsp;&amp;nbsp;&amp;nbsp;&amp;nbsp;&amp;nbsp;&amp;nbsp;&amp;nbsp;&amp;nbsp;&amp;nbsp;&lt;/p&gt;','&lt;p&gt;La persona encargada de realizar las actividades de mantenimiento deber&amp;aacute; seguir los pasos cuidadosamente y contar con el equipo necesario de seguridad (Guantes, overol, gafas y mascarilla).&lt;/p&gt;','La persona encargada de realizar las actividades de mantenimiento deberá seguir los pasos cuidadosamente y contar con el equipo necesario de seguridad  Guantes, overol, gafas y mascarilla',68,3,3,10000,100,0,'plan497314449.pdf'),(183,'3 Horas',0,'<p>-Juego de llaves</p>\r\n\r\n<p>- caja de herramientas de 1/2</p>\r\n\r\n<p>-Alicate</p>\r\n\r\n<p>- juego de destornilladores</p>\r\n\r\n<p>-compresor neum&aacute;tico</p>\r\n','<p>-empaques de cilindro maestro de embrague.</p>\r\n\r\n<p>- guaipe</p>\r\n\r\n<p>- Gasolina</p>\r\n\r\n<p>- Aire comprimido</p>\r\n','','&lt;p&gt;1.- Apagar el veh&amp;iacute;culo.&lt;/p&gt;\r\n\r\n&lt;p&gt;2.-Velicar si existe la presi&amp;oacute;n adecuada, abriendo la purga en el cilindro secundario del embarque si no existe un presi&amp;oacute;n adecuada continuar a los siguientes &amp;iacute;tems.&lt;/p&gt;\r\n\r\n&lt;p&gt;3.- Extraer con una llave el cilindro maestro del embrague que se encuentra ubicado a lado del servo del freno generalmente.&lt;/p&gt;\r\n\r\n&lt;p&gt;4.-Una vez afuera verificar si existen fugas del fluido por los empaques y ver si los empaques tienes gritas.&lt;/p&gt;\r\n\r\n&lt;p&gt;5.- Realizar una limpieza al cilindro maestro con un poco de gasolina y lija fina y remplazar los empaques.&lt;/p&gt;\r\n\r\n&lt;p&gt;6.- Si observa que el cilindro est&amp;aacute; mal esta sustituir por una nueva.&lt;/p&gt;\r\n\r\n&lt;p&gt;7.- Instalar correctamente.&lt;/p&gt;','&lt;p&gt;La persona encargada de realizar las actividades de mantenimiento deber&amp;aacute; seguir los pasos cuidadosamente y contar con el equipo necesario de seguridad (Guantes, overol, gafas y mascarilla).&lt;/p&gt;','Revisión del cilindro maestro del embrague',68,3,3,25000,100,0,'plan291036880.pdf'),(184,'6 horas',0,'<p>-Juego de llaves</p>\r\n\r\n<p>- caja de herramientas de 1/2</p>\r\n\r\n<p>-kit de dados para centrar el disco de embrague</p>\r\n\r\n<p>-caja de herramientas de &frac14;</p>\r\n\r\n<p>-juego de alicates</p>\r\n\r\n<p>-juego de destornilladores.</p>\r\n\r\n<p>- Compresor neum&','<p>-grasa</p>\r\n\r\n<p>-guaipe</p>\r\n\r\n<p>-Aire comprimido</p>\r\n','','&lt;p&gt;1.- Apagar el veh&amp;iacute;culo.&lt;/p&gt;\r\n\r\n&lt;p&gt;2.-Subir a la rampa de lavander&amp;iacute;a de veh&amp;iacute;culos.&lt;/p&gt;\r\n\r\n&lt;p&gt;3.- Ubicar en posici&amp;oacute;n adecuada para poder trabajar.&lt;/p&gt;\r\n\r\n&lt;p&gt;4.- Quitar todos los protectores que tenga y dejar libre la caja de cambios.&lt;/p&gt;\r\n\r\n&lt;p&gt;5.-Extraer el cardan, y las partes cilindro secundario del embrague, el motor de arranque de ser necesario y la parte de los cableados.&lt;/p&gt;\r\n\r\n&lt;p&gt;6.-Extraer todo los pernos de campana de caja de cambios y desm&amp;oacute;ntalo.&lt;/p&gt;\r\n\r\n&lt;p&gt;7.-Extarer los kit de embrague (plato el rodamiento y el disco de embrague).&lt;/p&gt;\r\n\r\n&lt;p&gt;8.- Centrar el disco de embrague. Y engrasar el eje primario de caja de cambios, Montar correctamente la caja de cambios.&lt;/p&gt;','&lt;p&gt;La persona encargada de realizar las actividades de mantenimiento deber&amp;aacute; seguir los pasos cuidadosamente y contar con el equipo necesario de seguridad (Guantes, overol, gafas y mascarilla).&lt;/p&gt;','Cambio del kit de embrague',67,3,3,35000,100,0,'plan759264789.pdf'),(185,'8horas',0,'<p>-Juego de llaves</p>\r\n\r\n<p>- Caja de herramientas de 1/2</p>\r\n\r\n<p>-Bomba de aceite manual.</p>\r\n\r\n<p>-Caja de herramientas &frac14;.</p>\r\n\r\n<p>- torqui metro.</p>\r\n\r\n<p>Juego de alicate</p>\r\n\r\n<p>-juego de destornilladores.</p>\r\n','<p>-Gal&oacute;n de aceite SAE 75W-90</p>\r\n\r\n<p>-guaipe</p>\r\n\r\n<p>- Juegos de sincronizadores.</p>\r\n\r\n<p>- una esp&aacute;tula</p>\r\n\r\n<p>- un silic&oacute;n</p>\r\n','','&lt;p&gt;1.- Apagar el veh&amp;iacute;culo.&lt;/p&gt;\r\n\r\n&lt;p&gt;2.- Subir a la rapa y colocar el veh&amp;iacute;culo en posici&amp;oacute;n adecuada de trabajo.&lt;/p&gt;\r\n\r\n&lt;p&gt;3.- Desmotar la caja de cambios.&lt;/p&gt;\r\n\r\n&lt;p&gt;4.- Abrir el tap&amp;oacute;n de aceite y botar el aceite, abrir la caja de cambios trabando en quinta.&lt;/p&gt;\r\n\r\n&lt;p&gt;5.- Extraer cada uno de los ejes, pi&amp;ntilde;ones y sincronizadores.&lt;/p&gt;\r\n\r\n&lt;p&gt;6.- Remplazar los sincronizadores y realizar el armado correcto y con ajuste correcto.&lt;/p&gt;\r\n\r\n&lt;p&gt;7.- realizar el montaje de caja de cambios.&lt;/p&gt;\r\n\r\n&lt;p&gt;8.- colocar el aceite en la caja de cambios SAE 75W-90 al nivel indicado.&lt;/p&gt;','&lt;p&gt;La persona encargada de realizar las actividades de mantenimiento deber&amp;aacute; seguir los pasos cuidadosamente y contar con el equipo necesario de seguridad (Guantes, overol, gafas y mascarilla).&lt;/p&gt;','Cambio de los sincronizadores de la caja de cambios',67,3,3,35000,100,0,'plan2120644137.pdf'),(186,'1 Hora',0,'<p>-Juego de llaves</p>\r\n\r\n<p>- caja de herramientas de 1/2</p>\r\n\r\n<p>-un martillo</p>\r\n\r\n<p>-juego de acicates</p>\r\n\r\n<p>- juego de destornilladores</p>\r\n','<p>-Grasa</p>\r\n\r\n<p>- guaipe</p>\r\n\r\n<p>- Juegos de crucetas</p>\r\n','','&lt;p&gt;1.- Apagar el veh&amp;iacute;culo.&lt;/p&gt;\r\n\r\n&lt;p&gt;2.- Colocar en la rampa de ser necesario.&lt;/p&gt;\r\n\r\n&lt;p&gt;3.- Extraer el cardan.&lt;/p&gt;\r\n\r\n&lt;p&gt;4.-Colocar en la prensa el cardan extraer los seguros de las crucetas.&lt;/p&gt;\r\n\r\n&lt;p&gt;5.-Con un martillo y un pin de acero extraer las crucetas.&lt;/p&gt;\r\n\r\n&lt;p&gt;6.-Engrasar y remplazar la cruceta y asegurar con el seguro.&lt;/p&gt;\r\n\r\n&lt;p&gt;7.-Instalar correctamente el cardan y dar un ajuste correcto.&lt;/p&gt;','&lt;p&gt;La persona encargada de realizar las actividades de mantenimiento deber&amp;aacute; seguir los pasos cuidadosamente y contar con el equipo necesario de seguridad (Guantes, overol, gafas y mascarilla).&lt;/p&gt;','Cambio de las crucetas',67,3,3,20000,100,0,'plan1020074486.pdf'),(187,'1 Hora',0,'<p>-Juego de llaves</p>\r\n\r\n<p>- caja de herramientas de 1/2</p>\r\n\r\n<p>-juego de alicates</p>\r\n\r\n<p>-juego de destornilladores</p>\r\n\r\n<p>- un martillo</p>\r\n','<p>-Soporte de cardan</p>\r\n\r\n<p>- guaipe</p>\r\n','','&lt;p&gt;1.- Apagar el veh&amp;iacute;culo.&lt;/p&gt;\r\n\r\n&lt;p&gt;2.- Colocar en la rampa de ser necesario.&lt;/p&gt;\r\n\r\n&lt;p&gt;3.- Extraer el cardan.&lt;/p&gt;\r\n\r\n&lt;p&gt;4.-Colocar en una prensa y extraer el soporte del cardan.&lt;/p&gt;\r\n\r\n&lt;p&gt;5.-Remplazar el soporte de cardan.&lt;/p&gt;\r\n\r\n&lt;p&gt;6.- realizar una limpieza&lt;/p&gt;\r\n\r\n&lt;p&gt;7.-Instalar correctamente y dar un ajuste correcto.&lt;/p&gt;','&lt;p&gt;La persona encargada de realizar las actividades de mantenimiento deber&amp;aacute; seguir los pasos cuidadosamente y contar con el equipo necesario de seguridad (Guantes, overol, gafas y mascarilla).&lt;/p&gt;','Cambio del soporte del cardan',68,3,3,30000,100,0,'plan1960121929.pdf'),(188,'30 Min',0,'<p>-Caja de herramientas para los tapones aceite de caja de cambios</p>\r\n\r\n<p>- caja de herramientas de 1/2</p>\r\n\r\n<p>- bomba de vac&iacute;o para aceite.</p>\r\n','<p>-Guaipe</p>\r\n\r\n<p>-Franela</p>\r\n\r\n<p>-aceite SAE 80W 90</p>\r\n\r\n<p>- Recolector de aceites</p>\r\n','','&lt;p&gt;&lt;strong&gt;1.-&lt;/strong&gt;Colocar el veh&amp;iacute;culo en la rapa&lt;/p&gt;\r\n\r\n&lt;p&gt;&lt;strong&gt;2.-&lt;/strong&gt; ubicar la caja de cambios y localizar el desfogue de aceite y la carga de aceite.&lt;/p&gt;\r\n\r\n&lt;p&gt;&lt;strong&gt;3.-&lt;/strong&gt;Vaciar el aceite de la caja de cambios.&lt;/p&gt;\r\n\r\n&lt;p&gt;&lt;strong&gt;4.-&lt;/strong&gt;Asegurar el tap&amp;oacute;n de la descarga de aceite.&lt;/p&gt;\r\n\r\n&lt;p&gt;&lt;strong&gt;5.-&lt;/strong&gt; Colocar el nuevo aceite hasta el nivel indicado.&lt;/p&gt;\r\n\r\n&lt;p&gt;&lt;strong&gt;6.-&lt;/strong&gt; Asegurar el tap&amp;oacute;n de la carga de aceite.&lt;/p&gt;\r\n\r\n&lt;p&gt;&lt;strong&gt;7.- &lt;/strong&gt;Encender el veh&amp;iacute;culo y verificar que no exista fugas y ruidos extra&amp;ntilde;os.&lt;/p&gt;','&lt;p&gt;La persona encargada de realizar las actividades de mantenimiento deber&amp;aacute; seguir los pasos cuidadosamente y contar con el equipo necesario de seguridad (Guantes, overol, gafas y mascarilla).&lt;/p&gt;','Cambio de aceite de la caja de cambios',67,3,3,15000,100,0,'plan1527733023.pdf'),(189,'30 Min',0,'<p>- Caja de herramientas de tapones de aceite.</p>\r\n\r\n<p>-caja de herramientas de 1/2</p>\r\n\r\n<p>- bomba de vac&iacute;o para aceite.</p>\r\n','<p>-Guaipe</p>\r\n\r\n<p>-Franela</p>\r\n\r\n<p>-Aceite SAE W 140</p>\r\n','','&lt;p&gt;&lt;strong&gt;1.-&lt;/strong&gt; Colocar en la rampa el veh&amp;iacute;culo.&lt;/p&gt;\r\n\r\n&lt;p&gt;&lt;strong&gt;2.-&lt;/strong&gt; Ubicar el diferencial y quitar el tap&amp;oacute;n de la descarga del aceite.&lt;/p&gt;\r\n\r\n&lt;p&gt;&lt;strong&gt;3.- &lt;/strong&gt;Una vez vaciado el aceite asegurar el tap&amp;oacute;n.&lt;/p&gt;\r\n\r\n&lt;p&gt;&lt;strong&gt;4.-&lt;/strong&gt;Colocar el nuevo aceite y dejarlo hasta el nivel indicado.&lt;/p&gt;\r\n\r\n&lt;p&gt;&lt;strong&gt;5.-&lt;/strong&gt; Asegurar el tap&amp;oacute;n.&lt;/p&gt;\r\n\r\n&lt;p&gt;&lt;strong&gt;6.-&lt;/strong&gt; Encender el veh&amp;iacute;culo y verificar que no exista fugas.&lt;/p&gt;','&lt;p&gt;La persona encargada de realizar las actividades de mantenimiento deber&amp;aacute; seguir los pasos cuidadosamente y contar con el equipo necesario de seguridad (Guantes, overol, gafas y mascarilla).&lt;/p&gt;','Cambio de Aceite de diferencial',68,3,3,15000,100,0,'plan685842550.pdf'),(190,'1 Hora',0,'<p>-Juego de llaves</p>\r\n\r\n<p>- caja de herramientas 1/2</p>\r\n\r\n<p>-alicates</p>\r\n\r\n<p>- caja de herramientas de 1/4</p>\r\n','<p>-Grasa</p>\r\n\r\n<p>-Guipes</p>\r\n','','&lt;p&gt;1.- Apagar el veh&amp;iacute;culo.&lt;/p&gt;\r\n\r\n&lt;p&gt;2.- Elevar el veh&amp;iacute;culo con una gata hidr&amp;aacute;ulica hasta el nivel adecuado de trabar.&lt;/p&gt;\r\n\r\n&lt;p&gt;3.- Quitar lo neum&amp;aacute;ticos si se puede los delanteros y posteriores.&lt;/p&gt;\r\n\r\n&lt;p&gt;4.- Quitar la tapa de las protecciones de rodamiento y colocar la grasa nueva.&lt;/p&gt;\r\n\r\n&lt;p&gt;5.- En la parte posterior quitar el tambor si es necesario, y de igual manera limpiar y engrasar.&lt;/p&gt;','&lt;p&gt;La persona encargada de realizar las actividades de mantenimiento deber&amp;aacute; seguir los pasos cuidadosamente y contar con el equipo necesario de seguridad (Guantes, overol, gafas y mascarilla).&lt;/p&gt;','Lubricación de rodamientos de las ruedas',67,3,3,15000,100,0,'plan2043377767.pdf'),(191,'1 Hora',0,'<p>-Juego de llaves</p>\r\n\r\n<p>- caja de herramientas 1/2</p>\r\n\r\n<p>-alicates</p>\r\n\r\n<p>- caja de herramientas de 1/4 -&gt;</p>\r\n','<p>-dep&oacute;sito de l&iacute;quido ATF</p>\r\n\r\n<p>-juegos de tuber&iacute;as</p>\r\n\r\n<p>-Guipes</p>\r\n\r\n<p>-arandelas &nbsp;</p>\r\n','','&lt;p&gt;1.- Apagar el veh&amp;iacute;culo.&lt;/p&gt;\r\n\r\n&lt;p&gt;2.- Quitar el protector de Carter para poder visualizar de una mejor manera.&lt;/p&gt;\r\n\r\n&lt;p&gt;3.- verificar si existe fugas en las tuber&amp;iacute;as del l&amp;iacute;quido ATF.&lt;/p&gt;\r\n\r\n&lt;p&gt;4.- Si existe fugas sustituir la tuber&amp;iacute;a.&lt;/p&gt;\r\n\r\n&lt;p&gt;5.- Instalar correctamente y completar el l&amp;iacute;quido ATF al nivel indicado.&lt;/p&gt;\r\n\r\n&lt;p&gt;6.- Verificar si existe fuga por dep&amp;oacute;sito sustituir si es necesario.&lt;/p&gt;','&lt;p&gt;La persona encargada de realizar las actividades de mantenimiento deber&amp;aacute; seguir los pasos cuidadosamente y contar con el equipo necesario de seguridad (Guantes, overol, gafas y mascarilla).&lt;/p&gt;','Revisión del líquido ATF',68,3,3,15000,100,0,'plan1826395141.pdf'),(192,'2 horas',0,'<p>-Juego de llaves</p>\r\n\r\n<p>- caja de herramientas de 1/2</p>\r\n\r\n<p>-juego de destornilladores.</p>\r\n\r\n<p>- juego de alicates.</p>\r\n\r\n<p>-caja de herramientas de 1/4.</p>\r\n','<p>-Grasa.</p>\r\n\r\n<p>- guaipe</p>\r\n\r\n<p>- Aceite</p>\r\n','','&lt;p&gt;1.- Apagar el veh&amp;iacute;culo.&lt;/p&gt;\r\n\r\n&lt;p&gt;2.-Girar la direcci&amp;oacute;n de izquierda a derecha si presenta molestia corregir y centrar.&lt;/p&gt;\r\n\r\n&lt;p&gt;3.-Alinear los terminales y el volante y centrar la columna de la direcci&amp;oacute;n con la cremallera.&lt;/p&gt;\r\n\r\n&lt;p&gt;4.- limpiara y lubricar las partes m&amp;oacute;viles.&lt;/p&gt;\r\n\r\n&lt;p&gt;5.-Instalar correctamente y dar un ajuste correcto.&lt;/p&gt;','&lt;p&gt;La persona encargada de realizar las actividades de mantenimiento deber&amp;aacute; seguir los pasos cuidadosamente y contar con el equipo necesario de seguridad (Guantes, overol, gafas y mascarilla).&lt;/p&gt;','Revisión del centrado de la columna de dirección',67,3,3,30000,100,0,'plan2072256330.pdf'),(193,'2 horas',0,'<p>-Juego de llaves</p>\r\n\r\n<p>- caja de herramientas de 1/2</p>\r\n\r\n<p>-juego de destornilladores.</p>\r\n\r\n<p>- juego de alicates.</p>\r\n\r\n<p>-caja de herramientas de 1/4.</p>\r\n','<p>-Grasa.</p>\r\n\r\n<p>- guaipe</p>\r\n\r\n<p>- Aceite</p>\r\n','','&lt;p&gt;1.- Apagar el veh&amp;iacute;culo.&lt;/p&gt;\r\n\r\n&lt;p&gt;2.-Girar la direcci&amp;oacute;n de izquierda a derecha si presenta molestia corregir y centrar.&lt;/p&gt;\r\n\r\n&lt;p&gt;3.-Alinear los terminales y el volante y centrar la columna de la direcci&amp;oacute;n con la cremallera.&lt;/p&gt;\r\n\r\n&lt;p&gt;4.- limpiara y lubricar las partes m&amp;oacute;viles.&lt;/p&gt;\r\n\r\n&lt;p&gt;5.-Instalar correctamente y dar un ajuste correcto.&lt;/p&gt;','&lt;p&gt;La persona encargada de realizar las actividades de mantenimiento deber&amp;aacute; seguir los pasos cuidadosamente y contar con el equipo necesario de seguridad (Guantes, overol, gafas y mascarilla).&lt;/p&gt;','Centrando la columna correctamente',67,3,3,30000,100,0,'plan1244775414.pdf'),(194,'3 Horas',0,'<p>-Juego de llaves</p>\r\n\r\n<p>- caja de herramientas de 1/2.</p>\r\n\r\n<p>-torqui metro</p>\r\n\r\n<p>-caja de herramientas de 1/4.</p>\r\n\r\n<p>-Juego de destornilladores.</p>\r\n','<p>- guaipe</p>\r\n','','&lt;p&gt;1.- Apagar el veh&amp;iacute;culo.&lt;/p&gt;\r\n\r\n&lt;p&gt;2.-Extraer los protectores que obstruyan la f&amp;aacute;cil manipulaci&amp;oacute;n del ajuste del torque en los pernos de la cremallera.&lt;/p&gt;\r\n\r\n&lt;p&gt;3.- Realizar una limpieza y colocar nuevamente.&lt;/p&gt;\r\n\r\n&lt;p&gt;4.-Con un torqui metro dar un ajuste de 20lbs&lt;/p&gt;\r\n\r\n&lt;p&gt;5.-Instalar nuevamente los protectores.&lt;/p&gt;','&lt;p&gt;La persona encargada de realizar las actividades de mantenimiento deber&amp;aacute; seguir los pasos cuidadosamente y contar con el equipo necesario de seguridad (Guantes, overol, gafas y mascarilla).&lt;/p&gt;','Corregir el torque de la cremallera',68,3,3,35000,100,0,'plan176613547.pdf'),(195,'2 horas',0,'<p>-Juego de llaves</p>\r\n\r\n<p>- caja de herramientas de 1/2</p>\r\n\r\n<p>-una pinza</p>\r\n\r\n<p>-juego de alicates</p>\r\n\r\n<p>-juego de destornilladores.</p>\r\n','<p>-Liquido de limpieza CARB CLEANER.</p>\r\n\r\n<p>- guaipe</p>\r\n','','&lt;p&gt;1.- Apagar el veh&amp;iacute;culo.&lt;/p&gt;\r\n\r\n&lt;p&gt;2.-Extraer los pernos que sujetan la bomba hidr&amp;aacute;ulica.&lt;/p&gt;\r\n\r\n&lt;p&gt;3.-Extraer la bamba hidr&amp;aacute;ulica y con una pinza sacar los anillos de seguridad.&lt;/p&gt;\r\n\r\n&lt;p&gt;4.-Realizar una limpieza y colocar nuevamente el anillo de seguridad.&lt;/p&gt;\r\n\r\n&lt;p&gt;5.-Realizar instalaci&amp;oacute;n correcta un ajuste correcto.&lt;/p&gt;','&lt;p&gt;La persona encargada de realizar las actividades de mantenimiento deber&amp;aacute; seguir los pasos cuidadosamente y contar con el equipo necesario de seguridad (Guantes, overol, gafas y mascarilla).&lt;/p&gt;','Cambio de los anillos de seguridad de bamba hidráulica',67,3,3,20000,100,0,'plan636316234.pdf'),(196,'1 Hora',0,'<p>-Juego de llaves</p>\r\n\r\n<p>- caja de herramientas 1/2</p>\r\n\r\n<p>-alicates</p>\r\n','<p>-liquido ATF.</p>\r\n\r\n<p>- tuber&iacute;as</p>\r\n\r\n<p>- guipe.</p>\r\n','','&lt;p&gt;1.- Apagar el veh&amp;iacute;culo.&lt;/p&gt;\r\n\r\n&lt;p&gt;2.- Quitar el protector de Carter para poder visualizar de una mejor manera.&lt;/p&gt;\r\n\r\n&lt;p&gt;3.- verificar si existe fugas en las tuber&amp;iacute;as del l&amp;iacute;quido ATF.&lt;/p&gt;\r\n\r\n&lt;p&gt;4.- Si existe fugas sustituir la tuber&amp;iacute;a.&lt;/p&gt;\r\n\r\n&lt;p&gt;5.- Instalar correctamente y completar el l&amp;iacute;quido ATF al nivel indicado.5.- Con la Buj&amp;iacute;a limpia procedemos al colocar.&amp;nbsp;&amp;nbsp;&amp;nbsp;&amp;nbsp;&amp;nbsp;&amp;nbsp;&amp;nbsp;&amp;nbsp;&amp;nbsp;&amp;nbsp;&amp;nbsp;&amp;nbsp;&amp;nbsp;&amp;nbsp;&amp;nbsp;&amp;nbsp;&amp;nbsp;&amp;nbsp;&amp;nbsp;&amp;nbsp;&amp;nbsp;&amp;nbsp;&amp;nbsp;&amp;nbsp;&amp;nbsp;&amp;nbsp;&amp;nbsp;&amp;nbsp;&amp;nbsp;&amp;nbsp;&amp;nbsp;&amp;nbsp;&amp;nbsp;&amp;nbsp;&amp;nbsp;&amp;nbsp;&amp;nbsp;&amp;nbsp;&amp;nbsp;&amp;nbsp;&amp;nbsp;&amp;nbsp;&amp;nbsp;&amp;nbsp;&amp;nbsp;&lt;/p&gt;','&lt;p&gt;La persona encargada de realizar las actividades de mantenimiento deber&amp;aacute; seguir los pasos cuidadosamente y contar con el equipo necesario de seguridad (Guantes, overol, gafas y mascarilla).&lt;/p&gt;','Revisión y cambio de la tubería del líquido hidráulico',67,3,3,10000,100,0,'plan84132425.pdf'),(197,'2 horas',0,'<p>-Juego de llaves</p>\r\n\r\n<p>- caja de herramientas 1/2</p>\r\n\r\n<p>- caja de herramientas 1/4</p>\r\n\r\n<p>- un compresor laminas</p>\r\n\r\n<p>- gata hidr&aacute;ulica tipo lagarto.</p>\r\n','<p>-juego de tuercas y perno( la mayor parte se deteriora los tuercas)</p>\r\n\r\n<p>- guaipe</p>\r\n\r\n<p>- 1 una brocha peque&ntilde;a.</p>\r\n\r\n<p>- Aire comprimido&nbsp;&nbsp;&nbsp;&nbsp;&nbsp;&nbsp;&nbsp;&nbsp;&nbsp;&nbsp;&nbsp;</p>\r\n','','&lt;p&gt;1.- Apagar el veh&amp;iacute;culo.&lt;/p&gt;\r\n\r\n&lt;p&gt;2.- Elevar el veh&amp;iacute;culo con una gata hidr&amp;aacute;ulica tipo lagarto.&lt;/p&gt;\r\n\r\n&lt;p&gt;3.- elevar a un nivel adecuado y c&amp;oacute;modo de realizar el trabajo.&lt;/p&gt;\r\n\r\n&lt;p&gt;4.- Extraer los neum&amp;aacute;ticos.&lt;/p&gt;\r\n\r\n&lt;p&gt;5.-Realizar una limpieza tanto en los terminales izquierdo y derecho.&lt;/p&gt;\r\n\r\n&lt;p&gt;6.- Revisar con un torqui metro que este dado el ajuste de 30lbs.&lt;/p&gt;\r\n\r\n&lt;p&gt;7.-Remplazar los pernos y tuerca si est&amp;aacute;n en mal estado.&lt;/p&gt;\r\n\r\n&lt;p&gt;7.- Finalmente realizar la alineaci&amp;oacute;n.&lt;/p&gt;','&lt;p&gt;La persona encargada de realizar las actividades de mantenimiento deber&amp;aacute; seguir los pasos cuidadosamente y contar con el equipo necesario de seguridad (Guantes, overol, gafas y mascarilla).&lt;/p&gt;','Revisión del torque de los terminales',67,3,3,15000,100,0,'plan1173930189.pdf'),(198,'1 Hora',0,'<p>&nbsp;Elevador hidr&aacute;ulico</p>\r\n\r\n<p>- Caja de herramientas de &frac12;</p>\r\n\r\n<p>-Caja de herramientas de &frac14;</p>\r\n\r\n<p>- Juego de destornilladores</p>\r\n\r\n<p>- Juego de alicates</p>\r\n\r\n<p>- Compresor</p>\r\n\r\n<p>-un combo</p>\r\n\r\n<p>- destornil','<p>-Guaipe</p>\r\n\r\n<p>-Franela</p>\r\n\r\n<p>-liquido de freno DOT 3 y 4 depende del veh&iacute;culo.</p>\r\n\r\n<p>- 1 brake clean.</p>\r\n\r\n<p>-Aire comprimido</p>\r\n','','&lt;p&gt;&lt;strong&gt;1.-&lt;/strong&gt; Colocar el veh&amp;iacute;culo en un elevador hidr&amp;aacute;ulico.&lt;/p&gt;\r\n\r\n&lt;p&gt;&lt;strong&gt;2.-&lt;/strong&gt; elevar al nivel que sea c&amp;oacute;modo trabajar.&lt;/p&gt;\r\n\r\n&lt;p&gt;&lt;strong&gt;3.-&lt;/strong&gt;Quitar todos los neum&amp;aacute;ticos.&lt;/p&gt;\r\n\r\n&lt;p&gt;&lt;strong&gt;4.-&lt;/strong&gt;En la parte delantera del veh&amp;iacute;culo con una llave adecuada aflojar el perno inferior de la mordaza, alzar la mordaza y verificar el estado de las pastillas, si en las pastillas no existe la marca sustituirlos caso contrario limpiarlos con aire comprimido y Colocarlo nuevamente.&amp;nbsp;&lt;/p&gt;\r\n\r\n&lt;p&gt;&lt;strong&gt;5.-&lt;/strong&gt; En la parte posterior dejar suelto el freno de mano, con un destornillador de imparto abrir el tornillo que lleva el tabor.&lt;/p&gt;\r\n\r\n&lt;p&gt;&lt;strong&gt;6.-&lt;/strong&gt; Quitar el tambor, y revisar las zapatas si est&amp;aacute;n desgasta, en el caso de que est&amp;eacute;n desgastadas sustituirlos.&lt;/p&gt;\r\n\r\n&lt;p&gt;&lt;strong&gt;7.- &lt;/strong&gt;Si se observa que las zapatas est&amp;aacute;n sucias limpiarlos con brake clean.&lt;/p&gt;\r\n\r\n&lt;p&gt;&lt;strong&gt;8.-&lt;/strong&gt;Colocar nuevamente el tambor los neum&amp;aacute;ticos y calibrar de acuerdo a la regulaci&amp;oacute;n.&lt;/p&gt;\r\n\r\n&lt;p&gt;&lt;strong&gt;9.-&lt;/strong&gt; Si se abri&amp;oacute; alguna ca&amp;ntilde;er&amp;iacute;a del freno sangrar y completar el l&amp;iacute;quido de frenos al nivel indicado.&lt;/p&gt;','&lt;p&gt;La persona encargada de realizar las actividades de mantenimiento deber&amp;aacute; seguir los pasos cuidadosamente y contar con el equipo necesario de seguridad (Guantes, overol, gafas y mascarilla).&lt;/p&gt;','Revisión, limpieza y calibración de frenos',68,3,3,25000,100,0,'plan650793563.pdf'),(199,'1 Hora',0,'<p>&nbsp;Elevador hidr&aacute;ulico</p>\r\n\r\n<p>- Caja de herramientas de &frac12;</p>\r\n\r\n<p>-Caja de herramientas de &frac14;</p>\r\n\r\n<p>- Juego de destornilladores</p>\r\n\r\n<p>- Juego de alicates</p>\r\n\r\n<p>- Compresor</p>\r\n\r\n<p>-un combo</p>\r\n\r\n<p>- caja de <','<p>-Guaipe</p>\r\n\r\n<p>-Franela</p>\r\n\r\n<p>-liquido de freno DOT 3 y 4 depende del veh&iacute;culo.</p>\r\n\r\n<p>- 1 brake clean.</p>\r\n\r\n<p>-Aire comprimido</p>\r\n','','&lt;p&gt;&lt;strong&gt;1.-&lt;/strong&gt; Colocar el veh&amp;iacute;culo en un elevador hidr&amp;aacute;ulico.&lt;/p&gt;\r\n\r\n&lt;p&gt;&lt;strong&gt;2.-&lt;/strong&gt; elevar al nivel que sea c&amp;oacute;modo trabajar.&lt;/p&gt;\r\n\r\n&lt;p&gt;&lt;strong&gt;3.-&lt;/strong&gt;Quitar los neum&amp;aacute;ticos delanteros.&lt;/p&gt;\r\n\r\n&lt;p&gt;&lt;strong&gt;4.-&lt;/strong&gt;En la parte delantera del veh&amp;iacute;culo con una llave adecuada aflojar el perno inferior de la mordaza, alzar la mordaza y verificar el estado de las pastillas, si en las pastillas no existe la marca sustituirlos caso contrario limpiarlos con aire comprimido y Colocarlo nuevamente.&amp;nbsp;&lt;/p&gt;\r\n\r\n&lt;p&gt;&lt;strong&gt;5.-&lt;/strong&gt; Regresar el pist&amp;oacute;n de freno si es necesario.&lt;/p&gt;\r\n\r\n&lt;p&gt;&lt;strong&gt;6.-&lt;/strong&gt; Revisar el nivel del l&amp;iacute;quido de freno.&lt;/p&gt;\r\n\r\n&lt;p&gt;&lt;strong&gt;7.- &lt;/strong&gt;Realizar la purga del aire en el sistema&lt;/p&gt;','&lt;p&gt;La persona encargada de realizar las actividades de mantenimiento deber&amp;aacute; seguir los pasos cuidadosamente y contar con el equipo necesario de seguridad (Guantes, overol, gafas y mascarilla).&lt;/p&gt;','Cambio de pastillas',67,3,3,25000,100,0,'plan1890832276.pdf'),(200,'1 Hora',0,'<p>- Elevador hidr&aacute;ulico</p>\r\n\r\n<p>- Caja de herramientas de &frac12;</p>\r\n\r\n<p>-Caja de herramientas de &frac14;</p>\r\n\r\n<p>- Juego de destornilladores</p>\r\n\r\n<p>- Juego de alicates</p>\r\n\r\n<p>- Compresor</p>\r\n\r\n<p>-un combo</p>\r\n\r\n<p>- destornillado','<p>-Guaipe</p>\r\n\r\n<p>-Franela</p>\r\n\r\n<p>-liquido de freno DOT 3 y 4 depende del veh&iacute;culo.</p>\r\n\r\n<p>- 1 brake clean.</p>\r\n\r\n<p>-Aire comprimido</p>\r\n','','&lt;p&gt;&lt;strong&gt;1.-&lt;/strong&gt; Colocar el veh&amp;iacute;culo en un elevador hidr&amp;aacute;ulico.&lt;/p&gt;\r\n\r\n&lt;p&gt;&lt;strong&gt;2.-&lt;/strong&gt; elevar al nivel que sea c&amp;oacute;modo trabajar.&lt;/p&gt;\r\n\r\n&lt;p&gt;&lt;strong&gt;3.-&lt;/strong&gt;Quitar los neum&amp;aacute;ticos traseros.&lt;/p&gt;\r\n\r\n&lt;p&gt;&lt;strong&gt;4.-&lt;/strong&gt; En la parte posterior dejar suelto el freno de mano, con un destornillador de imparto abrir el tornillo que lleva el tabor&lt;/p&gt;\r\n\r\n&lt;p&gt;&lt;strong&gt;5.-&lt;/strong&gt;. Quitar el tambor, y revisar las zapatas si est&amp;aacute;n desgasta, en el caso de que est&amp;eacute;n desgastadas sustituirlos.&lt;/p&gt;\r\n\r\n&lt;p&gt;&lt;strong&gt;6.-&lt;/strong&gt; Si se observa que las zapatas est&amp;aacute;n sucias limpiarlos con brake clean&lt;/p&gt;\r\n\r\n&lt;p&gt;&lt;strong&gt;7.-&lt;/strong&gt;Colocar nuevamente el tambor los neum&amp;aacute;ticos y calibrar de acuerdo a la regulaci&amp;oacute;n.&lt;/p&gt;\r\n\r\n&lt;p&gt;&lt;strong&gt;8.-&lt;/strong&gt; Si se abri&amp;oacute; alguna ca&amp;ntilde;er&amp;iacute;a del freno sangrar y completar el l&amp;iacute;quido de frenos al nivel indicado.&lt;/p&gt;','&lt;p&gt;La persona encargada de realizar las actividades de mantenimiento deber&amp;aacute; seguir los pasos cuidadosamente y contar con el equipo necesario de seguridad (Guantes, overol, gafas y mascarilla).&lt;/p&gt;','Cambio de zapatas',68,3,3,30000,100,0,'plan1780887651.pdf');
/*!40000 ALTER TABLE `plan_mantenimiento` ENABLE KEYS */;
UNLOCK TABLES;

--
-- Table structure for table `registro`
--

DROP TABLE IF EXISTS `registro`;
/*!40101 SET @saved_cs_client     = @@character_set_client */;
/*!40101 SET character_set_client = utf8 */;
CREATE TABLE `registro` (
  `id` int(11) NOT NULL AUTO_INCREMENT,
  `vehiculo_id` int(11) NOT NULL,
  `fecha_registro` date NOT NULL,
  `fecha` date NOT NULL,
  `numero_ingreso` int(11) NOT NULL,
  `usuario_registro` int(11) NOT NULL,
  `tipo` int(11) DEFAULT NULL,
  PRIMARY KEY (`id`)
) ENGINE=InnoDB AUTO_INCREMENT=28 DEFAULT CHARSET=latin1;
/*!40101 SET character_set_client = @saved_cs_client */;

--
-- Dumping data for table `registro`
--

LOCK TABLES `registro` WRITE;
/*!40000 ALTER TABLE `registro` DISABLE KEYS */;
INSERT INTO `registro` VALUES (1,63,'2017-07-24','2017-07-24',5100,72,9),(2,64,'2017-07-24','2017-07-24',5200,73,9),(3,1,'2017-07-25','2017-07-20',56000,3,9),(4,1,'2017-07-25','2017-07-25',57000,3,9),(5,1,'2017-07-25','2017-07-25',57100,3,9),(6,1,'2017-07-25','2017-07-25',57100,3,9),(7,1,'2017-07-25','2017-07-25',57100,3,9),(8,1,'2017-07-25','2017-07-25',62300,3,9),(9,1,'2017-07-25','2017-07-25',62350,3,9),(10,1,'2017-07-25','2017-07-25',62420,3,9),(11,1,'2017-07-25','2017-07-25',62420,3,9),(12,1,'2017-07-25','2017-07-25',62420,3,9),(13,1,'2017-07-25','2017-07-25',67250,3,9),(14,1,'2017-07-25','2017-07-25',72300,3,9),(15,1,'2017-07-25','2017-07-25',72300,3,9),(16,1,'2017-07-25','2017-07-25',77360,3,9),(17,1,'2017-07-25','2017-07-25',77360,3,9),(18,1,'2017-07-25','2017-07-25',77360,3,9),(19,1,'2017-07-25','2017-07-25',82460,3,9),(20,1,'2017-07-25','2017-07-25',87580,3,9),(21,1,'2017-07-25','2017-07-25',92680,3,9),(22,1,'2017-07-25','2017-07-25',93700,3,9),(23,1,'2017-07-25','2017-07-25',93900,3,9),(24,1,'2017-07-25','2017-07-25',93900,3,9),(25,1,'2017-07-25','2017-07-25',93900,3,9),(26,1,'2017-07-25','2017-07-25',94000,3,9),(27,12,'2017-07-27','2017-07-27',61000,2,10);
/*!40000 ALTER TABLE `registro` ENABLE KEYS */;
UNLOCK TABLES;

--
-- Table structure for table `repuestos`
--

DROP TABLE IF EXISTS `repuestos`;
/*!40101 SET @saved_cs_client     = @@character_set_client */;
/*!40101 SET character_set_client = utf8 */;
CREATE TABLE `repuestos` (
  `id` int(11) NOT NULL AUTO_INCREMENT,
  `nombre` varchar(512) NOT NULL,
  `cantidad` decimal(5,2) NOT NULL DEFAULT '0.00',
  `codigo` varchar(45) NOT NULL,
  `eliminado` int(11) NOT NULL,
  `medida_repuesto_id` int(11) NOT NULL,
  PRIMARY KEY (`id`)
) ENGINE=InnoDB AUTO_INCREMENT=182 DEFAULT CHARSET=latin1;
/*!40101 SET character_set_client = @saved_cs_client */;

--
-- Dumping data for table `repuestos`
--

LOCK TABLES `repuestos` WRITE;
/*!40000 ALTER TABLE `repuestos` DISABLE KEYS */;
INSERT INTO `repuestos` VALUES (1,'Filtro de aceite de motor GM97309927',58.00,'VCHDD',0,0),(2,'Filtro de combustible 5876100110',40.00,'VCHDD',0,0),(3,'Filtro de cedimento 97288947',28.00,'VCHDD',0,0),(4,'Filtro de aire BA3355',11.00,'VCHDD',0,0),(5,'Filtro aceite motor PH3593A',36.00,'VCHGV6',0,0),(6,'Filtro de combustible ALG2021',18.00,'VCHGV6',0,0),(7,'Filtro de aire AF7864',9.00,'VCHGV6',0,0),(8,'Filtro de aceite de motor PH2903 CHAMP',48.00,'VMBT50',0,0),(9,'Filtro de combustible 9096KR',24.00,'VMBT50',0,0),(10,'Filtro de aire AF545',12.00,'VMBT50',0,0),(11,'Filtro aceite de motor 90915-20003',1.00,'VTH',0,0),(12,'Filtro de combustible 23300-75140',5.00,'VTH',0,0),(13,'Filtro de aire 1780V00010',3.00,'VTH',0,0),(14,'Filtro aceite motor PH2856',20.00,'VCHLG',0,0),(15,'Filtro de combustible 612',10.00,'VCHLG',0,0),(16,'Filtro de aire CA352AF109',-3.00,'VCHLG',0,0),(17,'Filtro aceite de motor 94632619FH47PH3593ABL1068',30.00,'VHCHDG',0,0),(18,'Filtro de combustible 93370527-GB0018',15.00,'VHCHDG',0,0),(19,'Filtro de aire 95627138-A1518',9.00,'VHCHDG',0,0),(20,'Filtro de aceite de motor 1560-72051-C6105',150.00,'VH',0,0),(21,'Filtro de combustible 234011510',150.00,'VH',0,0),(22,'Fuel Filter S2340-11441',75.00,'VH',0,0),(23,'Filtro de aire P A1325',42.00,'VH',0,0),(24,'Filtro aceite motor PH2856',20.00,'VCHLG',0,0),(25,'Filtro de combustible 612',10.00,'VCHLG',0,0),(26,'Filtro de aire CA352-AF109',3.00,'VCHLG',0,0),(27,'Filtro aceite de motor 94632619-FH47-PH3593A-BL1068',30.00,'VHCHDG',0,0),(28,'Filtro de combustible 93370527-GB0018',15.00,'VHCHDG',0,0),(29,'Filtro de aire 95627138-A1518',9.00,'VHCHDG',0,0),(30,'Filtro de aceite de motor 1560-72051-C6105',150.00,'VH',0,0),(31,'Filtro de combustible 234011510',75.00,'VH',0,0),(32,'Fuel Filter S2340-11441',75.00,'VH',0,0),(33,'Filtro de aire P A1325',42.00,'VH',0,0),(34,'Filtro de aceite de motor LFP3000',90.00,'VW',0,0),(35,'Filtro separador F28-30M',45.00,'VW',0,0),(36,'Fuel Filter 42000',45.00,'VW',0,0),(37,'Filtro de aire P TECFIL ARS9839',28.00,'VW',0,0),(38,'Filtro de aire S TECFIL AS839',28.00,'VW',0,0),(39,'Filtro de agua LFW4072',9.00,'VW',1,0),(40,'Filtro de aceite de motor 6505510-5022A',20.00,'MCD',0,0),(41,'Filtro de combustible 6512503-5016D - FS1212',12.00,'MCD',0,0),(42,'Filtro de aire primario 24746003',6.00,'MCD',0,0),(43,'Filtro de aire secundario 2474-6025',6.00,'MCD',0,0),(44,'Filtro piloto 24746003',4.00,'MCD',0,0),(45,'Filtro oil hidráulico 2471-9051B',4.00,'MCD',0,0),(46,'Filtro aceite de motor 6207-51-5500- 600-211-5241',6.00,'MCK',0,0),(47,'Filtro de combustible 600-311-7440',4.00,'MCK',0,0),(48,'Filtro de combustible 600-211-6221-FC-113-FP 588F',4.00,'MCK',0,0),(49,'Filtro de aire primario, secundario 600-181-8300',3.00,'MCK',0,0),(50,'Filtro hidráulico 07063-01054',1.00,'MCK',0,0),(51,'Filtro transmisión 424-16-11140',1.00,'MCK',0,0),(52,'Filtro aceite de motor LPF6015- LF 16015',20.00,'MRNH',0,0),(53,'Filtro de combustible secundario FFP5421',10.00,'MRNH',0,0),(54,'Filtro de combustible primario 12368F- FS19972',10.00,'MRNH',0,0),(55,'Filtro de aire primario LAF4544',6.00,'MRNH',0,0),(56,'Filtro de aceite de motor 6505510-5022A',20.00,'MCD',0,0),(57,'Filtro de combustible 6512503-5016D - FS1212',12.00,'MCD',0,0),(58,'Filtro de aire primario 24746003',6.00,'MCD',0,0),(59,'Filtro de aire secundario 2474-6025',6.00,'MCD',0,0),(60,'Filtro piloto 24746003',4.00,'MCD',0,0),(61,'Filtro oil hidráulico 2471-9051B',4.00,'MCD',0,0),(62,'Filtro aceite de motor 6207-51-5500- 600-211-5241',6.00,'MCK',0,0),(63,'Filtro de combustible 600-311-7440',4.00,'MCK',0,0),(64,'Filtro de combustible 600-211-6221-FC-113-FP 588F',4.00,'MCK',0,0),(65,'Filtro de aire primario, secundario 600-181-8300',3.00,'MCK',0,0),(66,'Filtro hidráulico 07063-01054',1.00,'MCKMCK',0,0),(67,'Filtro transmisión 424-16-11140',1.00,'MCK',0,0),(68,'Filtro aceite de motor LPF6015- LF 16015',20.00,'MRNH',0,0),(69,'Filtro de aceite de motor 6505510-5022A',20.00,'MCD',0,0),(70,'Filtro de aceite de motor 6505510-5022A',20.00,'MCD',0,0),(71,'Filtro de agua LFW4072',9.00,'VW',0,0),(72,'JJJJJJJJJJ',1.00,'HHHH',1,0),(73,'Filtro de aceite de motor 6505510-5022A',20.00,'MCD',0,0),(74,'Filtro de combustible 6512503-5016D - FS1212',12.00,'MCD',0,0),(75,'Filtro de aire primario 24746003',6.00,'MCD',0,0),(76,'Filtro de aire secundario 2474-6025',6.00,'MCD',0,0),(77,'Filtro piloto 24746003',4.00,'MCD',0,0),(78,'Filtro oil hidráulico 2471-9051B',4.00,'MCD',0,0),(79,'Filtro aceite de motor 6207-51-5500- 600-211-5241',6.00,'MCK',0,0),(80,'Filtro de combustible 600-311-7440',4.00,'MCK',0,0),(81,'Filtro de combustible 600-211-6221-FC-113-FP 588F',4.00,'MCK',0,0),(82,'Filtro de aire primario, secundario 600-181-8300',3.00,'MCK',0,0),(83,'Filtro hidráulico 07063-01054',1.00,'MCK',0,0),(84,'Filtro transmisión 424-16-11140',1.00,'MCK',0,0),(85,'Filtro aceite de motor LPF6015- LF 16015',20.00,'MRNH',0,0),(86,'Filtro de combustible secundario FFP5421',10.00,'MRNH',0,0),(87,'Filtro de combustible primario 12368F- FS19972',10.00,'MRNH',0,0),(88,'Filtro de aire primario LAF4544',6.00,'MRNH',0,0),(89,'Filtro de aire secundario LAF4545-FF5421',6.00,'MRNH',0,0),(90,'Filtro hidráulico HF6565-76042658',4.00,'MRNH',0,0),(91,'Filtro transmisión 07603-51100-BT8417-67-58-096-BT 841',4.00,'MRNH',0,0),(92,'Filtro de aire secundario 11EM-21041',4.00,'MRH',0,0),(93,'Filtro de aire primario 11EM-21041',4.00,'MRH',0,0),(94,'Filtro de agua 11EM-52320',6.00,'MRH',0,0),(95,'Filtro de combustible 11E1-70010',6.00,'MRH',0,0),(96,'Filtro de aceite de motor 11E1-70-140',6.00,'MRH',0,0),(97,'Filtro elemento return E131-0212',6.00,'MRH',0,0),(98,'Filtro spin 31E9-0084',4.00,'MRH',0,0),(99,'Filtro de aceite de motor  600-211-6241',6.00,'MMK',0,0),(100,'Filtro de combustible 600-2116221',6.00,'MMK',0,0),(101,'Filtro de aire elemento 600-181-6740',4.00,'MMK',0,0),(102,'Filtro de aire outer 600181-6820',4.00,'MMK',0,0),(103,'Filtro de transmisión 281-16-11290',2.00,'MMK',0,0),(104,'Filtro hidráulico 07063-01054',2.00,'MMK',0,0),(105,'Filtro de aceite de motor 1240388H1',6.00,'MMK',0,0),(106,'Filtro de combustible 600-211-6221',6.00,'MMK',0,0),(107,'Filtro separador de agua 6732-71-6120',6.00,'MMK',0,0),(108,'Filtro de combustible 6732-71-6110',6.00,'MMK',0,0),(109,'Filtro de aire primario 1298058H1',4.00,'MMK',0,0),(110,'Filtro de aire secundario 1298059H1',4.00,'MMK',0,0),(111,'Elemento diferencial 1266-751H2 oilfilter',4.00,'MMK',0,0),(112,'Filtro de aceite de motor element 9455145',12.00,'MRD',0,0),(113,'Filtro de combustible element 945146',12.00,'MRD',0,0),(114,'Filtro pre-fuel filter element 9451476',12.00,'MRD',0,0),(115,'Filtro hidráulico oil filter element 372229',4.00,'MRD',0,0),(116,'Filtro de aire element 385377',8.00,'MRD',0,0),(117,'Filtro de aire element  385378',8.00,'MRD',0,0),(118,'Filtro de aceite de motor 6736-51-5142',12.00,'MMKG',0,0),(119,'Filtro de transmisión 714-0728711',4.00,'MMKG',0,0),(120,'Filtro de aire 600-185-3100',8.00,'MMKG',0,0),(121,'Filtro hidráulico 07063-51100',4.00,'MMKG',0,0),(122,'Fuel filter secundario FC 5704',12.00,'MMKG',0,0),(123,'Fuel filter primario 6732-71-6112- FS12- 5018- FP588F',12.00,'MMKG',0,0),(124,'Corrosión resistor 600-411-1191- LFW4744- LFW4074',2.00,'MMKG',0,0),(125,'Filtro de  transmisión 34740-00100',3.00,'MMM',0,0),(126,'Filtro hidráulico 92576-14100',3.00,'MMM',0,0),(127,'Filtro de aire primario 600308-20401',4.00,'MMM',0,0),(128,'Filtro de aire secundario 60308-01301',4.00,'MMM',0,0),(129,'Filtro de aceite motor MEO74013-C-1605',7.00,'MMM',0,0),(130,'Fuel filter MEO35393- LFF3886',6.00,'MMM',0,0),(131,'Filtro de aceite de motor LF3349 ',12.00,'MMN',0,0),(132,'Filtro de combustible FC-5704',12.00,'MMN',0,0),(133,'Filtro de combustible 5076',12.00,'MMN',0,0),(134,'Filtro de transmisión 73162722',4.00,'MMN',0,0),(135,'Filtro de aire primario FA3358',6.00,'MMN',0,0),(136,'Filtro de aire secundario LAF1717',6.00,'MMN',0,0),(137,'Filtro de aceite de motor 234486',12.00,'MRH',0,0),(138,'Filtro de combustible secundario 1292226',12.00,'MRH',0,0),(139,'Filtro de combustible primario 2043673',12.00,'MRH',0,0),(140,'Filtro de aire primario 1209590',6.00,'MRH',0,0),(141,'Filtro de aire secundario 1209620',6.00,'MRH',0,0),(142,'Filtro hidráulico 1285491',4.00,'MRH',0,0),(143,'Filtro de dirección 2031492',4.00,'MRH',0,0),(144,'Trampa de agua FS19605',6.00,'MRH',0,0),(145,'Filtro de aceite motor LF3349',12.00,'MRV',0,0),(146,'Filtro de combustible FF5079',12.00,'MRV',0,0),(147,'Filtro de aire 32-917604',6.00,'MRV',0,0),(148,'Filtro de aire 32-917805',6.00,'MRV',0,0),(149,'Filtro separador K6732716120- FS1280',12.00,'MRV',0,0),(150,'Filtro hidráulico 02611-00045',4.00,'MRV',0,0),(151,'Filtro de aire 6115-81-7602',3.00,'MBK',0,0),(152,'Filtro de aire element 600-181-2300',3.00,'MBK',0,0),(153,'Filtro de aceite del motor 613-51-5120',6.00,'MBK',0,0),(154,'Filtro de combustible 600-311-8850',6.00,'MBK',0,0),(155,'Filtro de agua 600-411-1150',1.00,'MBK',0,0),(156,'Filtro de transmisión elemental 281-16-11290',2.00,'MBK',0,0),(157,'Filtro de hidráulico element 144-60-11160',2.00,'MBK',0,0),(158,'Filtro de aceite de motor 6742-01-4540',24.00,'MBKG',0,0),(159,'Filtro de aire KIT 600-185-5110',16.00,'MBKG',0,0),(160,'Filtro corrosión 600-411-1191',16.00,'MBKG',0,0),(161,'Filtro combustible6754-716130',16.00,'MBKG',0,0),(162,'Filtro cartridge 600-311-3620',16.00,'MBKG',0,0),(163,'Filtro transmisión 154-15-65560',5.00,'MBKG',0,0),(164,'Filtro hidráulico 14X60-31150',4.00,'MBKG',0,0),(165,'GALONES DE ACEITE 15W40C4',999.99,'LMVL',0,0),(166,'GALONES DE ACEITE 15W40C4',999.99,'LMVP',0,0),(167,'GALONES DE ACEITE 15W40C4',999.99,'LMMP',0,0),(168,'GALONES DE ACEITE SAE 80W90 GL-5',999.99,'LCCVL',0,0),(169,' GALONES DE ACEITE SAE 80W90 GL-6',999.99,'LCCVP',0,0),(170,'GALONES DE ACEITE SAE 80W90 GL-7',999.99,'LCCMP',0,0),(171,'GALONES DE ACEITE SAE 85W140 GL-5',999.99,'LDVL',0,0),(172,'GALONES DE ACEITE SAE 85W140 GL-6',999.99,'LDVP',0,0),(173,'GALONES DE ACEITE SAE 85W140 GL-7',999.99,'LDMP',0,0),(174,'GALONES DE ACEIITE DEXROM III',900.00,'LHMP',0,0),(175,'GALONES DE ACEITE ROCK DRILL 100- TORCULA 100',999.99,'LCMP',0,0),(176,' GALONES DE REFRGERANTE R-402A',499.00,'RPA',0,0),(177,' GALONES DE REFRGERANTE R-402A',500.00,'RPA',1,0),(178,'teste',20.00,'vwe',1,0),(179,'asasas',1.25,'asas',0,0),(180,'Aceite',30.00,'wewe',0,3),(181,'dddfdf',10.00,'uyu',0,2);
/*!40000 ALTER TABLE `repuestos` ENABLE KEYS */;
UNLOCK TABLES;

--
-- Table structure for table `tipo_falla`
--

DROP TABLE IF EXISTS `tipo_falla`;
/*!40101 SET @saved_cs_client     = @@character_set_client */;
/*!40101 SET character_set_client = utf8 */;
CREATE TABLE `tipo_falla` (
  `id` int(11) NOT NULL AUTO_INCREMENT,
  `nombre` varchar(512) NOT NULL,
  `descripcion` varchar(512) NOT NULL,
  `eliminado` int(11) NOT NULL DEFAULT '0',
  PRIMARY KEY (`id`)
) ENGINE=InnoDB AUTO_INCREMENT=58 DEFAULT CHARSET=latin1;
/*!40101 SET character_set_client = @saved_cs_client */;

--
-- Dumping data for table `tipo_falla`
--

LOCK TABLES `tipo_falla` WRITE;
/*!40000 ALTER TABLE `tipo_falla` DISABLE KEYS */;
INSERT INTO `tipo_falla` VALUES (1,'El vehículo no se enciende','El vehículo no se enciende',0),(2,'Nivel de refrigerante bajo','Nivel de refrigerante bajo',0),(3,'Nivel de líquido de frenos bajo','Nivel de líquido de frenos bajo',0),(4,'Nivel de líquido hidráulico bajo','Nivel de líquido hidráulico bajo',0),(5,'Batería descargada','Batería descargada',0),(6,'Presión del neumático inadecuado','Presión del neumático inadecuado',0),(7,'Fugas de aceite','Fugas de aceite',0),(8,'Fugas de combustible','Fugas de combustible',0),(9,'Fugas de refrigerante','Fugas de refrigerante',0),(10,'Halógenos quemados','Halógenos quemados',0),(11,'Ralentí inadecuado','Ralentí inadecuado',0),(12,'Temperatura del motor inadecuado','Temperatura del motor inadecuado',0),(13,'Ruidos extraños','Ruidos extraños',0),(14,'Bandas rotos','Bandas rotos',0),(15,'Paquetes de ballestas rotas','Paquetes de ballestas rotas',0),(16,'Amortiguadores deteriorados','Amortiguadores deteriorados',0),(17,'Gala la dirección al conducir','Gala la dirección al conducir',0),(18,'El vehículo enciende pero no tiene fuerza','El vehículo enciende pero no tiene fuerza',0),(19,'El vehículo enciende pero al acelerar se apaga','El vehículo enciende pero al acelerar se apaga',0),(20,'Luces de testigo se prenden en el tablero de instrumentos','Luces de testigo se prenden en el tablero de instrumentos',0),(21,'No entra la marcha','No entra la marcha',0),(22,'El vehículo  no acelera','El vehículo  no acelera',0),(23,'Se queda pegado el pedal del embrague','Se queda pegado el pedal del embrague',0),(24,'Elementos extraños incrustados en los neumáticos','Elementos extraños incrustados en los neumáticos',0),(25,'Terminales sucios o sueltos','Terminales sucios o sueltos',0),(26,'Mal funcionamiento de sistema de encendido','Mal funcionamiento de sistema de encendido',0),(27,'Baja compresión en los cilindros','Baja compresión en los cilindros',0),(28,'Defectos en el motor de arranque','Defectos en el motor de arranque',0),(29,'Succión de aire directa','Succión de aire directa',0),(30,'Detonación en los cilindros al exigir potencia al motor','Detonación en los cilindros al exigir potencia al motor',0),(31,'Bujía de mal estado o carbonizado','Bujía de mal estado o carbonizado',0),(32,'Mala sincronización','Mala sincronización',0),(33,'Junta de culata en mal estado','Junta de culata en mal estado',0),(34,'Carbón en la cámara de explosión','Carbón en la cámara de explosión',0),(35,'Válvulas de motor en mal estado y tolerancia','Válvulas de motor en mal estado y tolerancia',0),(36,'Filtros obstruidos','Filtros obstruidos',0),(37,'Bobina quemada','Bobina quemada',0),(38,'Defectos de modulo electrónico','Defectos de modulo electrónico',0),(39,'Conexiones eléctricas sueltas en el circuito de la bobina','Conexiones eléctricas sueltas en el circuito de la bobina',0),(40,'Interruptor de contacto defectuosos','Interruptor de contacto defectuosos',0),(41,'Anillos sincronizadores en mal estado','Anillos sincronizadores en mal estado',0),(42,'Kit de embrague defectuoso','Kit de embrague defectuoso',0),(43,'Palanca de cambios desconectada de su varillaje','Palanca de cambios desconectada de su varillaje',0),(44,'Engranes o ejes rotos de caja de cambios','Engranes o ejes rotos de caja de cambios',0),(45,'Rodamientos de ruedas dañadas','Rodamientos de ruedas dañadas',0),(46,'Engranajes de satélites en mal estado','Engranajes de satélites en mal estado',0),(47,'Retenes o sellos en mal estado','Retenes o sellos en mal estado',0),(48,'Desgaste general de conjunto de la dirección','Desgaste general de conjunto de la dirección',0),(49,'Roturas desgastadas','Roturas desgastadas',0),(50,'Pastillas o forros de friccione zapatas degastados','Pastillas o forros de friccione zapatas degastados',0),(51,'Fallas de servo freno','Fallas de servo freno',0),(52,'Pistones impulsores agarrotados','Pistones impulsores agarrotados',0),(53,'Disco y tambor de freno en mal estado','Disco y tambor de freno en mal estado',0),(54,'Cables o fusibles quemados','Cables o fusibles quemados',0),(55,'Inyectores obstruidos o desgastados','Inyectores obstruidos o desgastados',0),(56,'Turbo de los motores sobrealimentados','Turbo de los motores sobrealimentados',0),(57,'Otros','Otros',0);
/*!40000 ALTER TABLE `tipo_falla` ENABLE KEYS */;
UNLOCK TABLES;

--
-- Table structure for table `tipo_usuario`
--

DROP TABLE IF EXISTS `tipo_usuario`;
/*!40101 SET @saved_cs_client     = @@character_set_client */;
/*!40101 SET character_set_client = utf8 */;
CREATE TABLE `tipo_usuario` (
  `id` int(11) NOT NULL AUTO_INCREMENT,
  `nombre` varchar(45) NOT NULL,
  `descripcion` varchar(512) NOT NULL,
  PRIMARY KEY (`id`)
) ENGINE=InnoDB AUTO_INCREMENT=7 DEFAULT CHARSET=utf8;
/*!40101 SET character_set_client = @saved_cs_client */;

--
-- Dumping data for table `tipo_usuario`
--

LOCK TABLES `tipo_usuario` WRITE;
/*!40000 ALTER TABLE `tipo_usuario` DISABLE KEYS */;
INSERT INTO `tipo_usuario` VALUES (1,'Administrador','Jefe de Taller'),(2,'Secretario','Secretario general'),(3,'Conductor V. Livianos','Lista de Conductores de V. Livianos'),(4,'Conductor V.  Pesados','Lista de Conductores de V. Pesados'),(5,'Operario M. Pesada','Lista de Operarios de M. Pesados'),(6,'Técnico','Tecnicos de Mantenimiento');
/*!40000 ALTER TABLE `tipo_usuario` ENABLE KEYS */;
UNLOCK TABLES;

--
-- Table structure for table `tipo_vehiculo`
--

DROP TABLE IF EXISTS `tipo_vehiculo`;
/*!40101 SET @saved_cs_client     = @@character_set_client */;
/*!40101 SET character_set_client = utf8 */;
CREATE TABLE `tipo_vehiculo` (
  `id` int(11) NOT NULL AUTO_INCREMENT,
  `nombre` varchar(128) NOT NULL,
  `tipo_conductor` int(11) NOT NULL DEFAULT '0',
  `plan_mantenimiento` int(11) NOT NULL,
  `descripcion` varchar(512) NOT NULL,
  PRIMARY KEY (`id`)
) ENGINE=InnoDB AUTO_INCREMENT=15 DEFAULT CHARSET=latin1;
/*!40101 SET character_set_client = @saved_cs_client */;

--
-- Dumping data for table `tipo_vehiculo`
--

LOCK TABLES `tipo_vehiculo` WRITE;
/*!40000 ALTER TABLE `tipo_vehiculo` DISABLE KEYS */;
INSERT INTO `tipo_vehiculo` VALUES (1,'Automotor Liviano Gasolina Camioneta 4x2',3,1,'Automotores Livianos a Gasolina Camioneta 4x2'),(2,'Automotor Liviano Diesel Camioneta 4x2',3,2,'Automotores Livianos a Diesel Camioneta 4x2'),(3,'Automotor Pesados',4,3,'Automotores Pesados'),(4,'Maquinaria Rodillo',5,4,'Maquinaria - Rodillo'),(5,'Maquinaria Retroescabadora',5,5,'Maquinaria - Retroescabadora'),(6,'Maquinaria Cargadora Frontal',5,6,'Maquinaria - Cargadora Frontal'),(7,'Maquinaria Motoniveladora',5,7,'Maquinaria - Motoniveladora'),(8,'Maquinaria Bulldozer',5,8,'Maquinaria - Bulldozer'),(9,'Automotor Liviano Gasolina Camioneta 4x4',3,9,'Automotores Livianos a Gasolina  Camioneta 4x4'),(10,'Automotor Liviano Diesel Camioneta 4x4',3,10,'Automotores Livianos a Diesel Camioneta 4x4'),(11,'Automotor Liviano Gasolina SUV 4x2',3,11,'Automotores Livianos a Gasolina SUV 4x2'),(12,'Automotor Liviano Gasolina SUV 4x4',3,12,'Automotores Livianos a Gasolina SUV 4x4'),(13,'Automotor Liviano Diesel SUV 4x2',3,13,'Automotores Livianos a Diesel SUV 4x2'),(14,'Automotor Liviano Diesel SUV 4x4',3,14,'Automotores Livianos a Diesel SUV 4x4');
/*!40000 ALTER TABLE `tipo_vehiculo` ENABLE KEYS */;
UNLOCK TABLES;

--
-- Table structure for table `unidad`
--

DROP TABLE IF EXISTS `unidad`;
/*!40101 SET @saved_cs_client     = @@character_set_client */;
/*!40101 SET character_set_client = utf8 */;
CREATE TABLE `unidad` (
  `id` int(11) NOT NULL AUTO_INCREMENT,
  `nombre` varchar(64) NOT NULL,
  `descripcion` varchar(512) NOT NULL,
  PRIMARY KEY (`id`)
) ENGINE=InnoDB AUTO_INCREMENT=3 DEFAULT CHARSET=latin1;
/*!40101 SET character_set_client = @saved_cs_client */;

--
-- Dumping data for table `unidad`
--

LOCK TABLES `unidad` WRITE;
/*!40000 ALTER TABLE `unidad` DISABLE KEYS */;
INSERT INTO `unidad` VALUES (1,'Kilometros','Kilometros'),(2,'Horas','Horas');
/*!40000 ALTER TABLE `unidad` ENABLE KEYS */;
UNLOCK TABLES;

--
-- Table structure for table `usuario`
--

DROP TABLE IF EXISTS `usuario`;
/*!40101 SET @saved_cs_client     = @@character_set_client */;
/*!40101 SET character_set_client = utf8 */;
CREATE TABLE `usuario` (
  `id` int(11) NOT NULL AUTO_INCREMENT,
  `tipo_usuario_id` int(11) NOT NULL,
  `nombres` varchar(64) NOT NULL,
  `apellidos` varchar(64) NOT NULL,
  `identificacion` varchar(13) NOT NULL,
  `direccion` varchar(512) NOT NULL,
  `telefono` varchar(10) DEFAULT NULL,
  `celular` varchar(10) DEFAULT NULL,
  `email` varchar(128) DEFAULT NULL,
  `usuario` varchar(64) NOT NULL,
  `password` varchar(128) NOT NULL,
  `eliminado` int(11) NOT NULL DEFAULT '0',
  `vehiculos` int(11) NOT NULL DEFAULT '0',
  PRIMARY KEY (`id`),
  KEY `fk_tecnico_tipo_usuario_idx` (`tipo_usuario_id`),
  CONSTRAINT `fk_tecnico_tipo_usuario` FOREIGN KEY (`tipo_usuario_id`) REFERENCES `tipo_usuario` (`id`) ON DELETE NO ACTION ON UPDATE NO ACTION
) ENGINE=InnoDB AUTO_INCREMENT=81 DEFAULT CHARSET=utf8;
/*!40101 SET character_set_client = @saved_cs_client */;

--
-- Dumping data for table `usuario`
--

LOCK TABLES `usuario` WRITE;
/*!40000 ALTER TABLE `usuario` DISABLE KEYS */;
INSERT INTO `usuario` VALUES (1,1,'Romeo','Ochoa','0603108770','Ingapirca y 3 de Noviembre','023689434','0893456794','ochoa10@gmail.com','0603108770','e10adc3949ba59abbe56e057f20f883e',0,0),(2,3,'Víctor ','Peralta','0302548792','Huayna Cápac y 4 de noviembre','072805293','0984327518','peralta@gmail.com','0302548792','00c0f6bfa2085809290df2e2f12ef609',0,1),(3,3,'Homero ','Sacoto','0354568971','Luis cordero crespo y10 de agosto','072803459','0984237610','socoto12@hotmail.com','0354568971','52106661c408a40b8dcbd0426aece350',0,4),(4,3,'Germán ','Arévalo','0325689841','simón bolívar y Azuay','072877204','0983472832','arevalogerman34@gmail.com','0325689841','6003586dece5350aceb45057b209f7f6',0,1),(5,3,'Fernando ','Padrón','0354897625','Av. de los cañarís y miguel Heredia','072800351','0999294718','fernando11@hotmail.com','0354897625','6e9f4d98e7ad34ad4c55548485a74792',0,1),(6,3,'Juan ','Rivera','0302649813','AV francisco carrasco y cucal','072841568','0985193471','riverajuan50@gmail.com','0302649813','9b0201bbd48bf2bbb93ef39a6a403d19',0,1),(7,3,'Cornelio ','barahona','0102386294','AV Rumiñahui y pacha','072891263','0986385619','cordova65@htmail.com','0102386294','1d7d00ac50d39309d0c090a948b52c81',0,2),(8,3,'Luis ','García','0102886723','16 de abril y Vicente Aurelio crespo','072893512','0981458915','garcia@hotmail.com','0102886723','b116ba6a384cf80acdd0298efaa4f7d9',0,1),(9,3,'Wilmer ','Moncayo','0102007236','vía a cojitambo','072831941','0981724816','moncayo65@hotmail.com','0102007236','b10adb8b73492c0c90cb19d213502d55',0,1),(10,3,'David ','Palacios ','0102569815','AV. Andrés f. Córdova y Gral. enrique','072895139','0982381734','david77@hotmail.com','0102569815','4d3f09da2fcf2db216530508803643e1',0,1),(11,3,'Néstor ','Peralta','0302714921','calle Ingapirca y 6 de marzo','072877015','0982671530','nestor34@hotmail.com','0302714921','353ee5f32acb3fad376e5cf0155cae94',0,1),(12,3,'Cornelio ','Córdova','0302620481','1 de mayo y 6 de marzo','072865716','0984163489','cornelio55@hotmail.com','0302620481','364be1cfe58f09d689b192d1c127eace',0,0),(13,3,'Armando ','Vásquez','0301952046','Ayacucho y Azuay','072856124','0986347813','vasquez67@gmail.com','0301952046','f210a5f455b91000c8b203bf42571d4f',0,1),(14,3,'Galo ','Yépez','0301714692','juan Barahona R. y bellavista','072890537','0984771491','yepezgalo59@hotmail.com','0301714692','ca4a27e1b36afa5a31f01d60b9f87d10',0,1),(15,3,'Javier ','Crespo','0302606239','vía a guarangos chico','072856041','0984881915','crespojavier@34hotmail.com','0302606239','a84cb68f3b46f0f1b22b7fc1320a524e',0,1),(16,3,'Carlos ','González','0326983458','vía a rumihurco','072834651','0984180237','Gonzales89@gmail.com','0326983458','bd9ea421777ca0c0f3dc8e49bb4e3c40',0,1),(17,3,'Edwin ','Calderón','0301368251','autopistas de azogue- cuenca km 35','072898124','0981983716','calderonedwin@hotmail.com','0301368251','bb58c25cd82a5176633b6e9cf5ea29d7',0,1),(18,3,'Alberto ','Quishpe','0302641088','san judas Toledo','072845168','0983561813','albertoquishpe12@gmail.com','0302641088','1811174e184c52cadd46fedf1e8d7e7b',0,1),(19,3,'Horacio ','Urgiles','0102673794','julio tibias torre y calle del maestro','072831941','0983294578','urgiles12@hotmail.com','0102673794','1018b37e49eef6f44e8a78297b6127b7',0,1),(20,4,'Miguel ','Cárdenas','0302638721','AV. 10 de agosto y Jacinto flores','072812548','0984716917','cardenas@gmail.com','0302638721','7c12e9579c61c56e610b1022b93e31fc',0,1),(21,4,'Rolando ','Calle','0302759266','Belisario Andrade y miguel moreno','072845891','0987236577','calle34@gmail.com','0302759266','1b5726019fd6e490c66dbdf6fd448f6e',0,1),(22,4,'Fernando ','Guamán','0301739265','Vega y Nicanor Aguilar','072878345','0988662356','Guaman12@gmail.com','0301739265','79e9bc7ad65c8a587de32881ccb595b3',0,1),(23,4,'Carlos ','Ojeda','0301745680','Honorato Loyola y Agustín cueva','072856389','0986784566','Ojeda34@hotmail.com','0301745680','3029b6a0f094b83e24a20ed06c63117a',0,1),(24,4,'Wilson',' Torres','0301409927','Tarquí y gran Colombia','072846790','0981386746','torresw@hotmail.com','0301409927','9f76e6cfbb24f61d5eff36369ecd1f14',0,1),(25,4,'Efraín ','Espinoza','0302606197','Mariscal sucre y benigno malo','072854127','0986153471','espinoza@gmail.com','0302606197','38b6b7fd21f50b7f93b27662e61d3bf3',0,1),(26,4,'Justiniano ','Arce','0306588258','Calle larga mariano cueva','072832315','0984569827','arce@gmail.com','0306588258','2378bfb73f67dd9a603320e10765ddbd',0,1),(27,4,'Bolívar ','Sanmartín','0302769158','José ortega y pucara','072899163','0981638165','Sanmartin45@yahoo.com','0302769158','b247f7312ba0248ee2639a57be5e5007',0,1),(28,4,'Eduardo ','Palacios','0302679868','Ordeñes lazo y los pinos','072879173','0988346716','Palacios45@gmail.com','0302679868','e6670aa0255b1db924d35e7eefa5cc04',0,1),(29,4,'Wilson ','Humala','0302784649','Av. las américa y el tejar','072867195','0998567788','Humala98@gmail.com','0302784649','6a798d372e5f1723d94b554f7c78b971',0,1),(30,4,'Marcelo',' Velecela','0386458293','Gran Colombia y capulíes','072890167','0986772346','Velecela23@hotmail.com','0386458293','3926639eb408f3e4ee346e823608ae62',0,1),(31,4,'Alfonzo ','Vázquez','0302864517','Gran Colombia y capulíes','072890167','0986772346','Vazquez88@gmail.com','0302864517','6d5ba46c22312ce4c6fc680dae4109be',1,0),(32,4,'Alfonzo ','Vázquez','0302864517','Latinoamérica y puerto rico','072809018','0984675518','Vazquez88@gmail.com','0302864517','6d5ba46c22312ce4c6fc680dae4109be',0,1),(33,4,'Pedro ','Cáceres','0302764915','Argentinos y Padua','072876183','0983791347','Cacres386@gmail.com','0302764915','09ecd5093a6857447535e5d3237af3f4',0,1),(34,4,'Javier',' Amoroso','0302754823','Av. Loja y Cristóbal colon','072878981','0983671934','Amoroso865@hotmail.com','0302754823','c680e072e481793c1a2a11853cec6518',0,1),(35,4,'Edgar ','Gonzales','0302756786',' Santa maría y puertos de palacios','072856172','0986209017','Gonzales87@gmail.com','0302756786','72df34a1e60124001c90a07dd2c6cba7',0,1),(36,4,'Geovanny  ','Gonzalez','0300400058','Miguel días y francisco davalas','072834167','0982724719','Gonzales3@gmail.com','0300400058','b99a379b72792c0d2b4733f6ef322484',0,1),(37,4,'Raúl ','Guamán','0301867271','Agustín cueva y Inés salcedo','072837136','0985671810','guamanancito@gmail.com','0301867271','feeb0b090ba85a161158f6adfa772556',0,1),(38,4,'Wilmer ','Moncayo','0300514361','Simón bolívar y hermano miguel','072836179','0984623917','monacayo@gmail.com','0300514361','a890599f6eeb3f0e51d50299ee33bdb2',1,0),(39,4,'Wilmer ','Moncayo','0300514361','Simón bolívar y hermano miguel','072836179','0984623917','monacayo@gmail.com','0300514361','a890599f6eeb3f0e51d50299ee33bdb2',0,1),(40,4,'Luis ','Espinoza','0302453568','Calle larga y tomas Ordoñez','072856910','0984101128','Espinoza8@hotmail.com','0302453568','443b879b0d4791398612ad44b7af9024',0,1),(41,4,'Patricio ','Carabajo','0301297552','Paseo de los cañarís y yanarhurco','072867164','0987193728','Carabajo89@hotmail.com','0301297552','aa13d4330429ab3fa0766ae12f12510a',0,1),(42,4,'Remigio',' Bravo','0300509817','Saraurco y bueran','072847195','0986183487','Bravo44@hotmail.com','0300509817','e882277a6d68a07d9d5e78aa88c42df8',0,1),(43,5,'Ángel ','Sibri','0301042669',' tarqui y chimborazo','072867465','0984764614','silvi19@hotmail.com','0301042669','0c49311e7efbf927e2754e86b7e852da',0,3),(44,5,'Edison ','Bermejo','0301057386','José peralta y Andrés f córdoba','072856371','0987152638','bermejo98@gmail.com','0301057386','7f162327d64bbe0474f85f05766f8e42',0,1),(45,5,'Javier ','Sanchez','0300789872','Cristóbal colon y 10 de agosto','072845671','0983481734','sanchez34@gmail.com','0300789872','0c1b88e22a74790a80c7816f72455068',0,1),(46,5,'Cristian ','Heredia','0300574951','4 de octubre y Jaime roldas','072847671','0984761839','heredia34@hotmail.com','0300574951','c08f161c723a2a207f50552c79e78e74',0,1),(47,5,'Luis ','Freire','0301156329','Guayaquil y 9 de octubre','072847390','0983781628','freire12@gmail.com','0301156329','0f9a7407c55724bc4566ab56107b199d',0,1),(48,5,'Fredy ','Espinoza','0302230636','tres de noviembre y Arturo ordenes','072811498','0984173928','espinoza43@gmail.com','0302230636','c92fc0c6c3beade6850afce298efd605',0,1),(49,5,'Andrés ','Parra','0300693116',' miguel carrasco y carrera ingapirca','072909184','0985172837','parra84@gmail.com','0300693116','ce103901c0b2257019768101e28ff4bb',0,1),(50,5,'Ángel ','Crespo','0301156063','ramón borrero y amazonas','072856183','0984183918','crespo998@gmail.com','0301156063','47c6f4a07405c43ea61fb8b6cdf9f269',0,1),(51,5,'Jimmy ','Sacta','0301942934',' juan Jaramillo y Colombia','073098184','0984173867','sacta987@hotmail.com','0301942934','7d588559106c8192179a6b67eda009ef',0,1),(52,5,'Jaime ','Jara','0300507712','Av. Daniel muñoz y circunvalación','072867093','0984182737','jara293@hotmail.com','0300507712','e689c41fc1d7f66a33cdba355ebce9fc',0,1),(53,5,'Diego ','Moscoso','0302339312','panamericana sur km 35','072867182','0984182735','moscoso12@gmail.com','0302339312','4f877fbd7f47d11884814ae4f83f31db',0,1),(54,5,'Patricio ','Suarez','0300739463','Av. paraíso y granado','072867193','0984813467','suarez182@gmail.com','0300739463','84bd30657813841c02df1cd9d7ec615c',0,1),(55,5,'Remigio ','León','0302710611','Emilio izquierdo y segundo Méndez','072837481','0984781728','leon34@gmail.com','0302710611','742a5deb6754038282c90f2f08887d82',0,1),(56,5,'José Luis ','Ávila','0300729738','cacha y Rumiñahui','072898174','0984568718','avila23@gmail.com','0300729738','a32733cd3d7f9a80e26388a4831483ad',0,1),(57,5,'Álvaro ','Chacha','0300334455','Demetrio agilar y bayas','072897674','0984736817','chacha345@gmail.com','0300334455','18eda300c34e01f266bcce3f9a04ecdb',0,1),(58,5,'Carlos ','Buestan','0300517604','av. de los alcaldes 5 de mayo','072867162','0983781615','carlos234@gmail.com','0300517604','72978e6837a59ce3e92726e2225a2304',0,2),(59,5,'Bolívar',' Sacoto','0300780848','15 de noviembre y veintiocho de mayo','072867192','0983172836','sacoto34@hotmail.com','0300780848','83a79e25a1a61c295afb7e9b5dee6cc6',0,1),(60,5,'Luis ','Pinos','0301459152',' Vicente Rocafuerte y Rocafuerte','072856100','0985182719','pinos12@hotmail.com','0301459152','189fa6ed378c32685410f749866c5fc4',0,1),(61,5,'Juvenal ','Calle','0300997046','9 de octubre y Loja','072856139','0984713867','calle284@hotmail.com','0300997046','725620a65f128461ac1a157c1c982ba5',0,1),(62,5,'Manuel ','vallejo','0300217148','España y colon','072867183','0984562837','vallejo231@hotmail.com','0300217148','390d0d22879b28f8014559ab1d8144b5',0,1),(63,5,'Víctor ','León ','0301106555',' 4 de octubre y espejo','072856761','0984341728','leon586@gmail.com','0301106555','1c5186eefd0375cc9c7501bb102a574a',0,1),(64,5,'Rafael','Calle','0300834363','Ayacucho y peralta','072856187','0984285618','calle13@hotmail.com','0300834363','450d89f7e6e2b9cdd09d6534b9aad9d1',0,1),(65,6,'Pablo ','Muñoz','0300417268','Córdova y García Moreno','072835476','0982637354','pablo23@gmail.com','0300417268','c92c5cd7542e25cbce21a45441e1549c',0,0),(66,6,'Rafael ','buestan','0300457793','miguel Escandón y colon','072863719','0984712946','Rafael87@gmail.com','0300457793','bc05afc7529c4e0b4db7123c8c3d2edd',0,0),(67,6,'Miguel ','Naula','0302567816','sauces y pinos','072856871','0987264917','Naula12@gmail.com','0302567816','b89de7c575047de1604e0499c97401c3',0,0),(68,6,'Marcelo ','Carangui','0300891017','9 de octubre y Guayaquil','072856903','0986183749','Carangui54@hotmail.com','0300891017','698f3ac11a85c0dc3e2fe475c14f18b4',0,0),(69,6,'Oswaldo',' ortega','0302225479','España y Francia','072937487','0983183740','Ortega87@gmail.com','0302225479','62963233c95b73158b98f0a4ea00a2b0',0,0),(70,6,'Oswaldo',' Ochoa','0300489960','av. américa y torres','072918276','0987192837','Ochoa87@gmail.com','0300489960','7838bf6dee8362747f3b3887fa918d90',0,0),(71,2,'Carlos','Vasquez','0302456781','Guayaquil y 3 de noviembre','070245879','0984887030','vasquezcarlos@gmail.com','0302456781','e10adc3949ba59abbe56e057f20f883e',0,0),(72,3,'David','Cordova','0502342134','Guayaquil y 4 de junio','078345677','0987766634','cordovad@hotmail.com','0502342134','4e99c212b5734f6638567eeee1057ded',0,3),(73,3,'Xavier','Paramo','0567432687','ciudadela angel maria inglsias','078656345','0987650943','paramox@hotmail.com','0567432687','2cf386078c5c81799ee5a19326bada2b',0,1),(74,3,'Hernan ','Silva','0564352682','ingapirca y 24 de mayo','078656456','0987667354','hsilva@gmail.com','0564352682','887195f9c07ba84af7942698695c9532',0,1),(75,3,'Jorge','Alvares','0564425669','10 de agosto y 3 de noviembre','078859385','0986467556','alvaresjo@gmail.com','0564425669','5e53fca46f7bc8c7ad220fa4b927c924',0,2),(76,3,'Joel','Cabrera','0552342875','10 agosto y ayacucho','078535431','0998625342','cabrera10@hotmail.com','0552342875','3fff4e11835f125e1768775a079c4074',0,1),(77,3,'José','Bermeo','05634565289','Roca fuerte y 24 de junio','078532134','0986559890','bermeoj@gmail.com','05634565289','973c7476d7bc3a342fc8e516d0d7f3a1',0,1),(78,6,'Marco','Contreras','0556436721','Javier Oyola y tarqui','076553284','0987656775','contrearas11@gmail.com','0556436721','c427a00dcc26432c357630d00f130ae1',0,0),(79,6,'Carlos','Ochoa','0557646237','San Bruno','078564464','0998765646','ochoacarlos@gmail.com','0557646237','c65254ecbfbcc8ce9a5363a578baa8bb',0,0),(80,6,'Wilmer','Narvaes','0556743698','ingapirca y 24 de mayo','078654789','0998765787','narvaes14@hotmail.com','0556743698','9de8294e3585754cfc19b1255bc7fd5b',0,0);
/*!40000 ALTER TABLE `usuario` ENABLE KEYS */;
UNLOCK TABLES;

--
-- Table structure for table `vehiculo`
--

DROP TABLE IF EXISTS `vehiculo`;
/*!40101 SET @saved_cs_client     = @@character_set_client */;
/*!40101 SET character_set_client = utf8 */;
CREATE TABLE `vehiculo` (
  `id` int(11) NOT NULL AUTO_INCREMENT,
  `usuario_id` int(11) NOT NULL,
  `tipo_vehiculo_id` int(11) NOT NULL,
  `estado_vehiculo_id` int(11) NOT NULL,
  `placa` varchar(10) NOT NULL,
  `numero` varchar(64) NOT NULL,
  `marca` varchar(128) NOT NULL,
  `modelo` varchar(64) DEFAULT NULL,
  `anio` int(11) NOT NULL,
  `numero_motor` varchar(64) NOT NULL,
  `numero_chasis` varchar(64) NOT NULL,
  `medida_uso` double NOT NULL,
  `eliminado` int(11) NOT NULL DEFAULT '0',
  `url` varchar(512) DEFAULT NULL,
  PRIMARY KEY (`id`),
  KEY `fk_vehiculo_estado_vehiculo1_idx` (`estado_vehiculo_id`),
  KEY `fk_vehiculo_usuario1_idx` (`usuario_id`),
  KEY `fk_vehiculo_tipo_vehiculo1_idx` (`tipo_vehiculo_id`),
  CONSTRAINT `fk_vehiculo_estado_vehiculo1` FOREIGN KEY (`estado_vehiculo_id`) REFERENCES `estado_vehiculo` (`id`) ON DELETE NO ACTION ON UPDATE NO ACTION,
  CONSTRAINT `fk_vehiculo_tipo_vehiculo1` FOREIGN KEY (`tipo_vehiculo_id`) REFERENCES `tipo_vehiculo` (`id`) ON DELETE NO ACTION ON UPDATE NO ACTION,
  CONSTRAINT `fk_vehiculo_usuario1` FOREIGN KEY (`usuario_id`) REFERENCES `usuario` (`id`) ON DELETE NO ACTION ON UPDATE NO ACTION
) ENGINE=InnoDB AUTO_INCREMENT=70 DEFAULT CHARSET=latin1;
/*!40101 SET character_set_client = @saved_cs_client */;

--
-- Dumping data for table `vehiculo`
--

LOCK TABLES `vehiculo` WRITE;
/*!40000 ALTER TABLE `vehiculo` DISABLE KEYS */;
INSERT INTO `vehiculo` VALUES (1,3,9,1,'UBW0193','2','CHEVROLET','LUV C-D V6 4X4',2015,'6BD1-175945','8LBETFS25H40113947',94000,0,'vehiculo162304114.jpg'),(2,9,9,1,'UEA0092','8','MITSUBISHI','L-200(4X4)',2003,'4G64AC0323','MMBJNK7503D017644',244654,0,'vehiculo1661704418.jpg'),(3,10,9,1,'UBW0194','10','CHEVROLET','LUV C-D V6 4X4',2004,'6VD1-172980','8LBTFS25H40113827',265124,0,'vehiculo292065620.jpg'),(4,11,9,1,'UMA0524','11','MAZDA','BT-50 CD 4X4',2009,'G6373760','8LFUNY0689M000786',176345,0,'vehiculo1548516357.jpg'),(5,7,9,1,'UMA0525','12','MAZDA','BT-50 CD 4X4',2009,'G6374227','8LFUNY0689M000834',189456,0,'vehiculo1930553738.jpg'),(6,13,9,1,'UMA0523','13','MAZDA','BT-50 CD 4X4',2009,'G6374361','8LFUNY0689M000806S',185345,0,'vehiculo199562362.jpg'),(7,14,9,1,'USA1209','14','CHEVROLET','LUV D-MAX  4X4',2011,'6EB1-290091','8LBETF361B0071395',118457,0,'vehiculo914724997.jpg'),(8,16,9,1,'USA1212','16','CHEVROLET','LUV D-MAX  4X4',2011,'6BE1-293688','8LBETF360B0108565',121567,0,'vehiculo28873670.jpg'),(9,18,9,1,'USA1214','18','CHEVROLET','LUV C-D V6 4X4',2012,'6BE1293935','8LBETF3GXC0114620',110367,0,'vehiculo266381460.jpg'),(10,6,9,1,'UMA0067','5','TOYATA','HILUX 4X4',2007,'6321258','8XA33NV2679003663',177616,0,'vehiculo400801798.jpg'),(11,19,9,1,'UMA0522','9','MAZDA','BT-50 CD 4X4',2009,'G6374362','8LFUNY0689M000819',185723,0,'vehiculo710589919.jpg'),(12,2,10,1,'USA1230','1','CHEVROLET','D-MAX  4X4 DIESEL',2015,'4JJLX9761','8LBETF3N7F0267815',61000,0,'vehiculo1688250280.jpg'),(13,4,10,1,'USA01229','3','CHEVROLET','D-MAX  4X4 DIESEL',2013,'4JH1-347654','8LBET3E9D0210030',95275,0,'vehiculo50178308.jpg'),(14,5,10,1,'USA01232','4','CHEVROLET','D-MAX  4X4 DIESEL',2015,'4JJLX9755','8LBETF3N5F0267814',75138,0,'vehiculo457864357.jpg'),(15,7,10,1,'USA1231','6','CHEVROLET','D-MAX  4X4 DIESEL',2015,'4JJ1LX9751','8LBETF3N9F0267816',85174,0,'vehiculo385644332.jpg'),(16,8,10,1,'USA1228','7','CHEVROLET','D-MAX  4X4 DIESEL',2013,'4JH1-347912','8LBTF3E1D0210037',98456,0,'vehiculo406721816.jpg'),(17,15,10,1,'USA01208','15','CHEVROLET','D-MAX  4X4 DIESEL',2011,'4JH1-924064','8LBETF3E0B0072214',120367,0,'vehiculo380824856.jpg'),(18,17,10,1,'USA1213','17','CHEVROLET','D-MAX  4X4 DIESEL',2011,'4JH1-113469','8LBETETF3E7B0106567',138290,0,'vehiculo1739202222.jpg'),(19,20,3,1,'UMA-058','30','HINO','GH1JGUD',2010,'J08CTT23406','JHDG1JGU6XX10437',244654,0,'vehiculo750759668.jpg'),(20,21,3,1,'UMA-056','31','HINO','GH1JGUD',2008,'J08CTT23407','JHDGH1JGU6XX10438',237490,0,'vehiculo1719478478.jpg'),(21,22,3,1,'UMA-061','32','HINO','GH1JGUD',2007,'J08CTT23375','JHDGH1JGU6XX10435',298301,0,'vehiculo849903017.jpg'),(23,23,3,1,'UMA-062','33','HINO','GH1JGUD',2011,'J08CTT23354','GHDGH1JGU6XX10432',259137,0,'vehiculo131558347.jpg'),(24,24,3,1,'UMA-060','34','HINO','GH1JGUD',2010,'G08CTT23446','JJHDGH1JGU6XX10444',187273,0,'vehiculo709555405.jpg'),(25,25,3,1,'USA-1205','35','HINO','GH1JGUD',2009,'J08CTT40248','9F3GH1JGUAXX13128',189376,0,'vehiculo1742373043.jpg'),(26,26,3,1,'USA-1203','36','HINO','GH1JGUD',2010,'J08CTT40249','9F3GH1JGUAXX13129',158294,0,'vehiculo46565854.jpg'),(27,27,3,1,'USA-1204','37','HINO','GH1JGUD',2011,'J0BCTT40339','9F3GH1JGUAXX13130',234098,0,'vehiculo996649986.jpg'),(28,28,3,1,'USA-1202','38','HINO','GH1JGUD',2012,'J08CTT40251','9F3GH1JGUAXX13131',245018,0,'vehiculo1678928913.jpg'),(29,29,3,1,'USA-1206','39','HINO','GH1JGUD',2013,'J08CTT40339','9F3GH1JGUAXX13133',110234,0,'vehiculo946168400.jpg'),(30,30,3,1,'USA-1201','40','HINO','GH1JGUD',2014,'J08CTT40341','9F3GH1JGUAXX13134',103629,0,'vehiculo1894028149.jpg'),(31,32,3,1,'USA-01222','41','WOLKSWAGEN','17.220 4X2',2011,'36236826','9533M82T5BR113508',220174,0,'vehiculo1308416206.jpg'),(32,33,3,1,'USA-1217','42','WOLKSWAGEN','17.220 4X2',2013,'36238089','9533M82T9BR115505',190234,0,'vehiculo917236115.jpg'),(33,34,3,1,'USA-01219','43','WOLKSWAGEN','17.220 4X2',2012,'36238085','9533M82T8BR115320',156729,0,'vehiculo2130088939.jpg'),(34,35,3,1,'USA-1220','44','WOLKSWAGEN','17.220 4X2',2012,'36287031','9533M82T1CR148290',160782,0,'vehiculo1210551210.jpg'),(35,36,3,1,'USA-1216','45','WOLKSWAGEN','17.220 4X2',2014,'36285471','9533M82T2CR149173',120385,0,'vehiculo45371014.jpg'),(36,37,3,1,'USA-01215','46','WOLKSWAGEN','17.220 4X2',2006,'36285463','9533M82T4CR147442',301297,0,'vehiculo720453546.jpg'),(37,39,3,1,'USA-1233','47','HINO','GH1JGUD',2005,'E13CWT10120','JHDSS1EKSEXX10041',307194,0,'vehiculo1483122056.jpg'),(38,40,3,1,'USA-1234','48','HINO','GH1JGUD',2007,'J08EUD21354','9F3GH8JGSEXX22721',302692,0,'vehiculo674133948.jpg'),(39,41,3,1,'USA-1235','49','HINO','GH1JGUD',2008,'J08EUD2135','9F3GH8JGSEXX12719',234769,0,'vehiculo507232840.jpg'),(40,42,3,1,'USA-1236','50','HINO','GH1JGUD',2007,'J08EUD21353','9F3EH8JGSEXX12720',289120,0,'vehiculo1004588300.jpg'),(41,60,8,1,'S-N','1','KOMATSU','D85EX-15',2007,'6D12552861','47630',0,0,'vehiculo1265930253.jpg'),(42,61,8,1,'S-N','2','KOMATSU','D85EX-15',2008,'6D125-52862','47631',0,0,'vehiculo1947913902.jpg'),(43,62,8,1,'S-N','3','KOMATSU','D85EX-15',2007,'6D114-26850982','69284',0,0,'vehiculo59870686.jpg'),(44,63,8,1,'S-N','4','KOMATSU','D85EX-15',2007,'6D114-26850984','69281',0,0,'vehiculo173882676.jpg'),(45,64,8,1,'S-N','5','KOMATSU','D85EX-15',2007,'6D114-26858157','71565',0,0,'vehiculo890344017.jpg'),(46,43,4,1,'S-N','1','DYNAPAC','A2500',2002,'21865520','CA260#78220408',0,0,'vehiculo56547947.jpg'),(47,44,4,1,'S-N','2','DYNAPAC','CA4600',2003,'23456863','JCB1800298',0,0,'vehiculo895471495.jpg'),(48,45,4,1,'S-N','3','HAMM','CA4600',2005,'34567784','JCB1800299',0,0,'vehiculo1350220605.jpg'),(49,46,4,1,'S-N','4','HAMM','A2500',2006,'10951501','H206319',0,0,'vehiculo668036414.jpg'),(50,47,4,1,'S-N','5','HAMM','CA4600',2002,'11091984','H2060728',0,0,'vehiculo746985253.jpg'),(51,48,5,1,'S-N','1','NEWHOLLAND','555E.',2010,'234568356','HDFB46E757YF',0,0,'vehiculo928932100.jpg'),(52,49,5,1,'S-N','2','HYUNDAY','R 55-7',2009,'R00078X','HHKHU601JD0000425',0,0,'vehiculo693570742.jpg'),(53,50,6,1,'S-N','1','KOMATSU','WA320 (110)',2012,'26518093','75353',0,0,'vehiculo1493876325.jpg'),(54,51,6,1,'S-N','2','KOMATSU','WA320 (110)',2009,'26528413','75572',0,0,'vehiculo431858208.jpg'),(55,52,6,1,'S-N','3','KOMATSU','WA320 (110)',2006,'TS-6D95L1-165787','50395',0,0,'vehiculo880045581.jpg'),(56,53,6,1,'S-N','4','DAEWOO','DL300A',2007,'D1146T200912LB','1038',0,0,'vehiculo1717884973.jpg'),(57,54,6,1,'S-N','5','DAEWOO','DL300A',2005,'D1116T-506817LB','DKHKLAAOP65003060',0,0,'vehiculo1814762475.jpg'),(58,55,7,1,'S-N','1','MITSUBISHI1','gd675-5',2004,'A379781485','4GA00936',0,0,'vehiculo1373958465.jpg'),(59,56,7,1,'S-N','2','NEWHOLLAND','gd675-5',2006,'104899','10248',0,0,'vehiculo1831255769.jpg'),(60,57,7,1,'S-N','3','NEWHOLLAND','gd675-5',2010,'46146097','210841',0,0,'vehiculo887163101.jpg'),(61,58,7,1,'S-N','4','NEWHOLLAND','RG170B',2013,'30379286','N6AF00215',0,0,'vehiculo1721250533.jpg'),(62,59,7,1,'S-N','5','NEWHOLLAND','RG170B',2011,'30382208','N6AF00298',0,0,'vehiculo1635784433.jpg'),(63,72,9,1,'UTC1205','22','Toyota','hilux 4x4',2016,'762245MGT556','56722NJF56643',5100,1,'vehiculo950530132.jpg'),(64,73,9,1,'UPC2406','23','Toyota','hilux 4x4',2016,'456732JY7664','56743JKM989',5200,1,'vehiculo797285524.jpg'),(65,74,9,1,'UER0818','24','Mazda ','BT-50 CD 4X4',2017,'665473LYT87756','6754356KL67558',400,0,'vehiculo2016546522.jpg'),(66,75,9,1,'UER0918','25','Mazda ','BT-50 CD 4X4',2017,'9877675TRE87756','675577JHG6754',500,0,'vehiculo33019645.jpg'),(67,75,9,1,'UYT234','26','Chevrolet','D-MAX 4X4 ',2017,'65432625RED66545','43266GTR7864',300,0,'vehiculo1962865609.jpg'),(68,76,9,1,'URT2314','27','Chevrolet','D-MAX 4X4 ',2016,'76455894RTE567','453627UYT678',200,0,'vehiculo379876909.jpg'),(69,77,9,1,'UTC1285','28','Chevrolet','D-MAX 4X4 ',2017,'96543765RTE6577','65547893GTRE6778',500,0,'vehiculo1092593054.jpg');
/*!40000 ALTER TABLE `vehiculo` ENABLE KEYS */;
UNLOCK TABLES;

--
-- Table structure for table `vehiculo_plan`
--

DROP TABLE IF EXISTS `vehiculo_plan`;
/*!40101 SET @saved_cs_client     = @@character_set_client */;
/*!40101 SET character_set_client = utf8 */;
CREATE TABLE `vehiculo_plan` (
  `id` int(11) NOT NULL AUTO_INCREMENT,
  `vehiculo_id` int(11) NOT NULL,
  `plan_mantenimiento_id` int(11) NOT NULL,
  `numero_operacion` decimal(10,2) NOT NULL DEFAULT '0.00',
  `fecha_registro` date NOT NULL,
  `fecha_inicio` date NOT NULL,
  `eliminado` tinyint(4) NOT NULL DEFAULT '0',
  PRIMARY KEY (`id`),
  KEY `fk_vehiculo_plan_vehiculo1_idx` (`vehiculo_id`),
  KEY `fk_vehiculo_plan_plan_mantenimiento1_idx` (`plan_mantenimiento_id`),
  CONSTRAINT `fk_vehiculo_plan_plan_mantenimiento1` FOREIGN KEY (`plan_mantenimiento_id`) REFERENCES `plan_mantenimiento` (`id`) ON DELETE NO ACTION ON UPDATE NO ACTION,
  CONSTRAINT `fk_vehiculo_plan_vehiculo1` FOREIGN KEY (`vehiculo_id`) REFERENCES `vehiculo` (`id`) ON DELETE NO ACTION ON UPDATE NO ACTION
) ENGINE=InnoDB AUTO_INCREMENT=91 DEFAULT CHARSET=latin1;
/*!40101 SET character_set_client = @saved_cs_client */;

--
-- Dumping data for table `vehiculo_plan`
--

LOCK TABLES `vehiculo_plan` WRITE;
/*!40000 ALTER TABLE `vehiculo_plan` DISABLE KEYS */;
INSERT INTO `vehiculo_plan` VALUES (1,63,2,999.99,'2017-07-24','2017-07-24',0),(2,63,5,999.99,'2017-07-24','2017-07-24',0),(3,63,6,999.99,'2017-07-24','2017-07-24',0),(4,63,7,999.99,'2017-07-24','2017-07-24',0),(5,63,10,999.99,'2017-07-24','2017-07-24',0),(6,63,14,999.99,'2017-07-24','2017-07-24',0),(7,63,15,999.99,'2017-07-24','2017-07-24',0),(8,63,17,999.99,'2017-07-24','2017-07-24',0),(9,63,18,999.99,'2017-07-24','2017-07-24',0),(10,63,20,999.99,'2017-07-24','2017-07-24',0),(11,63,61,999.99,'2017-07-24','2017-07-24',0),(12,63,68,999.99,'2017-07-24','2017-07-24',0),(13,63,72,999.99,'2017-07-24','2017-07-24',0),(14,63,76,999.99,'2017-07-24','2017-07-24',0),(15,63,82,999.99,'2017-07-24','2017-07-24',0),(16,63,84,999.99,'2017-07-24','2017-07-24',0),(17,63,130,999.99,'2017-07-24','2017-07-24',0),(18,63,131,999.99,'2017-07-24','2017-07-24',0),(19,63,132,999.99,'2017-07-24','2017-07-24',0),(20,63,133,999.99,'2017-07-24','2017-07-24',0),(21,63,134,999.99,'2017-07-24','2017-07-24',0),(22,63,135,999.99,'2017-07-24','2017-07-24',0),(23,63,136,999.99,'2017-07-24','2017-07-24',0),(24,63,137,999.99,'2017-07-24','2017-07-24',0),(25,63,138,999.99,'2017-07-24','2017-07-24',0),(26,63,139,999.99,'2017-07-24','2017-07-24',0),(27,63,140,999.99,'2017-07-24','2017-07-24',0),(28,63,141,999.99,'2017-07-24','2017-07-24',0),(29,63,142,999.99,'2017-07-24','2017-07-24',0),(30,63,143,999.99,'2017-07-24','2017-07-24',0),(31,63,144,999.99,'2017-07-24','2017-07-24',0),(32,63,145,999.99,'2017-07-24','2017-07-24',0),(33,63,146,999.99,'2017-07-24','2017-07-24',0),(34,1,2,6710.00,'2017-07-25','2017-07-25',0),(35,1,5,6760.00,'2017-07-25','2017-07-25',0),(36,1,6,7110.00,'2017-07-25','2017-07-25',0),(37,1,7,6740.00,'2017-07-25','2017-07-25',0),(38,1,10,6840.00,'2017-07-25','2017-07-25',0),(39,1,14,6940.00,'2017-07-25','2017-07-25',0),(40,1,15,7040.00,'2017-07-25','2017-07-25',0),(41,1,17,7140.00,'2017-07-25','2017-07-25',0),(42,1,18,7170.00,'2017-07-25','2017-07-25',0),(43,1,20,6390.00,'2017-07-25','2017-07-25',0),(44,1,61,6390.00,'2017-07-25','2017-07-25',0),(45,1,68,6390.00,'2017-07-25','2017-07-25',0),(46,1,72,6390.00,'2017-07-25','2017-07-25',0),(47,1,76,6390.00,'2017-07-25','2017-07-25',0),(48,1,82,6390.00,'2017-07-25','2017-07-25',0),(49,1,84,6390.00,'2017-07-25','2017-07-25',0),(50,1,130,6390.00,'2017-07-25','2017-07-25',0),(51,1,131,6390.00,'2017-07-25','2017-07-25',0),(52,1,132,6390.00,'2017-07-25','2017-07-25',0),(53,1,133,6390.00,'2017-07-25','2017-07-25',0),(54,1,134,6390.00,'2017-07-25','2017-07-25',0),(55,1,135,6390.00,'2017-07-25','2017-07-25',0),(56,1,136,6390.00,'2017-07-25','2017-07-25',0),(57,1,137,6390.00,'2017-07-25','2017-07-25',0),(58,1,138,6390.00,'2017-07-25','2017-07-25',0),(59,1,139,6390.00,'2017-07-25','2017-07-25',0),(60,1,140,6390.00,'2017-07-25','2017-07-25',0),(61,1,141,6390.00,'2017-07-25','2017-07-25',0),(62,1,142,6390.00,'2017-07-25','2017-07-25',0),(63,1,143,6390.00,'2017-07-25','2017-07-25',0),(64,1,144,6390.00,'2017-07-25','2017-07-25',0),(65,1,145,6390.00,'2017-07-25','2017-07-25',0),(66,1,146,7219.99,'2017-07-25','2017-07-25',0),(67,12,4,5849.00,'2017-07-27','2017-07-27',0),(68,12,8,5849.00,'2017-07-27','2017-07-27',0),(69,12,9,5849.00,'2017-07-27','2017-07-27',0),(70,12,11,5849.00,'2017-07-27','2017-07-27',0),(71,12,12,5849.00,'2017-07-27','2017-07-27',0),(72,12,13,5849.00,'2017-07-27','2017-07-27',0),(73,12,16,5849.00,'2017-07-27','2017-07-27',0),(74,12,19,5849.00,'2017-07-27','2017-07-27',0),(75,12,21,5849.00,'2017-07-27','2017-07-27',0),(76,12,22,5849.00,'2017-07-27','2017-07-27',0),(77,12,23,5849.00,'2017-07-27','2017-07-27',0),(78,12,24,5849.00,'2017-07-27','2017-07-27',0),(79,12,25,5849.00,'2017-07-27','2017-07-27',0),(80,12,26,5849.00,'2017-07-27','2017-07-27',0),(81,12,27,5849.00,'2017-07-27','2017-07-27',0),(82,12,28,5849.00,'2017-07-27','2017-07-27',0),(83,12,29,5849.00,'2017-07-27','2017-07-27',0),(84,12,30,5849.00,'2017-07-27','2017-07-27',0),(85,12,31,5849.00,'2017-07-27','2017-07-27',0),(86,12,32,5849.00,'2017-07-27','2017-07-27',0),(87,12,33,5849.00,'2017-07-27','2017-07-27',0),(88,12,34,5849.00,'2017-07-27','2017-07-27',0),(89,12,35,5849.00,'2017-07-27','2017-07-27',0),(90,12,36,5849.00,'2017-07-27','2017-07-27',0);
/*!40000 ALTER TABLE `vehiculo_plan` ENABLE KEYS */;
UNLOCK TABLES;
/*!40103 SET TIME_ZONE=@OLD_TIME_ZONE */;

/*!40101 SET SQL_MODE=@OLD_SQL_MODE */;
/*!40014 SET FOREIGN_KEY_CHECKS=@OLD_FOREIGN_KEY_CHECKS */;
/*!40014 SET UNIQUE_CHECKS=@OLD_UNIQUE_CHECKS */;
/*!40101 SET CHARACTER_SET_CLIENT=@OLD_CHARACTER_SET_CLIENT */;
/*!40101 SET CHARACTER_SET_RESULTS=@OLD_CHARACTER_SET_RESULTS */;
/*!40101 SET COLLATION_CONNECTION=@OLD_COLLATION_CONNECTION */;
/*!40111 SET SQL_NOTES=@OLD_SQL_NOTES */;

-- Dump completed on 2017-08-02  0:44:28
